CTID,LIC1003,LIC1006,LIC1007,LIC1009,LIC1010,LIC1023,LIC1032,LIC1039,LIC1050,LIC1070,LIC1075,LIC1082,LIC1253,LIC1275,LIC1329,LIC1470,LIC1471,LIC1472,LIC1473,LIC1474,LIC1475,LIC1476,LIC1477,LIC1480,LIC1481,LIC1524,LIC1594,LIC1625,LIC1683,LIC1781,LIC2101,LIC3717,LIC4404,LIC4405,LIC4406,LIC4408,LIC4409,LIC7002,LIC7003,LIC7008,LIC7012,LIC7013,LIC7020,LIC8340,LIC8342,LIC8343,LIC8344,LIC8604,LIC_TOTAL
17031010100,0,8,0,0,9,1,0,0,0,0,0,0,0,0,0,0,0,0,0,1,0,0,0,0,0,0,0,0,0,2,0,0,8,0,2,0,0,0,0,0,0,0,0,0,0,0,0,0,31
17031010201,0,6,0,0,13,3,0,0,0,0,0,0,0,0,0,1,0,0,0,0,1,0,0,0,1,0,1,0,0,1,0,0,5,0,1,0,0,0,0,1,0,0,0,1,0,0,0,0,35
17031010202,1,20,0,0,22,2,0,0,1,0,0,0,0,1,0,0,0,0,0,4,0,0,0,0,0,0,0,1,1,7,0,0,2,0,0,0,0,0,0,1,0,0,0,2,0,0,0,1,66
17031010300,2,12,0,0,16,1,1,0,0,0,0,0,0,1,0,3,0,0,0,1,0,0,0,0,0,0,1,0,1,4,0,0,19,0,3,0,0,0,0,0,0,0,0,2,0,0,0,0,67
17031010400,0,20,0,0,9,2,0,0,0,0,0,0,0,0,0,1,1,0,0,1,4,1,0,0,1,0,0,1,0,5,0,0,6,0,2,0,0,0,0,0,0,0,0,0,0,0,2,0,56
17031010501,0,7,0,0,5,3,0,0,1,0,0,0,0,1,0,0,0,0,0,0,0,0,0,0,0,0,0,0,0,3,0,0,4,0,1,0,0,0,0,0,0,0,0,0,0,0,1,0,26
17031010502,0,14,0,0,2,0,0,0,1,0,0,0,0,0,0,0,0,0,0,1,5,0,4,0,0,0,0,0,0,2,0,0,6,0,1,0,0,0,0,0,0,0,0,0,0,0,0,0,36
17031010503,1,16,0,0,7,1,0,0,0,0,0,0,0,0,0,1,0,0,0,1,4,0,1,0,0,0,2,0,1,2,1,0,5,0,1,0,0,0,0,0,0,0,0,0,0,0,0,0,44
17031010600,0,20,0,0,19,1,0,0,3,0,0,0,0,0,0,5,0,0,0,4,4,0,1,0,0,0,0,2,0,6,0,0,11,0,5,0,0,0,0,0,0,0,0,0,0,0,1,0,82
17031010701,0,0,0,0,2,1,0,0,0,0,0,0,0,0,0,0,0,0,0,0,0,0,0,0,0,0,0,0,0,0,0,0,1,0,3,0,0,0,0,0,0,0,0,0,0,0,1,0,8
17031010702,0,38,0,1,44,0,1,0,3,0,0,0,0,0,0,3,1,0,0,1,2,0,0,0,0,0,1,0,1,5,0,0,6,1,2,0,0,0,0,0,0,0,0,12,0,0,0,0,122
17031020100,0,7,0,2,20,1,2,0,0,0,0,0,0,0,0,3,0,0,0,0,0,0,0,0,0,0,0,2,0,1,0,0,3,0,2,0,0,0,0,1,0,0,0,2,0,0,1,0,47
17031020200,0,20,1,0,37,1,1,0,1,0,0,0,0,0,1,2,1,0,0,4,2,0,0,0,0,0,0,0,0,6,0,0,17,0,4,0,0,0,0,0,0,0,0,2,0,0,1,0,101
17031020301,0,8,0,0,2,1,1,0,0,0,0,0,0,0,0,0,0,0,0,0,0,0,0,0,0,0,0,0,0,0,0,0,8,0,0,0,0,0,0,0,0,0,0,0,0,0,0,0,20
17031020302,0,7,0,0,14,3,2,0,0,0,0,0,0,1,0,0,0,0,0,1,0,0,0,0,0,0,0,0,0,3,0,0,15,0,3,0,0,0,0,0,0,0,0,1,0,1,1,0,52
17031020400,0,10,0,0,11,1,0,0,0,0,0,0,0,1,0,1,0,0,0,1,0,0,1,0,0,0,0,0,1,2,0,0,5,0,1,0,0,0,0,0,0,0,0,2,0,0,1,0,38
17031020500,0,27,0,0,33,1,0,0,1,0,0,0,0,0,0,0,0,0,0,2,0,0,0,0,0,0,1,0,0,3,0,0,10,0,1,0,0,0,0,0,0,0,0,3,0,0,0,0,82
17031020601,0,20,0,0,35,2,0,0,0,0,0,0,0,0,0,0,0,0,0,2,0,0,0,0,0,0,0,2,1,4,0,0,7,0,2,0,0,0,0,0,0,0,0,1,0,0,1,0,77
17031020602,1,23,1,0,34,1,0,0,1,1,0,1,0,0,0,1,1,0,0,0,2,0,0,0,0,0,0,0,0,5,0,0,11,0,1,0,0,0,0,0,0,0,0,7,0,0,0,0,91
17031020701,0,13,0,0,46,3,0,0,0,2,0,1,0,0,0,0,0,0,0,1,4,0,0,0,0,0,0,0,0,2,0,0,6,0,0,0,0,0,0,0,0,0,0,3,0,0,0,0,81
17031020702,0,19,0,0,29,4,0,0,1,1,0,0,0,0,0,0,0,0,1,4,4,0,0,0,0,0,0,0,0,4,0,0,7,0,2,0,0,0,0,0,0,0,0,3,0,0,0,0,79
17031020801,0,24,1,0,32,5,2,0,0,1,0,1,0,2,0,2,0,0,0,0,6,0,0,0,0,0,0,1,0,5,0,0,17,0,1,0,0,0,0,0,0,0,0,9,0,0,0,0,109
17031020802,0,42,1,0,84,4,1,0,1,0,0,0,0,3,0,2,0,0,0,4,4,0,0,0,0,0,0,0,3,9,0,0,11,0,2,0,0,0,0,0,0,0,0,6,0,0,0,0,177
17031020901,0,21,0,0,18,1,0,0,0,0,0,0,0,0,0,1,0,0,0,1,0,0,1,0,0,0,0,0,0,5,0,0,4,0,2,0,0,0,0,0,0,0,0,4,0,0,1,0,59
17031020902,0,12,0,0,11,0,0,0,0,0,0,0,0,2,0,0,0,0,0,3,0,0,0,0,0,0,0,2,1,4,0,0,7,1,0,0,0,0,0,0,0,0,0,2,0,0,0,0,45
17031030101,2,12,0,0,10,0,1,0,0,0,0,0,0,0,0,1,0,0,0,5,2,0,0,0,0,0,0,0,1,3,0,0,10,0,2,0,0,0,0,0,0,0,0,0,0,0,0,0,49
17031030102,1,18,0,0,8,0,0,0,0,0,0,0,0,0,0,1,0,0,0,0,3,0,1,0,0,0,0,0,0,6,0,0,4,0,0,0,0,0,0,0,0,0,0,2,0,1,2,0,47
17031030103,0,9,0,0,0,1,0,0,0,0,0,0,0,0,0,0,0,0,0,0,2,0,1,0,0,0,0,1,1,1,0,0,3,0,1,0,0,0,0,0,0,0,0,2,0,0,0,1,23
17031030104,0,3,0,0,0,0,0,0,0,0,0,0,0,0,0,0,0,0,0,0,0,0,0,0,0,0,0,0,0,0,0,0,1,0,0,0,0,0,0,0,0,0,0,0,0,0,0,0,4
17031030200,0,33,0,0,35,4,2,0,2,0,0,0,0,0,0,3,0,0,0,1,6,0,1,0,1,0,0,3,3,4,0,0,10,1,1,0,0,0,0,0,0,0,0,5,0,0,0,1,116
17031030300,0,9,0,0,10,1,1,0,2,0,0,0,0,2,0,3,0,0,0,0,2,0,0,0,0,0,0,0,0,2,0,0,9,0,1,0,0,0,0,0,0,0,0,8,0,0,0,0,50
17031030400,0,17,0,1,17,0,0,0,0,0,0,0,0,0,0,1,1,0,0,1,1,0,1,0,0,0,0,0,0,1,0,0,10,0,1,0,0,0,0,0,0,0,0,3,0,0,0,1,56
17031030500,0,22,0,0,20,4,0,0,0,0,0,0,0,0,0,1,0,0,0,1,8,0,1,0,0,0,0,0,0,3,0,0,16,0,4,0,0,0,0,0,0,0,0,2,0,0,0,0,82
17031030601,0,3,1,0,1,0,0,0,0,0,0,0,0,0,0,0,0,0,0,0,0,0,0,0,0,0,0,0,0,0,0,0,5,0,0,0,0,0,0,1,0,0,0,0,0,1,1,1,14
17031030603,0,10,0,0,11,1,0,0,1,0,0,0,0,1,0,0,0,0,0,0,1,0,0,0,0,0,0,0,0,1,0,0,5,0,0,0,0,0,0,0,0,0,0,2,0,0,0,0,33
17031030604,1,3,0,0,2,0,0,0,1,0,0,0,0,0,0,0,0,0,0,1,1,0,0,0,0,0,0,0,0,2,0,0,6,0,2,0,0,0,0,1,0,0,0,0,0,0,0,0,20
17031030701,0,13,0,0,14,0,0,0,0,0,0,0,0,0,0,0,0,0,0,2,2,0,0,0,0,0,0,1,0,4,0,0,4,0,0,0,0,0,0,0,0,0,0,0,0,0,0,0,40
17031030702,2,2,0,0,4,0,0,0,0,0,0,0,0,0,0,0,0,0,0,2,0,0,0,0,0,0,0,0,0,1,0,0,5,0,0,0,0,0,0,0,0,0,0,0,0,0,0,0,16
17031030703,0,14,0,0,8,2,1,0,2,0,0,0,0,0,0,0,0,0,0,1,4,0,0,0,0,0,0,1,0,2,0,0,7,0,1,0,0,0,0,0,0,0,0,4,0,0,1,0,48
17031030706,1,6,0,0,7,0,0,0,0,0,0,0,0,0,0,0,0,0,2,2,3,0,2,0,0,0,0,1,0,1,0,0,2,0,0,0,0,0,0,0,0,0,0,0,0,0,1,0,28
17031030800,0,38,2,1,51,2,2,0,2,1,0,0,0,0,0,1,0,1,0,1,16,0,5,0,0,0,0,3,1,4,0,0,17,0,3,0,0,0,0,1,0,0,0,1,0,0,3,0,156
17031030900,0,31,0,0,28,1,1,0,2,0,0,0,0,1,0,5,0,0,0,4,15,1,4,0,0,0,0,1,0,3,0,0,9,0,0,0,0,0,0,0,0,0,0,1,0,0,0,0,107
17031031000,0,15,0,0,37,3,4,0,2,0,0,0,0,3,0,0,0,0,0,4,4,0,1,0,0,0,0,1,0,4,0,0,15,0,1,0,0,0,0,0,0,0,0,9,0,0,0,0,103
17031031100,0,22,1,0,30,1,0,0,4,0,0,0,0,3,0,5,1,0,0,2,5,0,1,0,0,0,0,2,0,4,0,0,18,0,1,0,0,0,0,0,0,0,0,2,0,0,0,0,102
17031031200,0,66,3,0,55,5,0,0,3,0,0,0,0,0,0,3,1,0,0,2,13,0,3,0,0,0,0,2,0,7,0,0,13,0,4,0,0,0,0,0,0,0,0,4,0,0,0,1,185
17031031300,0,3,0,0,7,0,0,0,0,0,0,0,0,0,0,0,0,0,0,0,0,0,0,0,0,0,0,0,0,1,0,0,13,0,2,0,0,0,0,0,0,0,0,0,0,0,0,0,26
17031031400,7,9,0,0,6,2,0,0,0,0,0,0,0,1,0,0,0,0,1,2,1,0,0,0,1,0,0,0,0,5,1,0,10,0,1,0,1,0,0,0,0,0,0,0,0,1,2,0,51
17031031501,1,6,0,0,5,1,0,0,0,0,0,0,0,0,0,0,0,0,0,0,0,0,0,0,0,0,0,0,0,2,0,0,6,0,2,0,0,0,0,0,0,0,0,0,0,0,1,0,24
17031031502,0,14,0,0,16,1,0,0,1,0,0,0,0,0,0,0,0,0,0,0,2,0,0,0,0,0,1,0,0,4,0,0,7,0,2,0,0,0,0,0,0,0,0,0,0,0,0,0,48
17031031700,0,23,0,0,41,1,0,0,2,0,0,0,0,0,0,2,1,0,0,1,4,0,1,0,1,0,0,1,0,4,0,0,19,0,6,0,0,0,0,0,0,0,0,4,0,0,0,0,111
17031031800,0,8,0,1,14,5,0,0,0,0,0,0,0,0,0,0,0,0,0,0,1,0,0,0,0,0,0,1,1,0,0,0,4,0,0,0,0,0,0,0,0,0,0,3,0,0,1,0,39
17031031900,0,8,2,1,35,0,1,0,1,0,0,0,0,0,0,0,0,0,0,1,5,0,0,0,0,0,0,0,0,3,0,0,7,0,1,0,0,0,0,1,0,0,0,0,0,0,2,0,68
17031032100,0,18,0,0,18,1,2,0,1,0,0,0,0,0,0,2,0,0,0,5,3,0,0,0,0,0,0,1,1,7,0,0,18,0,3,0,0,0,0,0,0,0,0,1,0,0,2,1,84
17031040100,0,7,1,3,25,1,3,0,0,0,0,0,0,1,0,6,0,0,0,1,2,0,1,0,0,0,0,0,0,1,0,0,11,0,0,0,0,0,0,0,0,0,0,3,0,0,0,0,66
17031040201,1,32,0,0,35,3,1,0,0,0,0,0,0,0,0,3,1,1,0,6,6,0,0,0,0,0,0,2,0,6,0,0,16,0,2,0,0,0,0,1,0,0,0,2,0,0,0,1,119
17031040202,1,22,0,0,26,0,1,0,4,0,0,0,0,1,0,1,2,1,0,3,4,0,0,0,0,0,0,1,0,5,0,0,16,0,1,0,0,0,0,0,0,0,0,9,0,0,0,0,98
17031040300,1,2,0,0,2,1,0,0,0,0,0,0,0,1,0,0,0,0,0,0,0,0,0,0,0,0,0,0,0,1,0,0,11,0,1,0,0,0,0,0,0,0,1,0,0,0,0,0,21
17031040401,0,8,0,0,16,1,1,0,0,0,0,0,0,0,0,0,0,0,0,2,2,0,0,0,0,0,0,1,0,2,0,0,9,0,1,0,0,0,0,1,0,0,0,4,0,0,1,0,49
17031040402,0,21,0,0,27,1,0,0,0,0,0,0,0,0,0,1,0,0,1,3,4,0,2,0,0,0,0,0,2,3,0,0,15,0,0,0,0,0,0,0,0,0,0,1,0,1,0,0,82
17031040600,0,36,0,1,46,5,0,0,3,0,0,0,0,1,2,4,0,0,0,4,13,2,1,0,0,0,0,0,1,3,0,0,14,0,3,0,1,0,0,1,0,0,0,1,0,0,1,0,143
17031040700,0,36,0,0,23,2,1,0,0,0,0,0,0,0,1,1,0,0,0,2,6,0,0,0,0,0,0,1,0,4,0,0,15,0,2,0,0,0,0,0,0,0,0,1,0,0,0,0,95
17031040800,0,3,0,0,5,0,0,0,0,0,0,0,0,0,0,1,0,0,0,0,0,0,0,0,0,0,0,1,0,0,0,0,3,0,0,0,0,0,0,0,0,0,0,0,0,0,0,0,13
17031040900,0,15,0,0,16,0,2,0,2,0,0,0,0,0,0,1,0,1,1,0,10,0,5,0,0,0,0,1,0,0,0,0,3,0,1,0,0,0,0,0,0,0,0,0,0,0,0,0,58
17031050100,0,14,0,2,23,1,0,0,1,0,0,0,0,0,0,5,1,0,0,1,4,0,0,0,0,0,0,1,1,1,0,0,6,0,0,0,0,0,0,0,0,0,0,1,0,0,0,0,62
17031050200,0,35,0,0,49,1,0,0,1,0,0,0,0,0,0,5,0,1,0,4,13,0,6,0,0,0,0,2,0,4,0,0,30,0,2,0,0,0,0,0,0,0,0,6,0,0,2,0,161
17031050300,0,9,0,2,16,1,4,0,0,0,0,0,0,2,0,0,0,0,0,1,0,0,0,0,0,0,0,0,0,2,0,0,16,0,0,0,0,0,0,0,0,0,0,4,0,1,0,0,58
17031050500,0,12,0,0,31,4,0,0,0,0,0,0,0,1,0,3,0,1,0,2,2,0,1,0,1,0,0,1,1,3,0,0,10,0,1,0,0,0,0,1,0,0,0,0,0,0,0,0,75
17031050600,0,24,0,0,34,5,4,0,4,0,0,0,0,0,0,4,0,0,0,3,11,0,1,0,0,0,0,1,1,3,0,0,6,0,0,0,0,0,0,1,0,0,0,5,0,0,1,0,108
17031050700,0,3,0,0,7,1,0,0,0,0,0,0,0,0,0,1,0,0,0,0,1,0,0,0,0,0,0,0,0,0,0,0,5,0,1,0,0,0,0,0,0,0,0,0,0,0,0,0,19
17031050800,0,11,0,0,15,0,0,0,0,0,0,0,0,0,0,2,0,0,0,0,7,0,1,0,1,0,0,1,0,0,0,0,5,0,1,0,0,0,0,0,0,0,0,0,0,0,0,0,44
17031050900,0,7,0,0,9,0,0,0,0,0,0,0,0,0,0,1,0,0,0,1,1,0,0,0,0,0,0,0,0,1,0,0,0,0,0,0,0,0,0,0,0,0,0,4,0,0,1,0,25
17031051000,1,4,0,0,12,1,1,0,0,0,0,0,0,0,0,3,2,0,0,0,1,0,0,0,1,0,0,0,0,0,0,0,7,0,0,0,0,0,0,0,0,0,0,2,0,0,0,0,35
17031051100,0,14,0,0,22,2,0,0,1,0,0,0,0,1,0,2,0,0,0,1,4,0,2,0,0,0,0,0,1,2,0,0,6,0,0,0,0,0,0,0,0,0,0,0,0,0,1,1,60
17031051200,0,2,0,0,2,0,0,0,0,0,0,0,0,0,0,2,0,0,0,1,0,0,0,0,0,0,0,0,0,0,0,0,8,0,0,0,0,0,0,0,0,0,0,3,0,0,0,0,18
17031051300,0,2,0,0,5,1,0,0,0,0,0,0,0,1,0,0,0,0,0,0,0,0,0,0,0,0,0,0,0,1,0,0,16,0,0,0,0,0,0,0,0,0,0,0,0,0,0,0,26
17031051400,0,2,0,0,6,3,2,0,0,0,0,0,0,0,0,0,0,0,0,1,0,0,0,0,0,0,0,0,0,1,0,0,13,0,0,0,0,0,0,0,0,0,0,0,0,0,0,0,28
17031060100,1,11,0,0,7,0,0,0,1,0,0,0,0,2,0,0,0,0,0,2,2,0,0,0,1,0,0,1,0,3,0,0,1,0,2,0,0,0,0,0,0,0,0,0,0,0,0,0,34
17031060200,0,8,0,3,43,1,0,0,1,0,0,0,0,0,0,1,0,0,0,0,2,0,3,0,0,0,0,3,2,0,0,0,14,0,1,0,0,0,0,0,0,0,0,0,0,1,1,0,84
17031060300,1,9,0,3,32,4,2,0,0,0,0,0,0,1,0,2,0,0,0,1,2,0,1,0,0,0,0,2,0,2,0,0,5,0,0,0,0,0,0,0,0,0,0,1,0,0,0,0,68
17031060400,2,17,0,0,25,1,4,0,0,0,0,0,0,0,0,2,1,0,0,2,4,0,1,0,0,0,0,2,0,2,0,0,12,0,2,0,0,0,0,0,0,0,0,2,0,0,0,0,79
17031060500,1,7,1,0,4,2,0,0,3,0,0,0,0,0,0,1,0,0,0,1,3,0,0,0,0,0,0,0,0,1,0,0,2,0,0,0,0,0,0,0,0,0,0,1,0,0,0,0,27
17031060800,3,6,0,0,5,0,0,0,0,0,0,0,0,0,0,0,0,0,0,4,1,0,0,0,0,0,0,0,0,5,0,0,3,0,1,0,0,0,0,0,0,0,0,0,0,0,1,0,29
17031060900,3,16,0,1,21,0,1,0,4,0,0,0,0,0,0,4,2,0,0,4,4,0,0,0,0,0,0,0,0,6,0,0,25,0,3,0,0,0,0,0,0,0,0,0,0,0,0,1,95
17031061000,5,9,0,0,11,1,1,0,2,0,0,0,0,0,0,4,0,0,0,2,2,0,2,5,1,0,0,1,0,1,0,0,7,0,0,0,0,0,0,0,0,0,0,0,0,0,2,0,56
17031061100,9,31,0,0,10,0,0,0,14,0,0,0,0,0,1,11,3,2,0,0,21,0,15,6,3,0,0,1,0,3,1,0,2,0,3,0,0,0,0,0,0,0,0,0,0,0,0,0,136
17031061200,0,15,0,0,12,1,0,0,3,0,0,0,0,0,0,1,0,0,0,2,6,0,1,0,0,0,0,0,0,0,1,0,6,0,0,0,0,0,0,0,0,0,1,0,0,0,2,0,51
17031061500,0,9,0,0,12,0,0,0,2,0,0,0,0,0,0,0,0,0,0,1,5,0,0,0,0,0,0,0,0,0,0,0,1,0,0,0,0,0,0,0,0,0,0,0,0,0,1,0,31
17031061800,0,12,0,0,4,0,0,0,1,0,0,0,0,0,0,3,1,0,0,1,2,0,0,0,0,0,0,0,0,2,0,0,4,0,0,0,0,0,0,0,0,0,0,0,0,0,0,0,30
17031061901,0,13,0,0,13,1,2,0,1,0,0,0,0,0,0,1,1,1,0,1,4,0,0,0,0,0,0,0,0,1,0,0,8,0,1,0,0,0,0,0,0,0,0,0,0,0,0,0,48
17031061902,2,1,0,0,2,0,0,0,0,0,0,0,0,0,0,0,0,0,0,0,1,0,1,0,0,0,0,1,0,0,0,0,5,0,3,0,0,0,0,0,0,0,0,0,0,0,0,0,16
17031062000,1,20,0,0,20,0,0,0,8,0,0,0,0,0,0,5,0,0,0,2,8,0,5,0,0,0,0,0,0,1,1,0,7,0,0,0,0,0,0,1,0,0,0,1,0,0,0,1,81
17031062100,2,43,0,0,26,0,0,0,8,0,0,0,0,0,2,8,2,2,0,2,20,0,9,0,2,0,0,0,1,12,0,0,8,0,0,0,0,0,0,0,0,0,0,0,0,0,0,0,147
17031062200,3,15,0,0,12,5,0,0,3,0,0,0,0,0,0,3,2,0,0,1,8,0,3,0,0,0,0,1,0,3,0,0,5,0,2,0,0,0,0,0,0,0,0,1,0,0,2,0,69
17031062300,0,9,0,0,12,3,1,0,2,0,0,0,0,1,0,1,0,0,0,1,4,0,1,0,0,0,0,0,0,1,0,0,3,0,0,0,0,0,0,0,0,0,0,0,0,0,0,1,40
17031062400,0,7,0,0,8,0,1,0,0,0,0,0,0,0,0,1,0,0,0,2,3,0,1,0,0,0,0,0,0,1,0,0,5,0,1,0,0,0,0,0,0,0,0,0,0,0,0,0,30
17031062500,0,15,0,0,31,1,0,0,2,0,0,0,0,0,0,5,0,0,0,2,4,0,0,0,0,0,0,0,1,0,0,0,14,0,0,0,0,0,0,0,0,0,0,0,0,0,0,0,75
17031062600,0,9,0,1,23,1,3,0,0,0,0,0,0,0,0,1,0,0,0,3,1,0,1,0,0,0,0,1,0,3,0,0,6,0,0,0,0,0,0,0,0,0,0,0,0,0,1,2,56
17031062700,0,29,1,0,37,1,0,0,1,0,0,0,0,1,0,3,0,0,0,4,11,0,2,0,0,0,1,3,1,2,0,0,14,0,1,0,0,0,0,0,0,0,0,1,0,0,0,0,113
17031062800,1,18,0,0,18,1,4,0,4,0,0,0,0,0,0,6,0,1,0,0,8,0,4,0,0,0,0,0,0,0,0,0,11,0,3,0,0,0,0,0,0,0,0,0,0,0,2,0,81
17031062900,1,16,0,0,21,0,1,0,2,0,0,0,0,1,0,2,0,0,0,2,5,0,1,0,0,0,0,0,2,4,0,0,16,0,2,0,0,0,0,0,0,0,0,0,0,0,2,0,78
17031063000,4,43,0,1,29,1,1,0,5,0,0,0,0,0,0,5,0,2,0,4,10,0,2,0,0,0,0,0,2,5,1,0,10,0,0,0,0,0,0,0,0,0,0,1,0,0,0,0,126
17031063100,1,31,0,0,27,0,0,0,3,0,0,0,0,0,0,5,0,0,0,4,6,0,0,0,0,0,0,0,1,4,0,0,9,0,0,0,0,0,0,0,0,0,0,0,0,0,0,1,92
17031063200,2,17,0,0,21,0,0,0,0,0,0,0,0,0,0,2,0,1,0,4,2,0,1,0,2,0,0,0,0,3,0,0,17,2,0,0,0,0,0,0,0,0,0,0,0,0,5,1,80
17031063301,1,18,0,0,16,0,0,0,0,0,0,0,0,0,0,2,1,0,0,1,7,0,1,0,0,0,0,0,0,2,0,0,6,0,0,0,0,0,0,0,0,0,0,0,0,0,0,0,55
17031063302,3,9,0,0,8,1,0,0,1,0,0,0,0,0,0,0,0,0,0,4,2,0,0,0,0,0,0,1,0,4,1,0,7,0,2,0,0,0,0,0,0,0,0,0,0,0,0,0,43
17031063303,3,4,0,0,1,0,0,0,0,0,0,0,0,0,0,0,0,0,0,0,2,0,0,0,0,0,0,0,0,0,1,0,2,0,0,0,0,0,0,0,0,0,0,0,0,0,0,0,13
17031063400,1,36,0,0,27,2,1,0,6,0,0,0,0,0,1,1,0,0,0,3,19,0,5,0,0,0,0,1,0,4,1,0,17,2,2,0,0,0,0,0,0,0,0,0,0,0,1,0,130
17031070101,2,21,0,0,4,0,0,0,2,0,0,0,0,1,0,3,0,1,1,2,9,0,4,0,1,0,0,1,0,3,0,0,6,0,1,0,0,0,0,0,0,0,0,0,0,0,3,0,65
17031070102,3,14,0,0,17,0,0,0,0,0,0,0,0,0,0,1,1,0,0,2,3,0,0,0,0,0,0,1,1,3,1,0,11,0,2,0,0,0,0,0,0,0,0,0,0,0,0,1,61
17031070103,0,10,0,0,14,0,0,0,0,0,0,0,0,0,0,0,0,0,0,1,6,0,3,0,0,0,0,1,0,2,2,0,6,0,0,0,1,0,0,0,0,0,0,0,0,0,0,0,46
17031070200,0,33,0,0,37,3,0,0,1,0,0,0,0,0,0,4,0,0,0,3,9,0,2,0,1,0,1,0,1,2,1,0,14,0,3,0,0,0,0,0,0,0,1,0,0,0,1,0,117
17031070300,1,33,0,0,24,3,1,0,6,0,0,0,0,0,2,5,2,3,0,2,14,0,4,0,0,0,0,0,0,4,0,0,6,0,0,0,0,0,0,0,0,0,0,1,0,0,2,1,114
17031070400,0,11,0,0,15,1,0,0,1,0,0,0,0,1,0,3,1,0,0,2,3,0,0,0,0,0,0,0,0,3,0,0,15,0,0,0,0,0,0,0,0,0,0,2,0,0,1,0,59
17031070500,0,3,0,0,5,2,0,0,0,0,0,0,0,0,0,0,0,0,1,1,1,0,0,0,0,0,0,0,0,2,0,0,5,0,0,0,0,0,0,1,0,0,0,0,0,0,0,0,21
17031070600,0,12,0,0,13,1,1,0,0,0,0,0,0,0,0,1,0,1,0,1,3,1,1,0,1,0,0,0,0,1,0,0,14,0,0,0,0,0,0,0,0,0,0,2,0,0,1,0,54
17031070700,0,18,0,0,27,0,2,0,1,0,0,0,0,1,0,3,0,0,1,3,1,0,0,0,0,0,0,0,1,2,0,0,10,0,1,0,0,0,0,0,0,0,0,2,0,0,2,0,75
17031071000,1,12,0,0,11,0,0,0,0,0,0,0,0,0,0,2,0,0,0,0,7,0,0,0,1,0,0,1,0,1,0,0,7,0,1,0,0,0,0,0,0,0,0,0,0,0,0,0,44
17031071100,1,34,0,0,34,0,0,0,6,0,0,0,0,0,0,5,2,0,0,5,11,0,4,0,1,0,0,0,0,4,2,0,9,0,0,0,0,0,0,0,0,0,0,0,0,0,0,0,118
17031071200,1,24,0,0,12,1,1,0,4,0,0,0,0,0,0,4,1,0,0,0,7,0,0,0,0,0,0,2,0,3,0,0,9,0,2,0,0,0,0,0,0,0,0,0,0,0,0,0,71
17031071300,1,10,0,0,16,1,0,0,0,0,0,0,0,0,0,1,1,0,0,2,1,0,1,0,0,0,0,0,0,3,0,0,7,0,0,0,0,0,0,0,0,0,0,0,0,0,1,0,45
17031071400,3,26,0,0,21,1,0,0,1,0,0,0,0,0,0,0,0,1,0,1,14,0,3,0,1,0,0,0,0,1,5,0,6,0,3,0,0,0,0,0,0,0,0,0,0,1,0,0,88
17031071500,4,26,0,0,27,3,0,0,5,0,0,0,0,2,1,0,0,0,0,3,16,2,4,0,0,0,0,0,0,3,2,0,19,0,1,0,1,0,0,0,0,0,0,0,0,0,0,0,119
17031071600,0,3,0,0,1,1,0,0,0,0,0,0,0,0,0,0,0,0,0,0,1,0,0,0,0,0,0,0,0,0,0,0,3,0,0,0,0,0,0,0,0,0,0,0,0,0,0,0,9
17031071700,0,1,0,0,2,1,0,0,0,0,0,0,0,0,0,0,0,0,0,0,1,0,0,0,0,0,0,3,0,0,0,0,3,0,0,0,0,0,0,0,0,0,0,0,0,0,0,0,11
17031071800,1,15,0,0,14,2,0,0,2,0,0,0,0,0,0,3,0,0,0,0,7,0,3,0,0,0,0,1,0,0,4,0,4,0,0,0,0,0,0,0,0,0,0,0,0,0,1,0,57
17031080100,7,5,0,0,8,1,0,0,0,0,0,0,0,0,0,0,0,0,0,2,4,0,0,0,0,0,0,2,0,2,1,0,19,0,2,0,0,0,0,0,0,0,0,0,0,0,1,0,54
17031080201,4,7,0,0,5,3,1,0,0,0,0,0,0,0,0,0,0,0,0,1,1,0,0,0,1,0,0,0,0,1,2,0,8,0,1,0,0,0,0,0,0,0,0,0,0,0,1,0,36
17031080202,4,16,0,0,14,0,0,0,4,0,0,0,0,0,0,5,3,0,1,2,8,0,0,0,0,0,0,0,0,3,2,0,4,0,0,0,0,0,0,0,0,0,0,0,0,0,1,0,67
17031080300,4,64,0,0,57,0,3,0,8,0,0,0,0,0,0,5,2,0,0,4,28,0,7,0,1,0,0,1,0,9,3,0,19,1,0,0,0,0,0,1,0,0,0,1,0,0,0,0,218
17031080400,0,12,0,1,23,1,1,0,1,0,0,0,0,0,0,0,0,0,0,1,1,0,0,0,1,1,0,0,0,1,0,0,9,0,0,0,0,0,0,0,0,0,0,0,0,0,0,0,53
17031081000,3,25,0,0,47,2,3,0,1,0,0,0,0,0,0,0,0,0,0,4,5,0,2,0,1,0,0,1,0,3,5,0,17,0,5,0,0,0,0,1,0,0,0,0,0,0,0,0,125
17031081100,3,28,0,0,35,1,0,0,7,0,0,0,0,0,0,8,8,2,0,1,14,0,2,0,0,0,0,0,0,4,5,0,13,0,2,0,0,0,0,0,0,0,0,0,0,0,1,0,134
17031081201,10,57,0,0,172,3,0,0,4,0,0,0,0,0,0,2,4,1,0,2,46,0,11,0,5,0,0,3,4,10,25,0,36,0,2,0,0,0,0,0,0,0,0,0,0,0,2,0,399
17031081202,5,16,0,0,9,0,0,0,1,0,0,0,0,0,0,0,0,0,1,0,12,0,0,0,0,0,0,0,0,2,4,0,6,0,1,0,0,0,0,0,0,0,0,0,0,0,0,0,57
17031081300,13,51,0,0,121,1,0,0,8,0,0,0,0,0,0,2,0,1,0,7,34,0,6,0,1,0,0,4,2,4,9,0,23,0,1,0,0,0,0,0,0,0,0,0,0,0,2,0,290
17031081401,13,58,0,0,56,1,0,0,4,0,0,0,0,0,0,0,0,0,0,3,31,0,9,0,5,1,0,3,0,2,17,1,21,0,2,0,0,0,0,0,0,0,0,0,2,0,2,0,231
17031081402,8,31,0,0,31,1,1,0,5,0,0,0,0,0,1,2,0,0,0,1,12,0,1,0,1,0,0,0,0,0,0,0,10,0,1,2,1,0,0,0,0,0,3,0,0,0,0,0,112
17031081403,17,93,0,0,140,2,2,0,15,0,0,0,0,0,0,5,2,0,1,7,77,0,11,0,6,0,0,5,0,11,13,0,47,0,1,0,0,0,0,0,0,0,5,0,0,0,4,0,464
17031081500,12,118,0,0,210,0,0,0,17,0,0,0,0,0,1,4,1,0,1,12,84,0,12,0,6,0,0,1,0,5,29,0,41,1,0,0,0,0,0,0,0,0,1,0,0,0,2,0,558
17031081600,8,62,0,0,58,0,0,0,22,0,0,0,0,0,0,8,5,0,0,8,42,0,16,0,6,0,0,1,0,7,19,0,22,1,0,0,0,0,0,0,0,0,0,0,0,0,1,0,286
17031081700,16,131,1,0,204,1,2,0,40,0,0,0,0,1,1,20,10,2,0,6,86,0,18,0,20,0,0,7,1,13,47,0,47,1,2,0,0,1,0,0,0,0,0,1,0,1,2,0,682
17031081800,24,97,0,2,449,5,4,0,14,0,0,0,0,2,0,10,6,0,0,12,37,0,5,0,5,0,0,9,1,15,15,0,67,0,0,0,0,0,1,1,0,0,0,1,2,1,4,1,790
17031081900,1,6,0,0,6,0,0,0,1,0,0,0,0,0,0,0,0,0,0,1,2,0,1,0,1,0,0,0,0,0,0,0,7,0,0,0,0,0,0,0,0,0,0,0,0,0,0,0,26
17031090100,0,9,0,0,19,0,1,0,0,0,0,0,0,0,0,0,0,0,0,0,0,0,0,0,0,0,0,1,0,0,0,0,10,0,1,0,0,0,0,0,0,0,0,2,0,0,0,0,43
17031090200,0,27,0,1,36,3,1,0,4,0,0,0,0,1,0,2,0,0,0,2,10,0,2,0,1,0,0,0,0,3,7,0,11,0,1,0,0,0,0,0,0,0,0,1,0,2,2,0,117
17031090300,0,2,0,2,17,2,1,0,0,0,0,0,0,0,0,0,0,0,0,0,0,0,0,0,0,0,0,0,0,0,0,0,6,0,0,0,0,0,0,0,0,0,0,0,0,1,0,0,31
17031100100,0,17,1,4,53,2,1,0,0,0,0,0,0,0,0,4,0,0,0,1,3,0,2,0,0,0,0,0,0,2,0,0,15,0,2,0,0,0,0,0,0,0,0,9,0,0,0,0,116
17031100200,0,19,0,4,50,0,5,0,1,0,0,0,0,1,0,5,0,0,1,4,5,0,2,0,0,0,0,0,0,5,0,0,20,0,3,0,0,0,0,0,0,0,0,10,0,0,0,0,135
17031100300,0,2,0,0,8,1,0,0,0,0,0,0,0,0,0,0,0,0,0,0,0,0,0,0,0,0,0,2,0,0,0,0,15,0,0,0,0,0,0,0,0,0,0,0,0,0,0,0,28
17031100400,0,4,0,0,7,2,0,0,0,0,0,0,0,0,0,0,0,0,0,1,0,0,0,0,0,0,0,0,0,1,1,1,8,0,1,0,0,0,0,0,0,0,0,0,0,0,1,0,27
17031100500,0,8,0,0,16,1,1,0,0,0,0,0,0,1,0,0,0,0,0,1,1,0,0,0,0,0,0,2,0,3,0,0,19,0,0,0,0,0,0,0,0,0,0,0,0,0,0,0,53
17031100600,0,24,0,0,46,3,2,0,1,0,0,0,0,1,0,5,1,0,0,2,4,0,1,0,0,0,0,0,2,2,0,0,9,0,2,0,0,0,0,0,0,0,0,3,0,0,0,0,108
17031100700,0,2,0,0,6,0,0,0,0,0,0,0,0,0,0,0,0,0,0,1,0,0,0,0,0,0,0,0,0,1,0,0,10,0,0,0,0,0,0,0,0,0,0,0,0,0,1,0,21
17031110100,0,17,0,3,28,2,0,0,0,0,0,0,0,0,0,4,0,0,0,2,5,0,1,0,0,0,0,0,0,2,0,0,13,0,0,0,0,0,0,0,0,0,0,10,0,1,0,0,88
17031110200,0,25,2,12,47,2,0,0,1,0,0,0,0,1,0,4,1,0,0,3,6,0,1,0,0,0,0,0,0,3,0,0,9,0,0,0,0,0,0,0,0,0,0,2,0,0,0,1,120
17031110300,0,8,0,0,17,1,0,0,0,0,0,0,0,1,0,1,0,0,0,3,1,0,0,0,0,0,0,0,0,3,0,0,15,0,0,0,0,0,0,0,0,0,0,1,0,0,0,0,51
17031110400,0,6,1,1,7,1,0,0,0,0,0,0,0,1,0,1,0,0,0,1,1,0,0,0,0,0,0,1,0,3,0,0,8,0,5,0,0,0,0,0,0,0,0,2,0,0,0,0,39
17031110501,0,2,0,1,16,1,1,0,0,0,0,0,0,0,0,0,0,0,0,1,0,0,0,0,0,0,0,2,0,1,0,0,16,0,2,0,0,0,0,1,0,0,0,3,0,0,1,0,48
17031110502,2,18,0,0,31,1,1,0,2,0,0,0,0,0,0,2,0,0,0,4,3,0,0,0,0,0,0,0,0,6,0,0,8,0,0,0,0,0,0,0,0,0,0,1,0,0,0,2,81
17031120100,0,3,0,0,10,1,1,0,0,0,0,0,0,0,0,0,0,0,0,0,0,0,0,0,0,0,0,1,1,2,0,0,9,0,0,0,0,0,0,0,0,0,0,0,0,0,1,0,29
17031120200,0,21,0,0,46,3,1,0,0,0,0,0,0,1,0,0,0,0,0,3,3,0,0,0,0,0,0,1,2,1,0,0,12,0,3,0,0,0,0,0,0,0,0,1,0,0,0,0,98
17031120300,0,8,0,0,41,2,0,0,0,0,0,0,0,0,0,0,0,0,0,2,0,0,0,0,0,0,0,0,0,1,0,0,23,0,1,0,0,0,0,0,0,0,0,0,0,0,1,0,79
17031120400,0,11,0,0,25,1,2,0,0,0,0,0,0,2,0,1,0,0,0,1,0,0,0,0,0,0,0,0,0,5,0,0,14,0,1,0,0,0,0,0,0,0,0,2,0,0,0,0,65
17031130100,0,26,0,0,44,3,0,0,1,0,0,0,0,0,0,0,0,0,0,0,3,0,0,0,0,0,0,0,0,1,0,0,13,0,0,0,0,0,0,0,0,0,0,4,0,0,0,0,95
17031130200,1,12,1,3,18,2,0,0,0,2,0,1,0,1,0,1,0,0,0,3,1,0,0,0,0,0,0,0,0,3,0,0,8,0,0,0,0,0,0,0,0,0,0,0,0,0,0,0,57
17031130300,0,14,0,0,19,1,0,0,0,0,0,0,0,0,0,0,0,0,0,0,3,0,1,0,0,0,0,0,0,2,0,0,8,0,2,0,0,0,0,0,0,0,0,3,0,0,0,0,53
17031140100,0,11,0,0,8,0,0,0,0,0,0,0,0,0,0,0,0,0,0,0,0,0,0,0,0,0,0,0,1,2,0,0,9,0,1,0,0,0,0,0,0,0,0,4,0,0,1,3,40
17031140200,0,23,0,0,31,0,0,0,1,0,0,0,0,0,0,0,0,0,0,1,3,0,0,0,0,0,0,0,2,4,0,0,9,0,3,0,0,0,0,0,0,0,0,0,0,0,0,2,79
17031140301,0,30,0,0,29,0,0,0,1,0,0,0,0,0,0,1,0,0,0,2,2,0,0,0,0,0,0,0,0,9,0,0,4,4,1,0,0,0,0,0,0,0,0,1,0,0,0,0,84
17031140302,0,1,0,0,1,0,0,0,0,0,0,0,0,0,0,0,0,0,0,0,0,0,0,0,0,0,0,0,0,0,0,0,6,0,3,0,0,0,0,0,0,0,0,0,0,0,1,0,12
17031140400,1,22,3,4,67,1,2,0,0,1,0,1,0,0,0,2,0,1,0,2,2,0,0,0,0,0,0,1,1,3,0,0,20,0,0,0,0,0,0,0,0,0,0,10,0,0,0,0,144
17031140500,0,18,0,2,34,0,0,0,0,0,0,0,0,1,0,1,0,0,0,2,2,0,0,0,0,0,0,0,1,3,0,0,14,0,1,0,0,0,0,0,0,0,0,5,0,0,1,0,85
17031140601,0,15,1,0,25,1,1,0,1,0,0,0,0,1,0,0,0,0,0,1,1,0,0,0,0,0,0,0,0,6,0,0,8,0,1,0,0,0,0,0,0,0,0,6,0,0,0,0,68
17031140602,0,11,0,1,20,1,1,0,0,0,0,0,0,0,0,0,0,0,0,0,0,0,0,0,0,0,0,0,2,4,0,0,6,0,4,0,0,0,0,0,0,0,0,1,0,0,0,1,52
17031140701,0,31,0,0,36,0,0,0,0,0,0,0,0,0,0,0,0,0,0,2,1,0,0,0,0,0,1,0,1,7,0,0,7,0,4,0,0,0,0,0,0,0,0,0,0,0,0,1,91
17031140702,0,28,0,1,30,1,0,0,0,0,0,0,0,0,0,0,0,0,0,3,2,0,1,0,0,0,0,0,0,6,0,0,17,0,1,0,0,0,0,0,0,0,0,3,0,0,0,0,93
17031140800,0,27,1,0,63,6,2,0,0,0,0,0,0,0,0,1,0,0,0,4,7,0,0,0,0,0,1,2,3,7,0,0,19,8,1,0,0,0,0,0,0,0,0,9,0,0,1,0,162
17031150200,0,41,0,1,97,5,1,0,3,0,0,0,0,3,0,3,0,0,0,5,9,0,0,0,1,0,0,0,2,9,0,0,41,0,1,0,0,0,0,0,0,0,0,5,0,0,0,1,228
17031150300,0,14,0,0,32,1,1,0,2,0,0,0,0,1,0,2,0,0,1,4,1,0,1,0,0,0,0,0,0,6,0,0,21,0,2,0,0,0,0,0,0,0,0,6,0,0,1,0,96
17031150401,0,14,0,0,27,1,0,0,0,0,0,0,0,0,0,5,0,1,0,2,2,0,0,0,0,0,0,0,0,1,0,0,11,0,1,0,0,0,0,0,0,0,0,1,0,0,1,0,67
17031150402,0,22,0,0,26,2,0,0,1,0,0,0,0,1,0,0,1,0,0,4,4,0,1,0,1,0,0,2,0,6,0,0,12,0,1,0,0,0,0,0,0,0,0,4,0,0,0,1,89
17031150501,0,0,0,0,2,0,0,0,0,0,0,0,0,0,0,0,0,0,0,0,0,0,0,0,0,0,0,0,0,0,0,0,5,0,3,0,0,0,0,0,0,0,0,0,0,0,0,0,10
17031150502,0,12,0,0,11,3,2,0,1,0,0,0,0,1,0,2,0,0,0,1,3,0,1,0,1,0,0,0,1,3,0,0,9,0,3,0,0,0,0,1,0,0,0,2,0,0,0,0,57
17031150600,0,14,0,0,35,2,0,0,0,0,0,0,0,0,0,1,0,0,0,0,7,0,2,0,0,0,0,0,0,2,0,0,12,0,0,0,0,0,0,0,0,0,0,4,0,0,0,0,79
17031150700,0,5,0,0,5,2,2,0,1,0,0,0,0,1,0,0,0,0,0,0,2,0,0,0,0,0,0,0,0,1,0,0,13,0,0,0,0,0,0,0,0,0,0,2,0,0,0,0,34
17031150800,0,10,0,0,31,0,0,0,0,0,0,0,0,0,0,1,1,1,0,2,3,0,0,0,0,0,0,1,1,2,0,0,15,0,1,0,0,0,0,0,0,0,0,4,0,0,1,0,74
17031151001,0,3,0,0,2,1,0,0,0,0,0,0,0,0,0,0,0,0,0,1,0,0,0,0,0,0,0,0,0,1,0,0,6,0,3,0,0,0,0,0,0,0,0,0,0,0,0,0,17
17031151002,0,16,2,6,43,1,2,0,0,1,0,1,0,0,0,2,0,0,0,4,1,0,0,0,0,0,0,0,1,5,0,0,14,0,1,0,0,0,0,0,0,0,0,11,0,0,0,1,112
17031151100,0,14,0,0,37,2,0,0,0,0,0,0,0,1,0,3,0,0,0,3,0,0,0,0,0,0,1,0,0,3,0,0,2,0,2,0,0,0,0,0,0,0,0,7,0,0,0,1,76
17031151200,0,17,1,0,13,2,0,0,0,0,0,0,0,1,0,0,0,0,0,3,3,0,1,0,0,0,1,1,0,7,0,0,9,0,1,0,0,0,0,0,0,0,0,1,0,0,0,0,61
17031160100,0,10,0,0,19,0,0,0,0,0,0,0,0,1,0,0,1,0,1,2,2,0,0,0,0,0,0,0,0,5,0,0,12,0,1,0,0,0,0,0,0,0,0,3,0,0,0,0,57
17031160200,1,10,2,6,36,2,0,0,0,1,0,3,0,0,0,1,0,0,0,1,3,0,1,0,0,0,0,1,0,0,0,0,18,0,1,0,0,0,0,0,0,0,0,14,0,0,1,0,102
17031160300,0,16,1,1,23,0,0,0,0,0,0,0,0,1,0,4,1,0,0,0,0,0,0,0,0,0,0,1,1,2,0,0,11,0,0,0,0,0,0,0,0,0,0,6,0,0,0,0,68
17031160400,0,23,1,3,38,3,2,0,0,2,0,1,0,2,0,2,0,0,2,3,2,0,0,0,0,0,1,0,2,6,0,0,16,0,3,0,0,0,0,0,0,0,0,12,0,1,1,0,126
17031160501,0,10,0,0,16,0,0,0,1,0,0,0,0,1,0,0,0,0,0,2,1,0,0,0,0,0,0,0,0,3,0,0,9,0,6,0,0,0,0,0,0,0,0,3,0,0,0,1,53
17031160502,0,12,0,0,15,1,0,0,0,0,0,0,0,0,0,1,0,0,0,2,3,0,0,0,0,0,0,0,0,4,0,0,4,0,1,0,0,0,0,0,0,0,0,2,0,0,1,0,46
17031160601,0,10,2,0,16,3,0,0,0,0,0,0,0,0,0,2,0,1,0,2,1,0,1,0,0,0,0,0,0,4,0,0,22,3,1,0,0,0,0,0,0,0,0,3,0,0,2,0,73
17031160602,0,13,0,0,22,1,1,0,3,0,0,0,0,1,0,4,0,0,0,1,4,0,1,0,0,0,0,0,0,3,0,0,3,0,1,0,0,0,0,0,0,0,0,4,0,0,1,1,64
17031160700,0,17,0,1,18,0,2,0,0,0,0,0,0,0,0,2,1,0,0,4,1,0,0,0,0,0,0,1,0,4,0,0,14,0,4,0,0,0,0,0,0,0,0,4,0,0,1,1,75
17031160800,0,22,1,1,35,3,4,0,0,1,0,0,0,0,0,2,0,0,0,3,2,0,1,0,0,0,0,0,2,5,0,0,19,0,3,0,0,0,0,0,0,0,0,4,0,0,0,1,109
17031160900,0,8,0,1,24,0,0,0,0,0,0,0,0,1,0,0,0,0,0,1,1,0,0,0,0,0,0,0,1,3,0,0,12,0,0,0,0,0,0,0,0,0,0,0,0,0,0,0,52
17031161000,0,11,0,0,12,0,0,0,1,0,0,0,0,0,0,1,0,1,0,1,1,0,0,0,0,0,0,0,0,1,0,0,2,0,0,0,0,0,1,0,0,0,0,2,0,0,0,0,34
17031161100,0,6,0,3,12,1,0,0,0,0,0,0,0,0,0,1,0,0,0,0,0,0,0,0,0,0,0,0,0,1,0,0,6,0,1,0,0,0,0,0,0,0,1,2,0,0,0,1,35
17031161200,0,7,1,5,20,0,0,0,0,0,0,0,0,0,0,1,0,0,0,2,0,0,0,0,0,0,0,0,0,2,0,0,10,0,0,0,0,0,0,0,0,0,0,4,0,0,0,0,52
17031161300,0,21,1,1,43,1,1,0,2,0,0,0,0,0,0,4,0,0,0,1,3,0,0,0,0,0,0,1,2,2,0,0,15,0,2,0,0,0,0,0,0,0,0,14,0,0,0,0,114
17031170100,0,13,0,4,31,1,0,0,0,0,0,0,0,0,0,0,0,0,0,1,0,0,0,0,0,0,0,1,1,1,0,0,4,0,0,0,0,0,0,0,0,0,0,0,0,0,0,0,57
17031170200,0,4,0,0,17,2,1,0,0,0,0,0,0,1,0,2,0,0,0,1,0,0,0,0,0,0,0,2,1,3,0,0,11,0,0,0,0,0,0,0,0,0,0,0,0,0,0,0,45
17031170300,0,22,2,6,23,2,0,0,2,0,0,0,0,1,0,0,0,0,0,3,7,0,0,0,0,0,0,0,1,4,0,0,14,0,0,0,0,0,0,0,0,0,0,6,0,0,0,0,93
17031170400,0,16,0,0,15,1,3,0,1,0,0,0,0,0,0,1,0,0,0,4,1,0,1,0,0,0,0,0,1,8,0,0,7,0,1,0,0,0,0,0,0,0,0,10,0,0,0,0,70
17031170500,0,6,0,1,10,0,0,0,0,0,0,0,0,0,0,3,0,0,0,1,0,0,2,0,0,0,0,0,0,2,0,0,9,0,0,0,0,0,0,0,0,0,0,3,0,0,0,0,37
17031170600,0,0,0,0,2,0,0,0,0,0,0,0,0,0,0,0,0,0,0,0,0,0,0,0,0,0,0,1,0,0,0,0,3,0,0,0,0,0,0,0,0,0,0,1,0,0,0,0,7
17031170700,0,4,0,0,8,0,0,0,0,0,0,0,0,0,0,2,1,1,0,0,0,0,0,0,0,0,0,0,0,0,0,0,10,0,2,0,0,0,0,0,0,0,0,0,0,0,0,0,28
17031170800,0,17,0,0,34,4,1,0,0,0,0,0,0,1,0,0,0,0,0,1,4,0,0,0,0,0,0,0,0,3,0,0,10,0,1,0,0,0,0,0,0,0,0,5,0,0,1,0,82
17031170900,0,3,0,0,6,0,0,0,0,0,0,0,0,0,0,0,0,0,0,1,0,0,0,0,0,0,0,0,0,1,0,0,2,0,1,0,0,0,0,0,0,0,0,1,0,0,0,0,15
17031171000,0,23,0,0,56,2,1,0,1,0,0,0,0,1,0,5,0,0,0,3,4,0,0,0,0,0,0,0,1,7,0,0,14,0,0,0,0,0,0,0,0,0,0,7,0,1,0,0,126
17031171100,0,12,0,0,20,0,0,0,0,0,0,0,0,0,0,0,0,1,0,2,3,0,0,0,0,0,0,0,0,3,0,0,16,0,0,0,0,0,0,0,0,0,0,0,0,0,0,0,57
17031180100,0,12,0,0,27,0,0,0,0,0,0,0,0,0,0,0,0,0,1,2,1,0,1,0,0,0,0,0,0,4,0,0,13,0,1,0,0,0,0,0,0,0,0,8,0,0,0,1,71
17031190100,0,14,0,0,32,0,0,0,0,0,0,0,0,0,3,2,0,0,0,2,0,0,0,0,0,0,0,0,0,2,0,0,10,0,0,0,0,0,0,0,0,0,0,1,0,0,0,0,66
17031190200,0,10,2,1,30,0,1,0,0,0,0,0,0,1,0,1,0,0,0,2,2,0,0,0,0,0,0,0,0,3,0,0,11,0,1,0,0,0,0,0,0,0,0,9,0,0,0,0,74
17031190300,0,35,0,0,43,1,3,0,0,0,0,0,0,1,0,2,0,0,0,2,6,0,0,0,0,0,0,0,0,6,0,0,21,0,2,0,0,0,0,0,0,0,0,8,0,0,0,1,131
17031190401,0,9,0,0,21,0,0,0,0,0,0,0,0,0,0,1,0,0,0,1,0,0,0,0,0,0,0,0,0,1,0,0,15,0,1,0,0,0,0,0,0,0,0,3,0,0,0,0,52
17031190402,0,25,0,0,34,4,0,0,2,0,0,0,0,1,0,3,0,0,0,5,3,0,0,0,0,0,0,0,1,5,0,0,14,0,5,0,0,0,0,0,0,0,0,3,0,0,0,4,109
17031190601,0,7,0,0,15,0,0,0,0,0,0,0,0,0,0,0,0,0,0,1,2,0,0,0,1,0,0,0,0,1,0,0,8,0,1,0,0,0,0,0,0,0,0,0,0,0,0,0,36
17031190602,0,27,0,0,20,0,0,0,0,0,0,0,0,0,0,1,0,0,1,6,1,0,0,0,0,0,1,0,0,6,0,0,11,1,2,0,0,0,0,0,0,0,0,2,0,0,0,0,79
17031190701,0,6,0,0,19,4,0,0,1,0,0,0,0,1,0,1,0,0,0,0,1,0,0,0,0,0,1,0,0,1,0,0,4,0,5,0,0,0,0,0,0,0,0,3,0,0,0,0,47
17031190702,0,15,0,0,15,3,0,0,1,0,0,0,0,1,0,4,0,0,0,0,0,0,0,0,0,0,0,0,0,3,0,0,4,0,4,0,0,0,0,0,0,0,0,3,0,0,0,0,53
17031190800,0,21,1,2,49,1,0,0,2,0,0,0,0,2,0,0,0,0,0,1,1,0,0,0,0,0,0,1,1,4,0,0,14,0,2,0,0,0,0,0,0,0,0,13,1,0,0,0,116
17031190900,0,9,0,0,12,0,1,0,0,0,0,0,0,0,0,0,0,0,0,1,0,0,0,0,0,0,0,0,0,1,0,0,5,0,0,0,0,0,0,0,0,0,0,4,0,0,0,0,33
17031191000,0,8,1,4,23,0,0,0,0,0,0,0,0,0,0,1,0,0,0,1,1,0,0,0,1,0,0,0,0,1,0,0,5,15,3,0,0,0,0,0,0,0,0,9,0,0,0,0,73
17031191100,0,18,1,7,46,0,1,0,0,0,0,0,0,0,0,0,0,0,0,3,0,0,0,0,0,0,0,0,1,5,0,0,15,0,8,0,0,0,0,0,0,0,0,11,0,0,1,0,117
17031191200,0,11,0,1,9,1,1,0,0,0,0,0,0,0,0,1,0,0,0,1,0,0,0,0,0,0,1,0,0,3,0,0,3,0,4,0,0,0,0,0,0,0,0,6,0,0,0,0,42
17031191301,0,15,1,0,12,0,0,0,1,0,0,0,0,2,0,0,0,0,0,0,4,0,0,0,0,0,0,0,1,2,0,0,8,0,3,0,0,0,0,0,0,0,0,6,0,0,0,0,55
17031191302,0,17,0,14,39,0,0,0,2,0,0,0,0,1,0,1,1,0,0,3,2,0,0,0,0,0,0,0,1,3,0,0,16,0,1,0,0,0,0,0,0,0,0,20,0,0,0,1,122
17031200100,0,6,1,6,18,1,0,0,0,0,0,0,0,1,0,0,0,0,0,0,0,0,0,0,0,0,0,1,0,1,0,0,12,0,3,0,0,0,0,0,0,0,0,3,0,0,0,0,53
17031200200,0,15,4,6,35,2,0,0,1,0,0,0,0,2,0,0,0,0,0,2,0,0,0,0,0,0,1,0,1,6,0,0,14,0,2,0,0,0,0,0,0,0,0,4,0,0,0,0,95
17031200300,0,8,1,2,23,1,2,0,0,0,0,0,0,0,0,2,0,0,0,0,0,0,0,0,0,0,0,0,1,0,0,0,7,0,1,0,0,0,0,0,0,0,0,1,0,0,0,0,49
17031200401,0,4,2,1,8,0,0,0,0,0,0,0,0,0,0,0,0,0,0,0,0,0,0,0,0,0,0,0,1,1,0,0,4,0,1,0,0,0,0,0,0,0,0,2,0,0,0,0,24
17031200402,0,13,1,2,23,0,0,0,0,0,0,0,0,1,0,1,0,0,0,3,3,0,0,0,0,0,0,0,0,3,0,0,4,0,2,0,0,0,0,0,0,0,0,3,0,0,0,0,59
17031210100,0,24,2,3,41,2,3,0,4,0,0,0,0,1,0,1,0,0,0,2,7,0,4,0,2,0,0,0,1,2,0,0,18,0,3,0,0,0,0,0,0,0,0,4,0,2,0,0,126
17031210400,0,5,1,3,18,0,1,0,0,0,0,0,0,1,0,1,1,0,0,1,1,0,1,0,0,0,0,0,0,0,0,0,8,0,0,0,0,0,0,0,0,0,0,2,0,0,2,0,46
17031210501,0,17,0,0,35,1,2,0,1,0,0,0,0,1,0,1,0,0,0,3,2,0,0,0,0,0,0,0,1,5,0,0,8,0,0,0,0,0,0,0,0,0,0,1,0,0,0,0,78
17031210502,0,12,0,1,13,1,0,0,0,0,0,0,0,0,1,3,0,1,0,2,0,0,0,0,0,0,0,0,0,5,0,0,8,0,2,0,0,0,0,0,0,0,0,2,0,0,0,0,51
17031210601,0,7,0,0,7,1,0,0,0,0,0,0,0,0,0,0,0,0,0,0,0,0,0,0,0,0,0,0,0,2,0,0,6,0,0,0,0,0,0,1,0,0,0,6,0,0,0,0,30
17031210602,0,14,0,0,32,0,0,0,0,0,0,0,0,0,0,2,0,0,0,2,3,0,0,0,0,0,1,0,2,2,0,0,15,0,2,0,0,0,0,0,0,0,0,1,0,0,0,0,76
17031210700,0,13,0,0,10,0,0,0,0,0,0,0,0,3,0,3,0,1,1,0,3,0,1,0,0,0,0,0,1,4,0,0,13,0,1,0,0,0,0,0,0,0,0,4,0,0,0,0,58
17031210800,0,8,0,1,5,0,0,0,0,0,0,0,0,0,0,1,0,0,0,1,2,0,0,0,0,0,0,0,1,1,0,0,6,0,1,0,0,0,0,1,0,0,0,2,0,0,0,0,30
17031210900,0,14,3,5,26,3,6,0,0,0,0,0,0,0,0,4,0,0,0,1,2,0,1,0,0,0,0,0,0,1,0,0,11,0,1,0,0,0,0,0,0,0,0,8,0,0,0,1,87
17031220300,0,6,0,0,5,0,0,0,1,0,0,0,0,0,0,2,0,0,0,0,3,0,1,0,0,0,0,0,1,1,0,0,4,0,0,0,0,0,0,1,0,0,0,1,0,0,0,0,26
17031220400,0,20,0,0,20,0,2,0,3,0,0,0,0,1,0,6,0,0,0,4,9,0,7,0,0,0,1,0,0,5,0,0,8,0,0,0,0,0,0,0,0,0,0,2,0,0,2,0,90
17031220500,0,30,0,0,15,2,1,0,2,0,0,0,0,0,0,2,1,0,0,4,19,0,6,0,2,0,0,0,0,6,0,0,12,0,0,0,0,0,0,0,0,0,0,0,0,0,1,0,103
17031220601,0,9,0,0,13,2,0,0,0,0,0,0,0,0,0,1,0,0,0,3,2,0,0,0,0,0,0,0,0,3,0,0,4,0,1,0,0,0,0,0,0,0,0,2,0,0,0,0,40
17031220602,0,22,0,0,34,0,2,0,5,0,0,0,0,0,0,2,0,0,0,4,9,0,2,0,0,0,0,0,0,7,1,0,14,0,0,0,0,0,0,0,0,0,0,0,0,0,2,0,104
17031220701,0,8,0,0,16,0,0,0,0,0,0,0,0,0,0,0,0,0,0,1,0,0,0,0,0,0,0,0,0,1,0,0,9,0,1,0,0,0,0,0,0,0,0,1,0,0,0,0,37
17031220702,1,9,2,2,17,3,0,0,0,0,0,0,0,1,0,1,0,0,0,2,1,0,0,0,0,0,0,0,0,5,0,0,9,0,3,0,0,0,0,0,0,0,0,4,0,0,1,0,61
17031220901,0,3,0,1,6,0,0,0,2,0,0,0,0,0,0,1,1,0,0,0,1,0,0,0,0,0,0,0,0,0,0,0,5,0,1,0,0,0,0,0,0,0,0,1,0,0,0,0,22
17031220902,0,15,0,2,22,2,0,0,1,0,0,0,0,1,0,0,0,0,0,1,1,0,0,0,0,0,1,0,0,3,0,0,5,0,1,0,0,0,0,0,0,0,0,4,0,0,1,0,60
17031221000,0,10,0,0,7,1,0,0,0,0,0,0,0,0,0,2,0,0,1,2,2,0,2,0,0,0,0,0,0,3,0,0,2,0,1,0,0,0,0,0,0,0,0,1,0,0,0,0,34
17031221100,0,9,0,1,20,1,0,0,1,0,0,0,0,0,0,3,0,1,0,2,2,0,1,0,0,0,0,1,0,3,0,0,16,0,2,0,0,0,0,0,0,0,0,2,0,0,0,0,65
17031221200,0,8,0,0,4,1,0,0,0,0,0,0,0,1,0,0,0,0,0,1,0,0,0,0,0,0,0,0,0,2,0,0,2,1,1,0,0,0,0,0,0,0,0,0,0,0,2,0,23
17031221300,0,31,0,0,18,0,0,0,6,0,0,0,0,1,0,5,1,0,0,5,15,0,5,0,1,0,0,0,0,5,0,0,6,0,0,0,0,0,0,0,0,0,0,2,0,0,1,2,104
17031221400,0,25,0,0,30,1,4,1,0,0,0,0,0,0,0,2,0,0,0,2,8,0,4,0,0,0,0,1,0,3,0,0,11,0,0,0,0,0,0,0,0,0,0,1,0,0,1,3,97
17031221500,0,16,0,1,18,1,0,0,0,0,0,0,0,0,0,2,1,0,0,3,4,0,0,0,0,0,0,0,0,4,0,0,11,0,0,0,0,0,0,0,0,0,0,1,0,0,2,0,64
17031221600,0,15,0,0,16,0,0,0,1,0,0,0,0,1,0,2,0,0,0,1,3,0,1,0,0,0,0,1,0,4,0,0,9,0,1,0,0,0,0,0,0,0,0,1,0,0,0,1,57
17031222200,0,15,1,0,21,5,1,0,0,0,0,0,0,0,0,1,1,0,0,1,7,0,1,0,0,0,0,0,0,1,0,0,13,0,1,0,0,0,0,0,0,0,0,2,0,0,1,1,73
17031222500,0,8,0,0,5,0,0,0,0,0,0,0,0,1,0,0,0,0,0,2,2,0,0,0,0,0,0,0,0,3,0,0,6,0,0,0,0,0,0,0,0,0,0,1,0,0,0,0,28
17031222600,0,4,0,0,5,1,0,0,0,0,0,0,0,0,0,0,0,0,0,0,0,0,0,0,0,0,0,0,0,3,0,0,4,0,0,0,0,0,0,0,0,0,0,1,0,0,0,0,18
17031222700,0,15,0,2,4,0,1,0,0,0,0,0,0,0,0,2,0,0,0,1,5,0,4,0,0,0,0,1,0,1,0,0,3,0,1,0,0,0,0,1,0,0,0,0,1,0,0,0,42
17031222800,0,3,0,1,2,0,0,0,0,0,0,0,0,0,0,0,0,0,0,0,0,0,0,0,0,0,0,0,0,0,0,0,3,0,1,0,0,0,0,0,0,0,0,0,0,0,0,0,10
17031222900,0,4,0,0,11,0,0,0,0,0,0,0,0,0,0,2,0,0,0,1,0,0,0,0,0,0,0,1,0,1,0,0,2,0,1,0,0,0,0,0,0,0,0,5,0,0,0,0,28
17031230100,0,1,0,0,1,0,0,0,0,0,0,0,0,1,0,1,0,0,0,0,0,0,0,0,0,0,0,0,0,1,0,0,2,0,0,0,0,0,0,0,0,0,0,0,0,0,1,0,8
17031230200,0,8,0,1,18,1,1,0,0,0,0,0,0,0,0,0,0,0,0,0,1,0,0,0,0,0,0,0,0,1,0,0,7,0,0,0,0,0,0,0,0,0,0,0,0,0,0,0,38
17031230300,0,2,0,0,3,0,0,0,0,0,0,0,0,1,0,1,0,1,0,0,0,0,0,0,0,0,0,0,0,1,0,0,2,0,2,0,0,0,0,0,0,0,0,2,0,0,1,0,16
17031230400,0,13,0,1,14,0,0,0,0,0,0,0,0,0,0,0,0,0,0,4,1,0,0,0,0,0,0,0,0,4,0,0,2,0,1,0,0,0,0,0,0,0,0,3,0,0,0,0,43
17031230500,0,14,1,5,32,0,0,0,0,0,0,0,0,1,2,0,0,0,0,0,1,0,0,0,0,0,0,0,1,3,0,0,3,0,1,0,0,0,0,0,0,0,0,5,0,0,1,0,70
17031230600,0,14,0,9,50,5,0,0,1,0,0,0,0,0,0,1,0,0,0,5,1,0,0,0,0,0,1,0,1,3,0,0,26,0,4,0,0,0,0,0,0,0,0,25,0,0,0,0,146
17031230700,0,18,1,4,29,2,1,0,0,0,0,0,0,2,0,1,0,0,0,2,2,0,0,0,0,0,0,0,0,6,0,0,13,0,2,0,0,0,0,0,0,0,0,16,0,0,0,0,99
17031230800,0,1,0,5,11,0,0,0,0,0,0,0,0,0,0,0,0,0,0,0,0,0,0,0,0,0,0,1,0,1,0,0,6,0,1,0,0,0,0,0,0,0,0,1,0,0,0,0,27
17031230900,0,16,0,0,18,2,0,0,0,0,0,0,0,0,0,1,0,0,0,1,1,0,0,0,0,0,1,0,1,5,0,0,8,0,2,0,0,0,0,0,0,0,0,0,0,0,0,3,59
17031231100,0,3,0,0,1,0,0,0,0,0,0,0,0,0,0,0,0,0,0,0,0,0,0,0,1,0,0,0,0,0,0,0,2,0,0,0,0,0,0,0,0,0,0,0,0,0,0,0,7
17031231200,0,21,0,0,16,2,0,0,0,0,0,0,0,2,0,0,0,0,0,1,0,0,0,0,0,0,0,0,1,5,0,0,9,0,8,0,0,0,0,0,0,0,0,3,0,0,0,0,68
17031231500,0,16,1,2,13,1,0,0,0,0,0,0,0,1,0,0,0,0,1,1,0,0,0,0,0,0,0,1,1,6,0,0,9,0,6,0,0,0,0,0,0,0,0,1,0,0,0,0,60
17031240200,0,7,0,0,9,1,2,0,0,0,0,0,0,0,0,1,0,0,0,1,0,0,0,0,0,0,0,0,1,1,0,0,10,0,0,0,0,0,0,1,0,0,0,0,0,0,1,0,35
17031240300,0,17,1,0,31,0,0,0,1,0,0,0,0,0,0,1,0,0,0,2,11,0,2,0,1,0,0,1,0,1,1,0,1,0,0,0,0,0,0,0,0,0,0,1,0,0,0,1,73
17031240500,0,12,0,0,30,0,2,0,1,0,0,0,0,0,0,0,0,0,0,3,4,0,3,0,0,0,0,0,0,5,2,0,8,0,2,0,0,0,0,0,0,0,0,0,0,0,1,1,74
17031240600,0,2,0,0,16,0,0,0,0,0,0,0,0,1,0,0,0,0,0,0,0,0,0,0,0,0,0,1,1,3,0,0,16,0,0,0,0,0,0,1,0,0,0,0,0,0,0,0,41
17031240700,0,3,0,0,4,0,1,0,0,0,0,0,0,0,0,0,0,0,0,1,0,0,0,0,0,0,0,0,0,1,0,0,1,0,0,0,0,0,0,0,0,0,0,0,0,0,0,0,11
17031240800,0,3,0,0,7,2,0,0,0,0,0,0,0,0,0,1,0,0,0,1,0,0,0,0,0,0,0,0,0,1,0,0,0,0,1,0,0,0,0,0,0,0,0,1,0,0,0,0,17
17031240900,0,10,0,0,4,1,0,0,1,0,0,0,0,1,0,1,0,0,0,0,1,0,1,0,0,0,0,0,0,2,0,0,2,0,0,0,0,0,0,0,0,0,0,1,0,0,0,0,25
17031241000,0,5,0,0,5,1,0,0,0,0,0,0,0,0,0,1,0,0,0,0,0,0,0,0,0,0,0,0,0,0,0,0,8,0,3,0,0,0,0,0,0,0,0,0,0,0,0,0,23
17031241100,0,14,0,0,27,1,1,0,0,0,0,0,0,0,0,0,0,0,0,3,2,0,1,0,0,0,0,0,0,4,0,0,14,0,0,0,0,0,0,0,0,0,0,1,0,0,1,0,69
17031241200,0,9,0,0,8,4,0,0,0,0,0,0,0,0,0,0,0,0,0,0,2,0,1,0,0,0,0,1,0,0,0,0,6,0,0,0,0,0,0,0,0,0,0,0,0,0,0,0,31
17031241300,0,8,0,0,7,1,0,0,0,0,0,0,0,0,0,1,0,0,0,2,4,0,1,0,0,0,0,0,0,1,0,0,3,0,0,0,0,0,0,0,0,0,0,0,0,0,0,0,28
17031241400,0,80,0,0,72,0,2,0,15,0,0,0,0,0,0,9,3,4,0,9,50,0,9,0,5,0,1,1,2,12,2,0,22,0,0,0,0,0,0,0,0,0,0,1,0,0,2,4,305
17031241500,0,50,0,0,72,0,2,0,11,0,0,0,0,0,0,5,1,0,0,4,21,0,4,0,0,0,1,0,2,4,1,0,16,0,5,0,0,0,0,0,0,0,0,1,0,1,2,0,203
17031241600,0,7,0,0,22,1,0,0,1,0,0,0,0,1,0,1,1,0,0,0,2,0,1,0,0,0,0,1,0,3,0,0,9,0,1,0,0,0,0,1,0,0,0,4,0,0,0,0,56
17031242000,0,34,0,0,25,2,3,0,3,0,0,0,0,0,0,3,0,0,0,4,12,0,1,0,2,0,0,1,0,5,0,0,12,0,2,0,0,0,0,0,0,0,0,0,0,0,2,0,111
17031242100,0,29,0,0,35,0,0,0,2,0,0,0,0,0,0,3,0,0,0,3,6,0,0,0,1,0,0,0,1,5,0,0,15,0,1,0,0,0,0,0,0,0,0,2,0,0,1,0,104
17031242200,0,19,1,0,23,2,1,0,0,0,0,0,0,1,0,4,0,0,0,0,8,0,3,0,0,0,0,0,0,4,0,0,6,0,0,0,0,0,0,2,0,0,0,0,0,0,2,1,77
17031242300,0,21,0,0,28,1,0,0,3,0,0,0,0,0,0,3,0,0,0,0,10,0,1,0,0,0,0,0,0,4,0,0,9,0,1,0,0,0,0,1,0,0,0,1,0,0,1,0,84
17031242400,0,15,0,0,21,1,1,0,2,0,0,0,0,1,0,5,0,0,1,2,1,0,0,0,0,0,0,1,0,3,0,1,14,0,0,0,0,0,0,0,0,0,0,0,0,0,0,0,69
17031242500,0,13,0,0,17,0,1,0,0,0,0,0,0,1,0,3,0,0,0,2,5,0,2,0,0,0,0,0,0,3,0,0,6,0,1,0,0,0,0,0,0,0,0,0,0,0,1,0,55
17031242600,0,18,0,1,22,1,0,0,0,0,0,0,0,0,0,2,0,0,0,2,4,0,1,0,0,0,0,1,2,1,0,0,12,0,0,0,0,0,0,1,0,0,0,4,0,0,1,1,74
17031242700,0,4,0,0,15,0,0,0,0,0,0,0,0,0,0,2,0,0,0,0,0,0,0,0,0,0,0,0,0,1,0,0,9,0,0,0,0,0,0,0,0,0,0,0,0,0,0,0,31
17031242800,0,7,3,3,24,0,2,0,0,0,0,0,0,0,0,0,0,0,1,2,2,0,0,0,0,0,0,1,0,0,0,0,8,0,0,0,0,0,0,0,0,0,0,4,0,0,0,0,57
17031242900,0,8,4,5,30,0,3,0,0,0,0,0,0,0,0,0,0,0,0,1,3,0,0,0,0,0,0,0,0,2,0,0,12,0,0,0,0,0,0,0,0,0,0,2,0,0,0,0,70
17031243000,0,12,0,2,28,0,1,1,0,0,0,0,0,0,0,0,0,0,0,2,4,0,1,0,1,0,1,0,0,0,0,0,11,0,0,0,0,0,0,0,0,0,0,2,0,1,0,0,67
17031243100,0,12,0,5,61,3,0,0,0,0,0,0,0,0,0,1,1,0,0,0,4,0,2,0,2,0,0,1,0,0,0,0,10,0,0,0,0,0,0,1,0,0,0,0,0,0,1,0,104
17031243200,0,17,0,4,30,2,0,0,1,0,0,0,0,0,0,0,0,0,0,0,6,0,0,0,1,0,0,0,0,0,0,0,9,0,1,0,0,0,0,0,0,0,0,1,0,0,0,0,72
17031243300,0,12,0,2,34,1,1,0,0,0,0,0,0,3,0,0,0,0,0,2,2,0,0,0,0,0,0,0,0,5,0,0,9,1,3,0,0,0,0,0,0,0,0,5,0,0,0,0,80
17031243400,0,27,0,0,24,1,0,0,1,0,0,0,0,0,1,2,0,0,0,1,12,0,4,0,1,0,0,0,0,1,0,0,4,0,1,0,0,0,0,0,0,0,0,2,0,0,0,0,82
17031243500,2,27,2,4,87,1,0,0,1,0,0,0,0,0,1,2,0,0,0,3,13,0,3,0,3,0,0,0,0,3,2,0,34,0,1,0,0,1,0,0,0,0,0,5,0,1,3,0,199
17031250200,0,5,0,6,8,0,0,0,0,0,0,0,0,0,0,0,0,0,0,2,0,0,0,0,0,0,0,0,0,2,0,0,11,0,0,0,0,0,0,0,0,0,0,6,0,0,0,1,41
17031250300,0,7,1,4,16,1,0,0,1,0,0,0,0,0,0,0,0,0,0,1,0,0,0,0,0,0,0,0,0,2,0,0,9,0,1,0,0,0,0,0,0,0,0,1,0,0,0,0,44
17031250400,1,16,5,7,35,1,1,0,0,0,0,0,0,1,0,1,0,0,0,1,0,0,0,0,1,0,1,0,0,4,0,0,18,0,3,0,0,0,0,0,0,0,1,8,0,0,0,0,105
17031250500,0,23,1,2,48,3,1,0,0,0,0,0,0,0,0,0,0,0,0,2,3,0,0,0,0,0,0,0,0,1,0,0,20,0,0,0,0,0,0,0,0,0,0,2,0,0,0,0,106
17031250600,0,12,0,0,19,2,0,0,0,0,0,0,0,0,0,0,0,0,0,1,0,0,0,0,0,0,0,0,0,2,0,0,9,0,2,0,0,0,0,0,0,0,0,3,0,0,0,0,50
17031250700,0,18,0,0,23,0,0,0,0,0,0,0,0,1,0,1,0,1,0,1,0,0,0,0,0,0,0,0,1,5,0,0,13,0,1,0,0,0,0,0,0,0,0,0,0,0,0,1,66
17031250800,0,8,1,2,15,0,0,0,0,0,0,0,0,2,0,0,0,0,0,2,0,0,0,0,0,0,0,0,1,3,0,0,4,0,1,0,0,0,0,0,0,0,0,3,0,0,1,0,43
17031251000,0,6,0,12,18,0,0,0,0,0,0,0,0,3,0,0,0,0,0,0,0,0,0,0,0,0,0,0,0,3,0,0,7,0,0,0,0,0,0,0,0,0,0,12,0,0,0,0,61
17031251100,0,16,0,0,11,3,0,0,0,0,0,0,0,2,0,0,0,0,0,1,0,0,0,0,0,0,0,0,0,4,0,0,8,0,2,0,0,0,0,0,0,0,0,0,0,0,0,0,47
17031251200,0,10,0,0,13,2,0,0,0,0,0,0,0,1,0,0,0,0,0,1,0,0,0,0,0,0,0,0,0,4,0,0,7,0,2,0,0,0,0,0,0,0,0,1,0,0,0,0,41
17031251300,0,16,0,0,25,4,0,0,0,0,0,0,0,0,0,0,0,0,0,1,0,0,0,0,0,0,0,0,0,3,0,0,5,0,1,0,0,0,0,0,0,0,0,1,0,0,0,0,56
17031251400,0,5,0,0,18,3,1,0,0,0,0,0,0,0,0,0,0,0,0,0,0,0,0,0,0,0,0,0,0,0,0,0,5,0,1,0,0,0,0,0,0,0,0,0,0,0,1,1,35
17031251500,0,11,0,0,18,0,0,0,0,0,0,0,0,1,0,0,0,0,0,1,0,0,0,0,0,0,0,0,1,4,0,0,3,0,4,0,0,0,0,0,0,0,0,1,0,0,1,0,45
17031251600,0,7,0,0,4,0,0,0,0,0,0,0,0,0,0,0,0,0,0,1,0,0,0,0,0,0,0,0,0,3,0,0,1,0,1,0,0,0,0,0,0,0,0,0,0,0,1,0,18
17031251700,1,8,0,4,14,0,0,0,0,0,0,0,0,0,0,0,0,0,0,3,0,0,0,0,0,0,0,0,0,4,0,0,2,0,0,0,0,0,0,0,0,0,0,11,0,0,0,0,47
17031251800,0,10,0,3,18,2,0,0,0,0,0,1,0,0,0,0,1,0,0,1,0,0,0,0,0,0,0,0,2,2,0,0,37,0,1,0,0,0,0,0,0,0,0,5,0,0,0,0,83
17031251900,0,16,0,0,7,0,0,0,0,0,0,0,0,0,0,1,0,0,0,2,0,0,0,0,0,0,0,0,1,6,0,0,4,0,3,0,0,0,0,0,0,0,0,1,0,0,1,0,42
17031252000,0,4,0,0,18,2,0,0,0,0,0,0,0,0,0,1,0,0,0,0,0,0,0,0,0,0,0,0,0,0,0,0,8,0,3,0,0,0,0,0,0,0,0,1,0,0,0,0,37
17031252101,0,6,0,0,12,0,0,0,0,0,0,0,0,0,0,1,0,0,0,0,0,0,0,0,0,0,0,0,0,3,0,0,0,0,1,0,1,0,0,0,0,0,0,0,0,0,0,0,24
17031252102,0,17,0,0,23,0,0,0,0,0,0,0,0,1,0,0,0,0,0,3,0,0,0,0,0,0,0,0,0,9,0,0,5,0,4,0,0,0,0,0,0,0,0,0,0,0,0,0,62
17031252201,0,5,1,0,5,0,0,0,0,0,0,0,0,1,0,0,0,0,0,1,0,0,0,0,0,0,0,1,0,2,0,0,3,0,3,0,0,0,0,0,0,0,0,0,0,0,0,0,22
17031252202,0,11,0,1,10,0,0,0,0,0,0,0,0,2,0,0,0,0,0,1,0,0,0,0,0,0,0,0,1,6,0,0,1,0,2,0,0,0,0,0,0,0,0,2,0,0,0,0,37
17031260100,0,8,0,0,22,0,0,0,1,0,0,0,0,1,0,0,0,0,0,1,0,0,0,0,0,0,0,0,0,3,0,0,3,0,0,0,0,0,0,0,0,0,0,5,0,0,1,0,45
17031260200,0,10,1,6,19,1,0,0,0,0,0,0,0,0,0,0,0,0,0,3,0,0,0,0,0,0,0,2,1,3,0,0,1,0,0,0,0,0,0,0,0,0,0,1,0,0,0,0,48
17031260300,0,3,1,8,4,0,0,0,0,0,0,0,0,0,0,0,0,0,0,0,0,0,0,0,0,0,0,0,0,1,0,0,5,0,0,0,0,0,0,0,0,0,0,1,0,0,0,0,23
17031260400,0,3,2,6,8,0,1,0,1,0,0,0,0,1,0,1,0,0,1,0,0,0,0,0,0,0,0,0,0,1,0,0,1,0,0,0,0,0,0,0,0,0,0,1,0,0,0,0,27
17031260500,0,7,4,0,6,0,0,0,0,0,0,0,0,1,0,0,0,0,0,1,0,0,0,0,0,0,0,0,0,5,0,0,3,0,0,0,0,0,0,0,0,0,0,0,0,0,0,0,27
17031260600,0,2,0,0,2,0,0,0,0,0,0,0,0,0,0,1,0,0,0,1,0,0,0,0,0,0,0,0,0,2,0,0,2,0,3,0,0,0,0,0,0,0,0,0,0,0,0,0,13
17031260700,0,9,0,0,17,0,0,0,0,0,0,0,0,0,0,0,0,0,0,0,0,0,0,0,0,0,0,0,0,1,0,0,2,0,0,0,0,0,0,0,0,0,0,0,0,0,1,1,31
17031260800,0,12,0,0,27,0,0,0,0,0,0,0,0,1,0,0,0,0,0,1,0,0,0,0,0,0,0,0,0,3,0,0,2,0,3,0,0,0,0,0,0,0,0,1,0,0,0,0,50
17031260900,0,6,1,0,3,0,0,0,0,0,0,0,0,0,0,0,0,0,0,1,0,0,0,0,0,0,0,0,0,2,0,0,1,0,1,0,0,0,0,0,0,0,0,0,0,0,0,0,15
17031261000,0,2,0,2,4,0,0,0,0,0,0,0,0,0,0,0,0,0,0,0,0,0,0,0,0,0,0,0,0,1,0,0,3,0,3,0,0,0,0,0,0,0,0,3,0,0,0,0,18
17031270500,0,1,0,1,0,0,0,0,0,0,0,0,0,1,0,0,0,0,0,0,0,0,0,0,0,0,0,0,0,1,0,0,2,0,1,0,0,0,0,0,0,0,0,0,0,0,0,0,7
17031271200,0,7,0,0,6,0,0,0,0,0,0,0,0,1,0,1,0,0,0,1,0,0,0,0,0,0,0,0,0,2,0,0,2,0,1,0,0,0,0,0,0,0,0,0,0,0,0,0,21
17031271300,0,0,0,0,0,1,0,0,0,0,0,0,0,0,0,0,0,0,0,0,0,0,0,0,0,0,0,0,0,0,0,0,0,0,0,0,0,0,0,0,0,0,0,0,0,0,0,0,1
17031271400,0,3,0,0,7,1,0,0,0,0,0,0,0,0,0,0,0,0,0,1,0,0,0,0,0,0,0,1,0,1,0,0,7,0,0,0,0,0,0,0,0,0,0,0,0,0,0,0,21
17031271500,0,1,0,0,1,0,0,0,0,0,0,0,0,0,0,0,0,0,0,1,0,0,0,0,0,0,0,0,0,1,0,0,1,0,0,0,0,0,0,0,0,0,0,0,0,0,0,0,5
17031271800,0,2,0,0,4,0,0,0,0,0,0,0,0,0,0,0,0,0,0,0,0,0,0,0,0,0,0,0,0,2,0,0,3,0,1,0,0,0,0,0,0,0,0,0,0,0,0,0,12
17031280100,18,135,1,0,235,1,0,0,6,0,1,0,0,1,4,3,1,0,0,9,37,0,10,0,10,0,0,5,0,9,13,0,39,6,0,0,0,0,1,1,0,0,0,2,0,2,2,0,552
17031280400,2,8,8,6,26,1,3,0,1,0,0,0,0,0,0,0,0,0,0,1,4,0,0,0,3,0,0,0,0,1,0,0,10,0,0,0,0,0,0,0,0,0,0,0,1,0,0,0,75
17031280800,0,1,0,0,4,0,0,0,0,0,0,0,0,0,0,0,0,0,0,0,0,0,0,0,0,0,1,0,0,0,0,0,0,0,3,0,0,0,0,0,0,0,0,0,0,0,0,0,9
17031280900,0,9,0,0,2,0,0,0,0,0,0,0,0,0,0,0,0,0,0,2,0,0,0,0,0,0,0,0,0,2,0,0,1,0,0,0,0,0,0,0,0,0,0,0,0,0,0,0,16
17031281900,12,83,0,0,174,2,0,0,2,0,0,0,0,0,0,3,1,0,0,9,12,0,4,0,1,0,0,4,0,11,0,0,18,0,1,0,0,0,0,0,0,0,0,0,0,0,0,0,337
17031282700,0,5,0,1,6,1,0,0,0,0,0,0,0,0,0,0,0,0,0,1,0,0,0,0,0,0,0,0,0,2,0,0,5,0,0,0,0,0,0,0,0,0,0,3,0,0,1,0,25
17031282800,0,9,0,0,16,0,0,0,0,0,0,0,0,0,1,1,0,0,0,0,2,0,1,0,0,0,0,0,0,0,0,0,6,0,0,0,0,0,0,0,0,0,0,3,0,0,0,0,39
17031283100,0,25,0,0,6,1,0,0,1,0,0,0,0,0,0,1,0,1,0,4,5,0,2,0,0,0,0,0,0,2,3,0,4,0,0,0,0,0,0,0,0,0,0,0,0,0,0,0,55
17031283200,0,10,0,0,2,0,1,0,2,0,0,0,0,0,0,1,0,0,0,0,3,0,1,0,0,0,0,0,0,1,1,0,4,0,0,0,0,0,0,0,0,0,0,0,0,0,0,0,26
17031283800,0,0,0,0,3,0,0,0,0,0,0,0,0,0,0,0,0,0,0,0,0,0,0,0,0,0,0,0,0,0,0,0,7,0,0,0,0,0,0,0,0,0,0,0,0,0,1,0,11
17031290900,0,2,0,4,9,2,0,0,0,0,0,0,0,0,0,0,0,0,0,1,0,0,0,0,0,0,0,0,0,1,0,0,6,0,1,0,0,0,0,0,0,0,0,1,0,0,0,0,27
17031291200,0,3,0,0,0,1,0,0,0,0,0,0,0,0,0,0,0,0,0,0,0,0,0,0,0,0,0,0,0,1,0,0,2,0,0,0,0,0,0,0,0,0,0,0,0,0,1,0,8
17031291600,0,1,0,0,1,0,0,0,1,0,0,0,0,0,0,0,0,0,0,1,1,0,0,0,0,0,0,0,0,0,0,0,3,0,0,0,0,0,0,0,0,0,0,0,0,0,0,0,8
17031292200,0,3,0,0,1,1,0,0,0,0,0,0,0,0,0,0,0,0,0,0,0,0,0,0,0,0,0,0,0,0,0,0,1,0,1,0,0,0,0,0,0,0,0,3,0,0,0,0,10
17031292400,0,5,0,0,11,0,0,0,0,0,0,0,0,0,0,0,0,0,0,0,0,0,0,0,0,0,0,0,0,1,0,0,3,0,0,0,0,0,0,0,0,0,0,0,0,0,0,0,20
17031292500,0,5,2,7,12,1,0,0,0,0,0,0,0,1,0,0,0,0,0,0,0,0,0,0,0,0,0,0,0,4,0,0,10,0,3,0,0,0,0,0,0,0,0,2,0,0,0,0,47
17031300500,0,12,0,1,27,0,0,0,0,0,0,0,0,0,0,0,0,0,0,1,0,0,0,0,0,0,0,0,0,2,0,0,6,0,3,0,0,0,0,0,0,0,0,3,0,0,0,0,55
17031300600,0,7,0,1,14,0,0,0,0,0,0,0,0,0,0,1,0,0,0,1,1,0,0,0,0,0,1,0,0,2,0,0,3,0,0,0,0,0,0,0,0,0,0,0,0,0,0,0,31
17031300700,0,11,1,0,28,0,2,0,0,0,0,0,0,0,0,0,0,0,0,0,0,0,0,0,0,0,1,0,1,2,0,0,4,0,7,0,0,0,0,0,0,0,0,4,0,0,0,0,61
17031300800,0,21,0,0,38,0,0,0,1,0,0,0,0,0,0,0,0,0,0,1,3,0,0,0,0,0,0,0,0,3,0,0,6,0,3,0,0,0,0,0,0,0,0,12,0,0,0,0,88
17031300900,0,18,1,0,20,1,0,0,1,0,0,0,0,0,0,0,1,0,0,3,2,0,0,0,0,0,0,0,0,0,1,0,3,12,3,0,0,0,0,0,0,0,0,2,0,0,0,0,68
17031301100,2,2,1,1,4,0,0,0,0,0,0,0,0,0,0,0,0,0,0,0,0,0,0,0,0,0,0,1,0,0,0,0,3,0,1,0,0,0,0,0,0,0,0,1,0,0,1,0,17
17031301200,0,14,1,3,18,0,2,0,0,0,0,0,0,0,0,1,0,0,0,2,0,0,0,0,0,0,0,0,0,3,0,0,8,0,2,0,0,0,0,0,0,0,0,4,0,0,0,0,58
17031301600,0,16,0,0,26,1,0,0,1,0,0,0,0,0,0,1,0,0,0,1,4,0,0,0,0,0,0,0,0,3,0,0,1,0,1,0,0,0,0,0,0,0,0,0,0,0,0,0,55
17031301701,0,21,0,0,53,0,0,0,1,0,0,0,0,0,0,1,1,0,0,1,3,0,0,0,0,0,1,0,1,2,0,0,3,0,1,0,0,0,0,0,0,0,0,1,0,0,0,0,90
17031301702,0,10,0,0,6,0,0,0,0,0,0,0,0,1,0,1,0,0,0,1,0,0,0,0,0,0,0,0,0,1,0,0,5,0,3,0,0,0,0,0,0,0,0,1,0,0,1,0,30
17031301801,0,10,0,1,13,1,0,0,0,0,0,0,0,0,0,0,0,0,0,1,0,0,0,0,0,0,0,0,0,3,0,0,5,0,1,0,0,0,0,0,0,0,0,5,0,0,0,0,40
17031301802,0,21,0,0,40,2,1,0,1,0,0,0,0,1,0,2,1,1,0,5,1,0,0,0,0,0,0,1,1,7,0,0,5,0,4,0,0,0,0,0,0,0,0,4,0,0,0,1,99
17031301803,0,8,1,0,5,0,1,0,0,0,0,0,0,0,0,0,0,0,0,0,1,0,0,0,0,0,0,0,0,3,0,0,4,0,6,0,0,0,0,0,0,0,0,1,0,0,0,0,30
17031310200,0,7,0,0,12,0,1,0,0,0,0,0,0,1,0,1,0,0,0,1,3,0,2,0,0,0,0,0,0,3,0,0,6,0,0,0,0,0,0,0,0,0,0,0,0,0,0,0,37
17031310300,0,10,3,2,34,0,0,0,1,0,0,0,0,0,0,0,0,0,0,0,2,0,0,0,0,0,0,0,0,0,0,0,9,0,0,0,0,0,0,0,0,0,1,1,0,0,0,0,63
17031310400,0,4,0,1,9,0,1,0,2,0,0,0,0,0,0,0,0,0,0,1,2,0,1,0,0,0,0,0,0,1,0,0,4,0,2,0,0,0,0,1,0,0,0,1,0,0,0,0,30
17031310500,0,12,3,3,24,0,0,0,1,0,0,0,0,0,0,1,0,0,0,2,2,0,1,0,1,0,0,0,0,2,3,0,6,0,0,0,0,0,0,0,0,0,0,3,0,0,0,0,64
17031310600,0,45,5,0,55,2,2,0,1,0,0,0,0,0,0,3,0,0,0,0,8,0,0,0,3,0,1,0,1,4,2,0,15,0,4,0,0,0,0,0,0,0,0,1,1,0,2,0,155
17031310700,0,9,1,1,15,0,0,0,0,0,0,0,0,0,2,0,0,0,0,1,2,0,0,0,0,0,0,0,1,1,0,0,0,0,0,0,0,0,0,0,0,0,0,0,0,0,0,0,33
17031310800,0,27,0,0,37,1,1,1,0,0,0,0,0,2,0,1,0,0,0,2,2,0,0,0,0,0,0,0,1,7,0,0,9,3,2,0,0,0,0,0,0,0,0,4,0,0,0,0,100
17031310900,0,16,6,2,18,1,0,0,0,0,0,0,0,0,0,1,0,0,0,0,0,0,0,0,0,0,0,1,0,2,0,0,8,0,4,0,0,0,0,0,0,0,0,2,0,0,0,0,61
17031320100,31,192,0,2,524,3,1,0,21,0,0,0,0,0,4,1,1,0,1,15,99,2,20,0,7,0,2,31,8,15,22,0,77,1,6,0,0,0,0,1,0,0,4,0,0,0,0,0,1091
17031320400,14,122,0,8,437,0,0,0,11,0,0,0,0,0,0,1,1,0,2,9,50,0,10,0,5,0,2,16,14,10,8,0,23,0,0,0,1,0,0,0,0,0,0,0,0,0,0,0,744
17031320600,17,58,0,0,43,1,1,0,17,0,0,0,0,0,1,2,1,1,0,8,39,0,5,0,3,0,0,0,0,6,5,0,27,0,1,0,0,0,0,0,0,0,0,0,0,0,0,0,236
17031330100,9,80,0,0,112,12,6,0,13,0,0,0,0,1,0,5,0,0,1,7,45,1,17,0,3,0,0,4,0,13,5,0,81,0,6,0,3,0,0,2,0,0,0,6,0,0,5,0,437
17031330200,0,6,0,0,5,2,0,0,0,0,0,0,0,0,0,0,0,0,0,1,3,0,0,0,0,0,0,0,0,0,0,0,5,0,1,0,0,0,0,0,0,0,0,0,0,0,0,0,23
17031340300,0,2,1,1,3,0,0,0,0,0,0,0,0,0,0,1,0,0,0,0,1,0,1,0,0,0,0,1,0,0,0,0,2,0,1,0,0,0,0,0,0,0,0,0,0,0,1,0,15
17031340400,0,14,2,0,25,0,0,0,0,0,0,0,0,0,0,0,0,0,0,0,2,0,1,0,0,0,0,2,0,1,0,0,3,0,0,0,0,0,0,0,0,0,0,0,0,0,0,0,50
17031340500,3,7,0,0,5,2,0,0,0,0,0,0,0,1,0,0,0,0,0,0,4,0,1,0,1,0,0,0,0,2,0,0,6,0,0,0,0,0,0,0,0,0,0,4,0,0,0,0,36
17031340600,3,7,0,0,4,0,0,0,1,0,0,0,0,0,0,0,0,0,0,0,6,0,0,0,0,0,0,1,0,0,0,0,1,0,1,0,0,0,0,0,0,0,0,0,0,0,0,0,24
17031350100,1,0,0,0,0,0,0,0,0,0,0,0,0,0,0,0,0,0,0,0,0,0,0,0,0,0,0,0,0,0,0,0,1,0,1,0,0,0,0,0,0,0,0,0,0,0,0,0,3
17031350400,0,1,0,0,1,0,0,0,0,0,0,0,0,0,0,1,0,0,0,0,0,0,0,0,0,0,0,0,0,0,0,0,1,0,2,0,0,0,0,0,0,0,0,0,0,0,0,0,6
17031351000,0,10,0,0,10,0,0,0,0,0,0,0,0,0,0,0,0,0,0,2,2,0,0,0,0,0,0,0,0,2,0,0,10,0,3,0,0,0,0,0,0,0,0,0,0,0,0,0,39
17031351100,0,1,0,0,5,0,0,0,0,0,0,0,0,0,0,0,0,0,0,0,0,0,0,0,0,0,0,0,0,0,0,0,2,0,4,0,0,0,0,0,0,0,0,0,0,0,0,0,12
17031351400,0,2,0,0,7,0,0,0,1,0,0,0,0,0,0,1,0,0,0,1,1,0,1,0,1,0,0,0,0,1,0,0,5,0,7,0,0,0,0,0,0,0,0,0,0,0,0,0,28
17031351500,0,2,0,0,1,0,0,0,0,0,0,0,0,0,0,0,0,0,0,0,0,0,0,0,0,0,0,0,0,0,0,0,1,0,0,0,0,0,0,0,0,0,0,0,0,0,0,0,4
17031360200,0,0,0,0,1,0,0,0,0,0,0,0,0,0,0,0,0,0,0,0,0,0,0,0,0,0,0,0,0,0,0,0,0,0,0,0,0,0,0,0,0,0,0,0,0,0,0,0,1
17031380100,0,4,0,0,11,1,0,0,0,0,0,0,0,0,0,0,0,0,0,0,0,0,0,0,0,0,0,0,0,0,0,0,5,0,1,0,0,0,0,0,0,0,0,1,0,0,0,0,23
17031380200,0,4,0,0,1,1,0,0,0,0,0,0,0,1,0,0,0,0,0,0,0,0,0,0,0,0,0,0,0,3,0,0,4,0,1,0,0,0,0,0,0,0,0,0,0,0,1,0,16
17031380700,0,2,0,0,4,1,0,0,0,0,0,0,0,0,0,0,0,0,0,0,0,0,0,0,0,0,0,0,0,0,0,0,4,0,1,0,0,0,0,0,0,0,0,0,0,0,0,0,12
17031381200,0,6,0,0,11,0,0,0,2,0,0,0,0,0,0,2,0,0,0,1,2,0,0,0,0,0,0,0,0,2,0,0,5,0,3,0,0,0,0,0,0,0,0,0,0,0,1,0,35
17031381400,0,6,0,0,16,0,0,0,0,0,0,0,0,1,0,0,0,0,0,0,0,0,0,0,0,0,0,0,0,4,0,0,2,0,2,0,0,0,0,0,0,0,0,0,0,0,0,0,31
17031381500,0,6,0,0,8,0,0,0,0,0,0,0,0,0,0,0,0,0,0,1,0,0,0,0,0,0,0,0,0,1,0,0,0,0,0,0,0,0,0,0,0,0,0,0,0,0,0,0,16
17031381700,0,0,0,0,2,0,0,0,0,0,0,0,0,0,0,0,0,0,0,0,0,0,0,0,0,0,0,0,0,0,0,0,0,0,0,0,0,0,0,0,0,0,0,0,0,0,0,0,2
17031381800,0,4,0,0,10,3,0,0,0,0,0,0,0,0,0,0,0,0,0,1,0,0,0,0,0,0,1,0,0,1,0,0,4,0,0,0,0,0,0,0,0,0,0,1,0,1,1,0,27
17031381900,0,2,0,0,0,0,0,0,0,0,0,0,0,0,0,0,0,0,0,0,0,0,0,0,0,0,0,0,0,0,0,0,1,0,2,0,0,0,0,0,0,0,0,0,0,0,2,0,7
17031390100,0,9,0,0,10,0,0,0,0,0,0,0,0,0,0,0,0,0,0,3,0,0,0,0,0,0,0,0,0,2,0,0,7,0,0,0,0,0,0,0,0,0,0,0,0,0,0,1,32
17031390200,1,4,0,0,6,0,0,0,2,0,0,0,0,1,0,0,0,0,0,0,2,0,0,0,1,0,0,0,0,1,0,0,6,0,0,0,0,0,0,1,0,0,0,0,0,0,1,0,26
17031390300,0,8,0,0,5,1,0,0,1,0,0,0,0,0,0,0,0,0,0,0,0,0,0,0,0,0,0,0,0,1,0,0,4,0,0,0,0,0,0,0,0,0,0,0,0,0,1,0,21
17031390400,0,1,0,0,2,0,0,0,0,0,0,0,0,0,0,0,0,0,0,0,0,0,0,0,0,0,0,0,0,0,0,0,7,0,3,0,0,0,0,0,0,0,0,0,0,0,1,0,14
17031390500,0,0,0,0,1,0,0,0,0,0,0,0,0,0,0,0,0,0,0,0,0,0,0,0,0,0,0,0,0,0,0,0,4,0,0,0,0,0,0,0,0,0,0,0,0,0,0,0,5
17031390600,0,0,0,0,0,0,0,0,0,0,0,0,0,0,0,0,0,0,0,0,0,0,0,0,0,0,0,0,0,0,0,0,6,0,0,0,0,0,0,0,0,0,0,0,0,0,0,0,6
17031390700,1,3,0,0,3,1,0,0,0,0,0,0,0,1,0,0,0,0,0,0,4,0,0,0,0,0,0,0,0,1,0,0,17,0,2,0,0,0,0,0,0,0,0,1,0,0,0,0,34
17031400300,0,4,0,0,5,0,0,0,0,0,0,0,0,2,0,0,0,0,0,0,0,0,0,0,0,0,0,0,0,2,0,0,2,0,1,0,0,0,0,0,0,0,0,1,0,0,0,0,17
17031400400,0,5,0,0,2,0,0,0,0,0,0,0,0,0,0,1,0,0,0,1,1,0,0,0,0,0,0,0,0,2,0,0,2,0,2,0,0,0,0,0,0,0,0,0,0,0,0,0,16
17031400500,0,3,0,0,2,0,0,0,0,0,0,0,0,0,0,0,0,0,0,1,0,0,0,0,0,0,0,0,0,2,0,0,1,0,0,0,0,0,0,0,0,0,0,0,0,0,1,0,10
17031400800,0,6,0,0,3,3,1,0,0,0,0,0,0,0,0,0,0,0,0,0,0,0,0,0,0,0,0,0,0,0,0,0,2,0,2,0,0,0,0,0,0,0,0,0,0,0,0,0,17
17031410100,1,9,0,1,21,0,0,0,2,0,0,0,0,1,0,0,0,0,0,1,3,0,0,0,0,0,0,0,0,2,0,0,7,0,2,0,0,0,0,0,0,0,0,0,0,0,0,0,50
17031410200,0,0,0,0,0,0,0,0,0,0,0,0,0,0,0,0,0,0,0,0,0,0,0,0,0,0,0,0,0,0,0,0,1,0,0,0,0,0,0,0,0,0,0,0,0,0,0,0,1
17031410500,1,1,0,0,0,0,0,0,0,0,0,0,0,0,0,0,0,0,0,0,0,0,0,0,0,0,0,0,0,0,0,0,4,0,2,0,0,0,0,0,0,0,0,0,0,0,0,0,8
17031410600,0,6,0,0,5,2,0,0,1,0,0,0,0,0,0,1,0,0,0,0,1,0,1,0,0,0,0,0,0,0,0,0,4,0,1,0,0,0,0,0,0,0,0,0,0,0,1,0,23
17031410700,2,17,0,0,14,1,1,0,0,0,0,0,0,0,0,0,0,0,0,2,2,0,0,0,0,0,0,0,1,2,0,0,5,0,3,0,0,0,0,0,0,0,0,0,0,0,0,0,50
17031410800,2,37,0,0,40,0,0,0,2,0,0,0,5,0,0,0,0,0,0,3,15,1,5,0,4,0,0,0,0,3,1,0,17,0,1,0,0,0,0,0,0,0,0,0,0,0,0,2,138
17031410900,0,5,0,0,5,0,0,0,1,0,0,0,0,0,0,2,0,0,0,0,2,0,2,0,1,0,0,0,0,1,0,0,7,0,0,0,0,0,0,0,0,0,0,0,0,0,0,0,26
17031411000,2,12,0,0,20,2,0,0,1,0,0,0,0,0,0,0,0,0,0,1,3,0,1,0,1,0,0,1,0,1,0,0,12,0,1,0,0,0,0,0,0,0,0,0,0,0,1,0,59
17031411100,1,7,0,0,11,0,0,0,0,0,0,0,0,0,0,0,0,0,0,1,1,0,0,0,0,0,0,0,1,1,0,0,4,0,0,0,0,0,0,0,0,0,0,0,0,0,0,0,27
17031411200,3,10,0,0,3,0,0,0,0,0,0,0,0,0,0,1,0,1,0,0,1,0,1,0,0,0,0,0,0,0,0,0,1,0,0,0,1,0,0,0,0,0,0,0,0,0,1,0,23
17031420100,0,1,0,0,3,1,0,0,0,0,0,0,0,0,0,0,0,0,0,0,0,0,0,0,0,0,0,0,0,0,0,0,5,0,1,0,0,0,0,0,0,0,0,0,0,0,0,0,11
17031420200,4,3,0,0,1,0,0,0,0,0,0,0,0,0,0,0,0,0,0,0,0,0,0,0,0,0,0,0,0,0,0,0,2,0,1,0,0,0,0,0,0,0,0,0,0,0,0,0,11
17031420300,2,4,0,0,1,0,0,0,0,0,0,0,0,0,0,0,0,0,0,0,0,0,0,0,0,0,0,2,0,0,0,0,0,0,0,0,0,0,0,0,0,0,0,0,0,0,0,0,9
17031420400,5,3,0,0,1,1,0,0,1,0,0,0,0,1,0,0,0,0,0,0,1,0,1,0,1,0,0,0,0,1,0,0,4,0,3,0,0,0,0,0,0,0,0,0,0,0,0,0,23
17031420500,0,2,0,0,1,0,0,0,0,0,0,0,0,0,0,0,0,0,0,1,0,0,0,0,0,0,0,1,1,1,0,0,0,0,3,0,0,0,0,1,0,0,0,0,0,0,0,0,11
17031420600,0,4,0,0,7,2,0,0,0,0,0,0,0,0,0,0,0,0,0,0,0,0,0,0,0,0,0,0,0,1,0,0,1,0,4,0,0,0,0,0,0,0,0,0,0,1,0,0,20
17031420700,0,19,0,0,25,2,1,0,0,0,0,0,0,0,0,0,0,0,0,3,0,0,0,0,0,0,0,0,0,11,0,0,7,0,1,0,0,0,0,0,0,0,0,1,0,0,0,0,70
17031420800,0,7,0,0,19,0,0,0,1,0,0,0,0,0,0,0,0,0,0,2,1,0,0,0,0,0,0,0,0,5,0,0,5,0,0,0,0,0,0,0,0,0,0,0,0,0,0,0,40
17031421200,0,3,0,2,6,0,0,0,0,0,0,0,0,2,0,0,0,0,0,0,0,0,0,0,0,0,0,0,0,2,0,0,3,0,0,0,0,0,0,0,0,0,0,4,0,0,0,0,22
17031430101,0,5,0,0,14,0,0,0,0,0,0,0,0,0,0,1,1,1,0,0,0,0,0,0,0,0,0,0,0,0,0,0,6,0,2,0,0,0,0,0,0,0,0,0,0,0,0,0,30
17031430102,0,3,0,0,4,0,0,0,0,0,0,0,0,0,0,0,0,0,0,0,2,0,0,0,0,0,0,0,0,0,0,0,3,0,3,0,0,0,0,0,0,0,0,0,0,0,0,0,15
17031430200,0,8,0,0,1,3,1,0,0,0,0,0,0,2,0,0,0,0,0,0,0,0,0,0,0,0,0,0,0,3,0,0,9,0,2,0,0,0,0,0,0,0,0,0,0,0,1,0,30
17031430300,0,6,0,0,16,0,0,0,1,0,0,0,0,0,0,1,0,0,0,0,1,0,0,0,0,0,1,0,0,2,0,0,2,0,0,0,0,0,0,0,0,0,0,1,0,0,0,0,31
17031430400,0,14,0,1,8,1,1,0,0,0,0,0,0,1,0,1,0,0,0,0,0,0,0,0,0,0,0,0,1,2,0,0,6,0,2,0,0,0,0,0,0,0,0,4,0,0,0,0,42
17031430500,0,6,0,0,26,0,0,0,0,0,0,0,0,0,0,0,0,0,0,0,0,0,0,0,0,0,0,0,0,2,0,0,6,0,1,0,0,1,0,0,0,0,0,2,0,0,0,0,44
17031430600,0,11,0,0,13,1,0,0,0,0,0,0,0,0,0,0,0,0,0,1,0,0,0,0,0,0,0,0,1,2,0,0,9,0,0,0,0,0,0,0,0,0,0,0,0,0,0,0,38
17031430700,1,6,0,0,7,2,0,0,0,0,0,0,0,0,0,1,0,0,0,0,0,0,0,0,0,0,0,0,0,1,0,0,3,0,4,0,0,0,0,0,0,0,0,0,0,0,0,0,25
17031430800,0,1,0,0,5,2,0,0,0,0,0,0,0,1,0,0,0,0,0,0,0,0,0,0,0,0,0,0,0,1,0,0,8,0,1,0,0,0,0,0,0,0,0,1,0,0,1,0,21
17031430900,0,4,0,0,4,1,0,0,0,0,0,0,0,1,0,0,0,0,0,0,0,0,0,0,0,0,0,0,0,1,0,0,3,0,0,0,0,0,0,0,0,0,0,1,0,0,0,0,15
17031431200,0,6,0,0,10,1,0,0,0,0,0,0,0,2,0,0,0,0,0,0,0,0,0,0,0,0,0,0,0,3,0,0,6,0,4,0,0,0,0,0,0,0,0,0,0,0,0,0,32
17031431301,0,4,0,0,11,1,0,0,0,0,0,0,0,0,0,0,0,0,0,1,0,0,0,0,0,0,0,0,0,3,0,0,5,0,2,0,0,0,0,0,0,0,0,0,0,0,0,0,27
17031431302,0,10,0,0,6,1,0,0,1,0,0,0,0,1,1,0,0,0,0,2,1,0,0,0,0,0,0,0,0,4,0,0,5,0,5,0,0,0,0,0,0,0,0,0,0,1,1,0,39
17031431400,0,6,0,0,4,2,0,0,0,0,0,0,0,0,0,0,0,0,0,1,0,0,0,0,0,0,0,0,0,3,0,0,10,0,6,0,0,1,0,0,0,0,0,1,0,0,0,0,34
17031440101,0,8,0,0,12,0,0,0,0,0,0,0,0,0,0,0,0,0,0,3,0,0,0,0,0,0,0,0,0,3,0,0,2,0,2,0,0,0,0,0,0,0,0,0,0,0,0,0,30
17031440102,0,16,0,0,33,2,0,0,1,0,0,0,0,1,0,0,0,0,0,0,0,0,0,0,0,0,0,0,0,3,0,0,6,0,3,0,0,0,0,0,0,0,0,0,0,0,0,0,65
17031440201,0,8,0,0,32,1,0,0,0,0,0,0,0,1,0,2,0,0,0,0,0,0,0,0,0,0,1,0,0,1,0,0,8,0,4,0,0,0,0,0,0,0,0,2,0,0,0,0,60
17031440202,0,17,0,0,26,2,0,0,1,0,0,0,0,0,0,1,0,0,0,1,1,0,1,0,0,0,0,0,1,2,0,0,9,0,3,0,0,0,0,0,0,0,0,0,0,0,0,0,65
17031440300,0,12,0,0,20,2,0,0,0,0,0,0,0,2,0,1,0,0,0,0,0,0,0,0,0,0,0,0,0,2,0,0,6,0,2,0,0,0,0,0,0,0,0,3,0,0,0,0,50
17031440600,0,4,0,0,2,1,0,0,0,0,0,0,0,2,0,0,0,0,0,0,0,0,0,0,0,0,0,0,0,3,0,0,3,0,1,0,0,0,0,0,0,0,0,0,0,0,1,0,17
17031440700,0,2,0,0,2,0,0,0,0,0,0,0,0,1,0,1,0,0,0,1,0,0,0,0,0,0,0,0,0,2,0,0,2,0,2,0,0,0,0,0,0,0,0,0,0,0,0,0,13
17031440800,0,2,0,0,7,2,0,0,0,0,0,0,0,1,0,0,0,0,0,1,0,0,0,0,0,0,0,0,0,2,0,0,2,0,1,0,0,0,0,0,0,0,0,0,0,0,0,0,18
17031440900,0,1,0,0,7,1,0,0,0,0,0,0,0,0,0,0,0,0,0,0,0,0,0,0,0,0,0,0,0,0,0,0,5,0,3,0,0,0,0,0,0,0,0,0,0,0,0,0,17
17031450300,0,15,0,1,45,4,0,0,0,0,0,0,0,1,0,0,0,0,0,1,0,0,0,0,0,0,0,0,0,5,0,0,8,0,1,0,0,0,0,0,0,0,0,1,0,0,0,0,82
17031460100,0,9,0,0,7,3,0,0,0,0,0,0,0,0,0,0,0,0,0,1,0,0,0,0,0,0,0,0,1,4,0,0,5,0,1,0,0,0,0,0,0,0,0,1,0,0,0,0,32
17031460200,0,3,0,1,4,0,0,0,0,0,0,0,0,1,0,0,0,0,0,0,0,0,0,0,0,0,0,0,0,3,0,0,3,0,0,0,0,0,0,0,0,0,0,5,0,0,0,0,20
17031460301,0,5,2,0,0,0,0,0,0,0,0,0,0,0,0,0,0,0,0,0,0,0,0,0,0,0,0,0,0,2,0,0,4,0,1,0,0,0,0,0,0,0,0,1,0,0,0,0,15
17031460302,0,7,0,0,4,1,0,0,0,0,0,0,0,0,0,0,0,0,0,1,0,0,0,0,0,0,0,0,0,1,0,0,4,0,1,0,0,0,0,0,0,0,0,2,0,0,0,0,21
17031460400,0,3,0,0,4,1,0,0,0,0,0,0,0,0,0,0,0,0,0,0,1,0,0,0,0,0,0,0,0,0,0,0,7,0,2,0,0,0,0,0,0,0,0,0,0,0,0,0,18
17031460500,0,7,0,1,18,5,1,0,0,0,0,0,0,1,0,1,0,1,0,0,0,0,0,0,0,0,0,0,0,2,0,0,10,0,2,0,0,0,0,0,0,0,0,5,0,0,5,0,59
17031460600,0,1,0,0,2,0,0,0,0,0,0,0,0,1,0,0,0,0,0,0,0,0,0,0,0,0,0,0,0,1,0,0,0,0,0,0,0,0,0,0,0,0,0,0,0,0,0,0,5
17031460700,0,10,0,0,10,0,0,0,0,0,0,0,0,0,0,0,0,0,0,1,1,0,0,0,0,0,0,1,0,1,0,0,1,0,2,0,0,0,0,0,0,0,0,2,0,0,0,0,29
17031461000,0,10,3,1,23,3,0,0,0,0,0,0,0,0,0,1,0,0,0,1,1,0,0,0,0,0,0,2,0,2,0,0,10,0,1,0,0,0,0,0,0,0,0,2,0,0,1,0,61
17031470100,1,2,1,2,13,0,0,0,1,0,0,0,0,0,0,1,0,0,0,1,1,0,0,0,0,0,0,0,0,1,0,0,2,0,1,0,0,0,0,0,0,0,0,3,0,0,0,0,30
17031480100,0,7,0,0,29,2,0,0,0,0,0,0,0,0,0,0,0,0,0,0,0,0,0,0,0,0,0,0,0,0,0,0,9,0,2,0,0,0,0,0,0,0,0,0,0,0,0,0,49
17031480200,0,14,0,0,8,1,0,0,0,0,0,0,0,0,0,1,0,0,0,3,0,0,0,0,0,0,0,0,0,0,0,0,2,0,0,0,0,0,0,0,0,0,0,0,0,0,0,0,29
17031480300,0,3,0,0,8,0,0,0,1,0,0,0,0,0,0,2,0,0,0,1,0,0,0,0,0,0,0,0,0,1,0,0,3,0,1,0,0,0,0,0,0,0,0,1,0,0,0,0,21
17031480400,0,5,0,0,8,3,0,0,0,0,0,0,0,1,0,0,0,0,0,0,0,0,0,0,0,0,0,0,0,3,1,0,12,0,1,0,0,0,0,0,0,0,0,1,0,0,1,0,36
17031480500,0,1,1,2,4,0,2,0,0,0,0,0,0,0,0,0,0,0,0,1,0,0,0,0,0,0,0,0,0,0,0,0,3,0,0,0,0,0,0,0,0,0,0,4,0,0,0,0,18
17031490300,0,4,0,0,0,0,0,0,0,0,0,0,0,0,0,0,0,0,0,0,0,0,0,0,0,0,0,0,0,1,0,0,4,0,3,0,0,0,0,0,0,0,0,0,0,0,0,0,12
17031490400,0,4,0,0,1,0,0,0,0,0,0,0,0,2,0,0,0,0,0,0,0,0,0,0,1,0,0,0,0,2,0,0,1,0,2,0,0,0,0,0,0,0,0,1,0,0,1,0,15
17031490500,0,1,0,0,3,0,0,0,0,0,0,0,0,0,0,0,0,0,0,0,0,0,0,0,0,0,0,0,0,0,0,0,4,0,2,0,0,0,0,0,0,0,0,1,0,0,0,0,11
17031490600,0,5,0,0,10,1,0,0,0,0,0,0,0,0,0,0,0,0,0,0,0,0,0,0,0,0,0,0,0,2,0,0,6,0,1,0,0,0,0,0,0,0,0,0,0,0,1,0,26
17031490700,0,6,0,0,0,0,0,0,0,0,0,0,0,1,0,0,0,0,0,1,0,0,0,0,0,0,0,0,0,2,0,0,7,0,2,0,0,0,0,0,0,0,0,0,0,0,0,0,19
17031490800,0,13,0,0,14,1,1,0,0,0,0,0,0,1,0,0,0,0,0,1,1,0,0,0,0,0,0,0,0,5,0,0,7,0,2,0,0,0,0,0,0,0,0,1,0,0,1,0,48
17031490901,0,2,0,0,9,1,0,0,0,0,0,0,0,0,0,0,0,0,0,0,0,0,0,0,0,0,1,0,0,0,0,0,5,0,2,0,0,0,0,0,0,0,0,0,0,0,0,0,20
17031490902,0,15,0,0,11,1,0,0,0,0,0,0,0,0,0,0,0,0,0,1,0,0,0,0,0,0,0,0,0,3,0,0,4,0,4,0,0,0,0,0,0,0,0,1,0,0,1,0,41
17031491000,0,8,0,0,9,1,0,0,0,0,0,0,0,1,0,0,0,0,0,0,0,0,0,0,0,0,0,0,0,3,0,0,7,0,4,0,0,0,0,0,0,0,0,2,0,0,1,0,36
17031491100,0,6,0,0,9,2,0,0,0,0,0,0,0,2,0,0,0,0,0,0,0,0,0,0,0,0,0,0,0,5,0,0,8,0,1,0,0,0,0,0,0,0,0,2,0,0,0,0,35
17031491200,0,4,0,0,10,3,0,0,0,0,0,0,0,0,0,0,0,0,0,0,0,0,0,0,0,0,0,0,0,0,0,0,4,0,2,0,0,0,0,0,0,0,0,2,0,0,0,0,25
17031491300,0,3,0,0,1,4,0,0,0,0,0,0,0,1,0,0,0,0,0,0,0,0,0,0,0,0,0,0,0,1,0,0,2,0,0,0,0,0,0,0,0,0,0,1,0,0,0,0,13
17031491400,0,18,0,0,52,8,0,0,0,0,0,0,0,0,0,1,0,0,0,1,0,0,0,0,0,0,0,0,2,4,0,0,1,0,3,0,0,0,0,0,0,0,0,0,0,0,0,0,90
17031500100,1,8,2,6,17,2,0,0,0,0,0,0,0,0,0,0,0,0,0,1,0,0,0,0,0,0,0,0,0,4,0,0,6,0,1,0,0,0,0,0,0,0,0,2,0,0,2,0,52
17031500200,0,10,7,4,12,0,1,0,1,0,0,0,0,1,0,0,0,0,0,1,1,0,0,0,0,0,0,0,0,2,0,0,6,0,1,0,0,0,0,0,0,0,0,0,0,0,0,0,47
17031500300,0,6,0,1,5,0,1,0,1,0,0,0,0,2,0,0,0,0,0,0,2,0,1,0,0,0,0,0,0,2,0,0,7,0,1,0,0,0,0,0,0,0,0,1,0,0,1,0,31
17031510100,0,15,0,2,14,1,0,0,0,0,0,0,0,1,0,5,0,0,1,3,0,0,0,0,0,0,0,1,0,5,0,0,6,0,0,0,0,0,0,0,0,0,0,2,0,0,0,0,56
17031510200,0,6,0,1,7,1,0,0,1,0,0,0,0,0,0,2,0,0,0,0,1,0,0,0,0,0,0,0,0,0,0,0,5,0,1,0,0,0,0,0,0,0,0,2,0,0,0,0,27
17031510300,0,22,0,3,36,0,0,0,0,0,0,0,0,3,0,0,0,0,0,4,0,0,0,0,0,0,0,0,0,5,0,0,3,0,5,0,0,0,0,0,0,0,0,0,0,0,2,0,83
17031520100,0,10,0,1,7,1,0,0,0,0,0,0,0,0,0,0,0,0,1,1,1,0,0,0,0,0,1,0,0,0,0,0,5,0,1,0,0,0,0,0,0,0,0,11,0,0,0,0,40
17031520200,0,5,0,1,14,1,0,0,0,0,0,0,0,0,0,1,0,0,0,0,0,0,0,0,0,0,0,0,0,1,0,0,8,16,2,0,0,0,0,0,0,0,0,4,0,0,0,0,53
17031520300,0,14,0,0,23,2,0,0,0,0,0,0,0,0,0,3,0,0,1,3,1,0,0,0,0,0,0,0,0,3,0,0,10,0,3,0,0,0,0,0,0,0,0,4,0,0,0,0,67
17031520400,0,17,0,0,26,0,1,0,0,0,0,0,0,0,0,2,0,0,0,2,0,0,0,0,0,0,0,0,0,2,0,0,9,0,0,0,0,0,0,0,0,0,0,2,0,0,1,0,62
17031520500,0,1,0,0,2,1,0,0,0,0,0,0,0,0,0,0,0,0,0,0,1,0,0,0,0,0,0,1,0,0,0,0,4,0,2,0,0,0,0,0,0,0,0,0,0,0,0,0,12
17031520600,0,0,0,0,4,0,0,0,0,0,0,0,0,0,0,0,0,0,0,0,0,0,0,0,0,0,0,0,0,0,0,0,1,0,1,0,0,0,0,0,0,0,0,0,0,0,0,0,6
17031530100,0,11,0,1,13,0,0,0,0,0,0,0,0,1,0,0,0,0,0,0,0,0,0,0,0,0,0,0,0,1,0,0,8,0,2,0,0,0,0,0,0,0,0,2,0,0,0,0,39
17031530200,0,9,0,0,7,2,0,0,0,0,0,0,0,1,0,0,0,0,0,0,1,0,0,0,0,0,0,0,0,2,0,0,2,0,1,0,0,0,0,0,0,0,0,2,0,0,0,0,27
17031530300,0,5,0,3,9,1,0,0,0,0,0,0,0,1,0,0,0,0,0,1,0,0,0,0,0,0,0,0,0,2,0,0,4,0,0,0,0,0,0,0,0,0,0,2,0,0,0,0,28
17031530400,0,3,0,2,11,0,0,0,1,0,0,0,0,0,0,0,0,0,0,0,0,0,0,0,0,0,0,0,0,1,0,0,4,0,1,0,0,0,0,0,0,0,0,1,0,0,0,0,24
17031530501,0,6,0,0,10,1,0,0,0,0,0,0,0,0,0,2,0,0,0,1,0,0,0,0,0,0,0,0,0,3,0,0,7,0,3,0,0,0,0,0,0,0,0,3,0,0,0,0,36
17031530502,0,1,0,0,1,0,0,0,0,0,0,0,0,1,0,0,0,0,0,0,0,0,0,0,0,0,0,0,0,1,0,0,1,0,1,0,0,0,0,0,0,0,0,1,0,0,0,0,7
17031530503,0,4,0,0,1,2,3,0,0,0,0,0,0,0,0,1,0,0,0,0,0,0,0,0,0,0,0,0,1,0,0,0,6,0,0,0,0,0,0,0,0,0,0,6,0,0,1,0,25
17031530600,0,4,0,1,3,0,0,0,0,0,0,0,0,0,0,0,0,0,0,3,0,0,0,0,0,0,0,0,0,4,0,0,2,0,2,0,0,0,0,0,0,0,0,2,0,0,0,0,21
17031540101,0,4,1,4,1,2,0,0,0,0,0,0,0,0,0,0,0,0,0,1,0,0,0,0,0,0,0,0,0,1,0,0,2,0,1,0,0,0,0,0,0,0,2,0,0,0,0,0,19
17031540102,0,3,0,3,4,0,0,0,1,0,0,0,0,0,0,0,0,0,0,0,0,0,0,0,0,0,0,0,0,1,1,0,8,0,2,0,0,0,0,0,0,0,0,1,0,0,0,0,24
17031550100,0,22,0,1,16,1,1,0,1,0,0,0,0,0,0,5,0,0,1,3,2,0,0,0,0,0,0,2,0,2,0,0,16,0,0,0,0,0,0,0,0,0,0,3,0,0,0,0,76
17031550200,0,6,0,3,2,1,0,0,2,0,0,0,0,1,0,0,0,0,0,0,2,0,2,0,1,0,0,0,0,1,0,0,3,0,0,0,0,0,0,0,0,0,0,2,0,1,1,0,28
17031560100,0,2,1,9,10,0,0,0,0,0,0,0,0,3,0,0,0,0,0,0,0,0,0,0,0,0,0,0,0,1,0,0,14,0,1,0,0,0,0,0,0,0,0,3,0,0,0,0,44
17031560200,1,2,0,0,3,0,0,0,0,0,0,0,0,1,0,0,0,0,0,0,0,0,0,0,0,0,1,0,0,1,0,0,1,0,0,0,0,0,0,0,0,0,0,1,0,0,0,0,11
17031560300,1,7,0,0,5,0,0,0,0,0,0,0,0,1,0,0,0,0,0,0,1,0,0,0,0,0,0,1,1,1,0,0,7,0,1,0,0,0,0,0,0,0,0,3,0,0,0,0,29
17031560400,1,9,0,0,13,0,0,0,0,0,0,0,0,3,0,0,0,0,0,0,0,0,0,0,0,0,0,0,0,3,0,0,9,0,1,0,0,0,0,0,0,0,0,4,0,0,0,0,43
17031560700,0,11,0,1,22,1,0,0,1,0,0,0,0,1,0,3,0,0,1,3,3,0,1,0,0,0,0,1,0,4,0,0,4,0,1,0,0,0,0,0,0,0,0,1,0,0,0,0,59
17031560800,1,19,0,0,36,2,0,0,2,0,0,0,0,0,0,2,0,0,0,3,4,0,1,0,0,0,0,0,1,4,0,0,10,0,1,0,0,0,0,0,0,0,0,6,0,0,0,0,92
17031560900,0,21,0,0,25,1,1,0,0,0,0,0,0,1,0,3,0,0,1,1,3,0,0,0,0,0,0,1,0,4,0,0,10,0,0,0,0,0,0,0,0,0,0,1,0,0,0,0,73
17031561000,0,17,0,0,37,2,3,0,0,0,0,0,0,1,0,5,0,0,0,2,3,0,1,0,0,0,0,0,2,3,0,0,8,0,1,0,0,0,0,0,0,0,1,0,0,0,0,0,86
17031561100,0,1,0,0,4,0,0,0,0,0,0,0,0,0,0,0,0,0,0,0,0,0,0,0,0,0,0,0,0,0,0,0,7,0,3,0,0,0,0,0,0,0,0,1,0,0,0,0,16
17031570100,0,15,5,6,11,0,0,0,0,0,0,0,0,3,0,1,0,0,0,2,0,0,0,0,0,0,0,0,0,4,0,0,9,0,1,0,0,0,0,0,0,0,0,5,0,0,0,0,62
17031570200,1,17,26,16,53,0,1,0,0,0,0,0,0,1,0,1,0,0,0,0,1,0,0,0,0,0,0,1,1,1,0,0,9,1,0,0,0,0,0,0,0,0,0,3,0,2,0,0,135
17031570300,0,35,0,8,31,0,0,0,1,0,0,0,0,1,1,7,0,1,0,4,6,0,0,0,0,0,0,1,1,3,0,0,5,0,5,0,0,0,0,0,0,0,0,6,0,0,0,0,116
17031570400,0,13,3,3,21,0,0,0,1,0,0,0,0,0,0,3,1,1,0,1,1,0,0,0,0,0,0,2,0,1,0,0,9,0,2,0,0,0,0,0,0,0,0,10,0,0,0,0,72
17031570500,0,6,0,2,13,0,0,0,1,0,0,0,0,0,0,2,0,0,0,0,2,0,0,0,0,0,0,0,0,0,0,0,7,0,0,0,0,0,0,0,0,0,0,4,0,0,0,0,37
17031580100,0,11,5,11,28,0,2,0,1,0,0,0,0,3,0,0,0,0,0,0,1,0,0,0,0,0,0,0,0,3,0,0,9,0,1,0,0,0,0,0,0,0,0,6,0,0,0,0,81
17031580200,2,11,4,7,14,0,0,0,0,0,0,0,0,1,2,1,0,0,0,0,0,0,0,0,0,0,0,0,0,1,0,0,14,0,1,0,0,0,0,0,0,0,0,5,0,0,0,0,63
17031580300,0,4,2,5,12,0,0,0,0,0,0,0,0,1,0,0,0,0,0,0,1,0,0,0,0,0,0,0,0,1,0,0,5,0,2,0,0,0,0,0,0,0,0,4,0,0,0,0,37
17031580400,0,19,1,1,41,1,1,0,3,0,0,0,0,0,0,4,2,0,0,3,5,0,1,0,1,0,0,0,1,4,0,0,10,0,3,0,0,0,0,0,0,0,0,10,0,0,1,0,112
17031580501,0,22,0,0,25,2,0,0,0,0,0,0,0,1,0,1,0,0,0,3,2,0,0,0,0,0,0,0,0,3,0,0,12,0,4,0,0,0,0,0,0,0,0,4,0,0,0,0,79
17031580502,0,30,0,0,48,2,0,0,1,0,0,0,0,0,0,2,0,0,0,0,0,0,1,0,0,0,0,2,1,2,0,0,7,0,5,0,0,0,0,0,0,0,0,3,0,0,1,0,105
17031580600,0,13,0,0,23,0,0,0,0,0,0,0,0,1,0,1,0,0,0,1,0,0,0,0,0,0,0,0,0,3,0,0,11,0,5,0,0,0,0,0,0,0,0,6,0,0,0,1,65
17031580700,0,8,0,3,18,0,0,0,0,0,0,0,0,0,0,2,0,1,1,0,1,0,0,0,0,0,0,0,0,1,0,0,5,0,3,0,0,0,0,0,0,0,0,9,0,0,0,0,52
17031580800,0,11,0,0,13,0,0,0,0,0,0,0,0,1,0,1,0,0,0,0,0,0,0,0,0,0,0,0,0,3,0,0,2,14,1,0,0,0,0,0,0,0,0,2,0,0,0,1,49
17031590500,0,8,0,0,12,1,0,0,0,0,0,0,0,0,0,0,0,0,0,1,1,0,0,0,0,0,0,0,1,1,0,0,4,0,2,0,0,0,0,0,0,0,0,3,0,0,0,0,34
17031590600,0,2,1,0,1,0,0,0,0,0,0,0,0,1,0,0,0,0,0,0,0,0,0,0,0,0,0,0,0,1,0,0,3,0,4,0,0,0,0,0,0,0,0,2,0,0,0,0,15
17031590700,1,8,4,6,26,2,0,0,0,0,0,0,0,1,0,0,0,0,0,2,1,0,0,0,0,0,0,0,0,2,0,0,9,0,1,0,0,0,0,0,0,0,0,3,0,0,0,0,66
17031600400,0,12,0,2,16,6,0,0,0,0,0,0,0,1,1,0,0,0,0,1,1,0,0,0,0,0,0,0,0,1,0,0,6,0,0,0,0,0,0,0,0,0,0,1,0,0,0,0,48
17031600600,0,3,0,0,14,4,0,0,0,0,0,0,2,0,0,1,0,0,0,1,0,0,1,0,1,0,0,0,0,1,0,0,10,0,0,0,0,0,0,0,0,0,0,3,0,0,0,0,41
17031600700,0,8,0,0,14,2,0,0,0,0,0,0,0,0,0,1,0,0,0,1,1,0,1,0,0,0,0,0,0,1,0,0,10,0,3,0,0,0,0,1,0,0,0,2,0,0,0,0,45
17031600900,0,5,0,0,11,1,0,0,1,0,0,0,0,0,0,1,0,0,1,0,1,0,0,0,0,0,0,0,0,0,0,0,7,0,0,0,0,0,0,0,0,0,0,3,0,0,0,0,31
17031610300,0,32,4,13,166,1,1,0,1,0,0,0,0,3,0,3,0,0,0,2,1,0,0,0,3,0,0,0,3,4,0,0,12,4,6,0,0,0,0,0,0,0,0,7,1,0,4,0,271
17031610400,0,9,0,0,19,0,0,0,0,0,0,0,0,0,0,3,0,0,0,2,0,0,0,0,0,0,0,0,1,3,0,0,1,0,5,0,0,0,0,0,0,0,0,2,0,0,0,0,45
17031610800,0,1,0,1,1,0,0,0,0,0,0,0,0,0,0,1,0,0,2,0,0,0,1,0,0,0,0,0,0,1,0,0,0,0,0,0,0,0,0,0,0,0,0,1,0,0,0,0,9
17031611000,0,3,0,4,11,1,0,0,0,0,0,0,0,0,0,2,0,0,0,2,0,0,0,0,0,0,0,0,0,2,0,0,2,0,3,0,0,0,0,0,0,0,0,0,0,0,0,0,30
17031611100,0,3,0,1,0,0,0,0,0,0,0,0,0,0,0,1,0,0,0,1,1,0,0,0,0,0,0,0,0,1,0,0,3,0,1,0,0,0,0,0,0,0,0,1,0,0,0,0,13
17031611200,0,6,1,0,19,0,1,0,0,0,0,0,0,0,3,1,0,0,0,0,0,0,0,0,0,0,2,0,2,2,0,0,5,0,3,0,0,0,0,0,0,0,0,4,0,0,0,0,49
17031611300,0,14,1,0,30,2,0,0,0,0,0,0,0,0,0,1,0,0,0,1,0,0,0,0,0,0,2,0,1,2,0,0,7,0,5,0,0,0,0,0,0,0,0,2,0,0,0,0,68
17031611400,0,9,0,0,18,0,0,0,0,0,0,0,0,0,0,0,0,0,0,1,0,0,0,0,0,0,0,0,0,2,0,0,3,0,2,0,0,0,0,0,0,0,0,2,0,0,1,0,38
17031611500,0,7,2,1,7,0,0,0,0,0,0,0,0,1,0,0,0,0,0,0,0,0,0,0,0,0,0,0,0,1,0,0,7,10,2,0,0,0,0,0,0,0,0,5,0,0,0,0,43
17031611600,0,3,0,0,0,0,0,0,0,0,0,0,0,1,0,0,0,0,0,0,0,0,0,0,0,0,0,0,0,1,0,0,4,0,0,0,0,0,0,0,0,0,0,2,0,0,0,0,11
17031611700,0,6,0,0,2,0,0,0,0,0,0,0,0,1,0,0,0,0,0,2,0,0,0,0,0,0,0,0,0,3,0,0,5,0,1,0,0,0,0,0,0,0,0,0,0,0,0,0,20
17031611800,0,1,0,0,3,0,0,0,0,0,0,0,0,0,0,0,0,0,0,0,0,0,0,0,0,0,0,0,0,1,0,0,1,0,5,0,0,0,0,0,0,0,0,4,0,0,0,0,15
17031611900,0,6,0,0,7,2,0,0,0,0,0,0,0,0,0,0,0,0,0,1,0,0,0,0,0,0,0,0,0,2,0,0,3,0,0,0,0,0,0,0,0,0,0,2,0,0,1,0,24
17031612000,0,2,0,0,0,0,0,0,0,0,0,0,0,0,0,0,0,0,0,0,0,0,0,0,0,0,0,0,0,0,0,0,0,0,1,0,0,0,0,0,0,0,0,1,0,0,0,0,4
17031612100,0,3,0,0,0,0,0,0,0,0,0,0,0,0,0,0,0,0,0,2,0,0,0,0,0,0,0,0,0,2,0,0,2,0,2,0,0,0,0,0,0,0,0,0,0,0,0,0,11
17031620100,0,18,3,2,14,0,0,0,0,0,0,0,0,0,0,0,0,0,0,1,4,0,0,0,0,0,0,0,1,1,0,0,2,0,1,0,0,0,0,0,0,0,0,2,0,0,2,0,51
17031620200,1,21,0,2,111,3,4,0,0,0,0,0,0,1,0,0,0,0,0,3,3,0,0,0,0,0,1,0,1,2,0,0,6,0,1,0,0,0,0,0,0,0,0,5,0,0,0,0,165
17031620300,0,12,0,0,16,1,1,0,0,0,0,0,0,2,0,6,0,0,0,2,0,0,0,0,0,0,0,0,0,4,0,0,9,0,1,0,0,0,0,0,0,0,0,0,0,0,1,0,55
17031620400,0,8,1,0,9,1,0,0,0,0,0,0,0,1,0,1,0,0,0,0,0,0,0,0,0,0,0,0,0,2,0,0,5,0,3,0,0,0,0,0,0,0,0,0,0,0,1,0,32
17031630100,0,4,0,4,3,0,0,0,0,0,0,0,0,2,0,0,0,0,0,0,0,0,0,0,0,0,0,0,0,2,0,0,2,0,0,0,0,0,0,0,0,0,0,1,0,0,0,0,18
17031630200,0,15,1,2,16,0,0,0,2,0,0,0,0,2,0,3,0,0,0,0,2,0,0,0,0,0,0,0,0,3,0,0,8,4,0,0,0,0,0,0,0,0,0,5,0,0,0,0,63
17031630300,0,23,1,2,35,1,0,0,1,0,0,0,0,0,0,3,0,0,0,1,2,0,0,0,0,0,0,1,0,5,0,0,14,0,7,0,0,0,0,0,0,0,0,5,0,0,1,0,102
17031630400,0,27,0,0,30,0,0,0,0,0,0,0,0,1,0,0,0,0,0,2,2,0,0,0,0,0,0,0,0,4,0,0,7,0,5,0,0,0,0,0,0,0,0,4,0,0,0,0,82
17031630500,0,19,0,0,23,2,1,0,0,0,0,0,0,1,1,1,0,0,0,2,0,0,0,0,0,0,0,2,1,3,0,0,7,0,2,0,0,0,0,0,0,0,0,0,0,0,0,0,65
17031630800,0,18,0,0,24,1,0,0,0,0,0,0,0,0,0,0,0,0,0,0,2,0,0,0,0,0,0,0,2,2,0,0,11,1,10,0,0,0,0,0,0,0,0,3,0,0,0,0,74
17031630900,0,9,0,0,16,1,0,0,0,0,0,0,0,0,0,1,0,0,0,0,1,0,0,0,0,0,0,0,0,1,0,0,3,0,5,0,0,0,0,0,0,0,0,0,0,0,0,0,37
17031640100,1,7,0,2,4,0,1,0,0,0,0,0,0,1,0,1,0,0,0,0,1,0,0,0,0,0,0,0,1,1,0,0,1,0,1,0,0,0,0,0,0,0,0,0,0,0,0,0,22
17031640300,0,16,0,0,13,1,0,0,1,0,0,0,0,0,0,2,0,0,0,1,2,0,0,0,0,0,0,1,0,1,0,0,6,0,1,0,0,0,0,0,0,0,0,5,0,0,1,0,51
17031640400,2,6,5,20,24,0,0,0,0,0,0,0,0,0,0,1,0,0,0,2,1,0,0,0,0,0,0,0,0,4,0,0,14,0,0,0,0,0,0,0,0,0,0,11,0,0,0,0,90
17031640500,0,6,0,0,8,0,0,0,0,0,0,0,0,0,0,0,0,0,0,0,0,0,0,0,0,0,0,0,0,0,0,0,0,0,0,0,0,0,0,0,0,0,0,3,0,0,0,0,17
17031640600,0,10,0,2,27,0,2,0,0,0,0,0,0,0,0,4,1,1,1,1,1,0,0,0,0,0,0,0,0,3,0,0,13,0,1,0,0,0,0,0,0,0,1,5,0,0,0,0,73
17031640700,1,9,0,0,11,0,0,0,0,0,0,0,0,0,0,2,0,0,0,0,2,0,0,0,0,0,0,0,0,0,0,0,8,0,0,0,0,0,0,0,0,0,0,7,0,0,0,0,40
17031640800,0,9,0,1,2,0,0,0,0,0,0,0,0,0,0,0,0,0,0,0,0,0,0,0,0,0,0,0,0,0,0,0,0,0,1,0,0,0,0,0,0,0,0,1,0,0,0,0,14
17031650100,0,15,0,0,15,1,0,0,0,0,0,0,0,1,0,0,0,0,0,2,3,0,0,0,0,0,0,1,0,2,0,0,6,0,4,0,0,0,0,0,0,0,0,4,0,0,0,0,54
17031650200,0,23,0,0,44,3,1,0,1,0,0,0,0,0,1,0,0,0,0,2,5,0,0,0,0,0,0,0,0,4,0,0,12,0,3,0,0,0,0,0,0,0,0,8,0,0,0,0,107
17031650301,0,22,0,0,44,0,2,0,0,0,0,0,0,1,0,1,0,0,1,1,1,0,0,0,0,0,0,0,0,3,0,0,10,0,3,0,0,0,0,0,0,0,0,1,0,0,0,0,90
17031650302,0,9,0,0,15,2,1,0,0,0,0,0,0,1,0,0,0,0,0,2,1,0,0,0,0,0,0,0,1,1,0,0,11,0,2,0,0,0,0,0,0,0,0,2,0,0,0,0,48
17031650400,0,11,0,0,12,0,0,0,0,0,0,0,0,0,0,0,0,0,0,0,0,0,0,0,0,0,0,0,0,1,0,0,11,0,3,0,0,0,0,0,0,0,0,2,0,0,0,0,40
17031650500,0,36,1,4,79,2,0,0,2,0,0,0,0,1,1,2,0,0,0,0,3,0,1,0,0,0,0,0,2,2,0,0,9,0,3,0,0,0,0,0,0,0,0,1,0,0,0,0,149
17031660301,0,11,0,0,23,0,0,0,0,0,0,0,0,2,0,0,0,0,0,0,0,0,0,0,0,0,0,0,0,2,0,0,1,0,2,0,0,0,0,0,0,0,0,1,0,0,0,0,42
17031660302,0,12,0,0,28,4,0,0,0,0,0,0,0,1,1,0,0,0,0,2,2,0,0,0,0,0,0,0,3,5,0,0,8,0,6,0,0,0,0,0,0,0,0,3,0,0,0,0,75
17031660400,0,10,0,1,21,0,0,0,0,0,0,0,0,0,0,1,0,0,0,2,0,0,0,0,0,0,0,0,1,3,0,0,12,0,9,0,0,0,0,0,0,0,0,5,0,0,0,0,65
17031660500,0,11,0,0,10,1,0,0,0,0,0,0,0,1,0,0,0,0,0,2,1,0,0,0,0,0,0,0,0,2,0,0,7,0,5,0,0,0,0,0,0,0,0,2,0,0,0,0,42
17031660600,0,20,0,0,34,1,0,0,0,0,0,0,0,1,0,0,0,0,0,2,0,0,0,0,0,0,1,0,1,8,0,0,5,0,6,0,0,0,0,0,0,0,0,2,0,0,0,0,81
17031660700,0,6,0,1,14,0,0,0,0,0,0,0,0,0,0,0,0,0,0,2,0,0,0,0,0,0,0,0,0,2,0,0,3,0,2,0,0,0,0,0,0,0,0,11,0,0,0,0,41
17031660800,0,11,0,0,7,2,0,0,0,0,0,0,0,2,0,2,0,0,0,0,0,0,0,0,0,0,0,0,1,3,0,0,9,0,7,0,0,0,0,0,0,0,0,0,0,0,0,0,44
17031660900,0,8,0,0,26,3,1,0,0,0,0,0,0,0,0,0,0,0,0,3,0,0,0,0,0,0,1,0,1,5,0,0,11,0,3,0,0,0,0,0,0,0,0,5,0,0,1,0,68
17031661000,0,16,0,0,24,1,0,0,0,0,0,0,0,1,0,0,0,0,0,2,0,0,0,0,0,0,0,0,1,4,0,0,4,0,1,0,0,0,0,0,0,0,0,16,0,0,0,0,70
17031661100,0,6,1,0,6,2,0,0,0,0,0,0,0,1,0,0,0,0,0,2,0,0,0,0,0,0,0,0,0,3,0,0,11,0,5,0,0,0,0,0,0,0,0,0,0,0,0,0,37
17031670100,0,2,0,0,1,1,0,0,0,0,0,0,0,1,0,0,0,0,0,1,0,0,0,0,0,0,0,0,0,2,0,0,0,0,0,0,0,0,0,0,0,0,0,1,0,0,0,0,9
17031670200,0,3,0,5,6,0,0,0,0,0,0,0,0,1,0,0,0,0,0,0,0,0,0,0,0,0,0,0,0,3,0,0,4,0,0,0,0,0,0,0,0,0,0,0,0,0,0,0,22
17031670300,0,11,0,0,4,0,0,0,0,0,0,0,0,0,0,0,0,0,0,2,0,0,0,0,0,0,0,0,1,2,0,0,0,0,0,0,0,0,0,0,0,0,0,1,0,0,0,0,21
17031670400,0,5,0,0,1,0,0,0,0,0,0,0,0,0,0,1,0,0,0,2,0,0,0,0,0,0,0,0,0,4,0,0,4,0,2,0,0,0,0,0,0,0,0,0,0,0,0,0,19
17031670500,0,3,0,0,0,0,0,0,0,0,0,0,0,0,0,0,0,0,0,1,0,0,0,0,0,0,0,0,0,2,0,0,4,0,2,0,0,0,0,0,0,0,0,3,0,0,0,0,15
17031670600,0,2,0,0,3,0,0,0,0,0,0,0,0,0,0,0,0,0,0,0,0,0,0,0,0,0,0,0,0,0,0,0,2,0,2,0,0,0,0,0,0,0,0,0,0,0,0,0,9
17031670700,0,8,0,0,16,1,0,0,0,0,0,0,0,1,0,0,0,0,0,2,0,0,0,0,0,0,0,0,0,3,0,0,2,0,3,0,0,0,0,0,0,0,0,4,0,0,0,0,40
17031670800,0,5,0,0,22,1,0,0,0,0,0,0,0,2,0,0,0,0,0,1,0,0,0,0,0,0,0,0,0,3,0,0,2,0,1,0,0,0,0,0,0,0,0,2,0,0,0,0,39
17031670900,0,1,0,0,3,0,0,0,0,0,0,0,0,0,0,1,0,0,0,0,0,0,0,0,0,0,0,0,0,0,0,0,1,0,0,0,0,0,0,0,0,0,0,1,0,0,0,0,7
17031671100,0,1,0,0,4,2,0,0,0,0,0,0,0,0,0,0,0,0,0,0,0,0,0,0,0,0,0,0,0,0,0,0,3,0,0,0,0,0,0,0,0,0,0,0,0,0,0,0,10
17031671200,0,2,0,0,4,1,0,0,0,0,0,0,0,0,0,0,0,0,0,1,0,0,0,0,0,0,0,0,0,1,0,0,1,0,0,0,0,0,0,0,0,0,0,0,0,0,0,0,10
17031671300,0,4,0,0,2,0,0,0,0,0,0,0,0,0,0,0,0,0,0,1,0,0,0,0,0,0,0,0,0,2,0,0,2,0,3,0,0,0,0,0,0,0,0,4,0,0,0,0,18
17031671400,0,7,0,0,3,0,0,0,0,0,0,0,0,4,0,0,0,0,0,2,0,0,0,0,0,0,0,0,0,6,0,0,0,0,2,0,0,0,0,0,0,0,0,0,0,0,0,0,24
17031671500,0,15,0,0,11,0,0,0,0,0,0,0,0,3,0,0,0,0,0,2,0,0,0,0,0,0,0,0,1,8,0,0,3,0,1,0,0,0,0,0,0,0,0,0,0,0,0,0,44
17031671600,0,6,0,0,9,0,0,0,0,0,0,0,0,1,0,0,0,0,0,1,0,0,0,0,0,0,0,0,0,3,0,0,3,0,3,0,0,0,0,0,0,0,0,4,0,0,0,0,30
17031671800,0,1,0,0,1,0,0,0,0,0,0,0,0,0,0,1,0,1,0,0,0,0,0,0,0,0,0,0,0,1,0,0,3,0,2,0,0,0,0,0,0,0,0,1,0,0,0,0,11
17031671900,0,1,0,0,7,1,0,0,0,0,0,0,0,1,0,0,0,0,0,0,0,0,0,0,0,0,0,0,0,1,0,0,0,0,1,0,0,0,0,0,0,0,0,1,0,0,0,0,13
17031672000,0,6,2,0,8,2,0,0,0,0,0,0,0,0,0,0,0,0,0,3,0,0,0,0,0,0,0,0,0,5,0,0,5,0,4,0,0,0,0,0,0,0,0,1,0,0,1,0,37
17031680500,0,4,0,0,2,0,0,0,0,0,0,0,0,0,0,0,0,0,0,2,0,0,0,0,0,0,0,0,0,2,0,0,0,0,0,0,0,0,0,0,0,0,0,1,0,0,0,0,11
17031680600,0,4,0,0,3,0,0,0,0,0,0,0,0,0,0,0,0,0,0,4,0,0,0,0,0,0,0,0,0,4,0,0,0,0,1,0,0,0,0,0,0,0,0,0,0,0,0,0,16
17031680900,0,12,0,0,7,0,0,0,0,0,0,0,0,2,0,0,0,0,0,2,0,0,0,0,0,0,0,0,0,5,0,0,4,0,1,0,0,0,0,0,0,0,0,1,0,0,0,0,34
17031681000,0,12,0,0,11,1,0,0,0,0,0,0,0,1,0,0,0,0,0,1,0,0,0,0,0,0,0,0,1,7,0,0,1,0,4,0,0,0,0,0,0,0,0,0,0,0,1,0,40
17031681100,0,5,0,0,5,2,0,0,0,0,0,0,0,0,0,1,0,0,0,0,0,0,0,0,0,0,0,0,0,1,0,0,6,0,0,0,0,0,0,0,0,0,0,1,0,0,0,0,21
17031681200,0,11,0,0,10,3,0,0,0,0,0,0,0,0,0,0,0,0,0,1,0,0,0,0,0,0,0,0,0,3,0,0,0,0,0,0,0,0,0,0,0,0,0,0,0,0,0,0,28
17031681300,0,3,1,0,3,1,0,0,0,0,0,0,0,0,0,1,0,0,0,1,0,0,0,0,0,0,0,0,0,2,0,0,6,0,2,0,0,0,0,0,0,0,0,1,0,0,0,0,21
17031681400,0,4,0,0,4,0,0,0,0,0,0,0,0,1,0,0,0,0,0,0,0,0,0,0,0,0,0,0,0,4,0,0,2,0,3,0,0,0,0,0,0,0,0,5,0,0,0,0,23
17031690300,0,4,0,0,6,0,0,0,0,0,0,0,0,1,0,0,0,0,1,0,0,0,0,0,0,0,0,0,0,1,0,0,2,0,1,0,0,0,0,0,0,0,0,0,0,0,0,0,16
17031690400,1,8,0,0,15,2,1,0,0,0,0,0,0,2,0,0,0,0,0,2,0,0,0,0,0,0,0,0,0,5,0,0,8,0,3,0,0,0,0,0,0,0,0,3,0,0,0,0,50
17031690500,0,3,0,0,7,1,0,0,0,0,0,0,0,0,0,0,0,0,0,1,0,0,0,0,0,0,0,0,0,2,0,0,5,0,1,0,0,0,0,0,0,0,0,0,0,0,0,0,20
17031690900,0,9,0,0,15,2,0,0,0,0,0,0,0,0,0,2,0,0,0,1,0,0,0,0,0,0,0,0,0,2,0,0,2,0,3,0,0,0,0,0,0,0,0,3,0,0,0,0,39
17031691000,0,26,2,0,10,0,0,0,0,0,0,0,0,4,0,0,0,0,0,3,0,0,0,0,0,0,0,0,0,11,0,0,2,0,4,0,0,0,0,0,0,0,0,0,0,0,0,0,62
17031691100,0,8,1,0,8,1,0,0,0,0,0,0,0,0,0,0,0,0,0,1,0,0,0,0,0,0,0,0,0,4,0,0,2,0,1,0,0,0,0,0,0,0,0,1,0,0,0,0,27
17031691200,0,10,1,0,18,1,0,0,1,0,0,0,0,1,0,0,0,0,0,0,1,0,0,0,0,0,0,0,0,2,0,0,5,0,5,0,0,0,0,0,0,0,0,0,1,1,0,0,47
17031691300,0,15,1,0,20,2,0,0,0,0,0,0,0,4,0,2,0,1,0,1,0,0,0,0,0,0,0,0,0,7,0,0,6,0,2,0,0,0,0,0,0,0,0,0,0,0,0,0,61
17031691400,0,19,0,0,34,2,0,0,0,0,0,0,0,1,0,4,0,0,0,1,0,0,0,0,0,0,0,0,0,6,0,0,4,0,2,0,0,0,0,0,0,0,0,0,0,0,0,0,73
17031691500,0,8,0,0,15,1,0,0,0,0,0,0,0,1,0,2,1,0,0,0,0,0,0,0,0,0,0,0,1,2,0,0,7,0,6,0,0,0,0,0,0,0,0,1,0,0,0,0,45
17031700100,1,12,0,5,42,5,0,0,0,0,0,0,0,2,0,0,0,0,1,1,0,0,0,0,0,0,0,1,0,2,0,0,9,0,3,0,0,0,0,0,0,0,0,15,0,0,0,0,99
17031700200,1,6,0,4,14,3,0,0,0,0,0,0,0,0,0,0,0,0,0,0,0,0,0,0,0,0,0,0,0,0,0,0,14,0,3,0,0,0,0,0,0,0,0,3,0,0,0,0,48
17031700301,0,13,0,0,19,0,1,0,0,0,0,0,0,1,0,0,0,0,0,1,0,0,0,0,0,0,0,1,1,2,0,0,12,0,4,0,0,0,0,0,0,0,0,3,0,0,0,0,58
17031700302,0,9,0,1,6,0,0,0,0,0,0,0,0,0,0,3,0,0,0,4,0,0,1,0,0,0,0,0,0,1,0,0,15,0,0,0,0,0,0,0,0,0,0,4,0,0,0,0,44
17031700401,0,13,2,1,43,5,2,0,0,0,0,0,0,3,0,1,0,0,0,1,2,0,0,0,0,0,0,0,0,5,0,0,7,0,4,0,0,0,0,0,0,0,0,9,0,0,1,0,99
17031700402,0,21,0,0,22,2,0,0,2,0,0,0,0,0,0,2,1,0,1,1,3,0,0,0,0,0,0,0,1,2,0,0,9,0,2,0,0,0,0,0,0,0,0,6,0,0,0,0,75
17031700501,0,18,0,0,29,4,0,0,0,0,0,0,0,1,0,0,0,0,0,1,0,0,0,0,0,0,0,0,1,2,0,0,12,0,3,0,0,0,0,0,0,0,0,2,0,0,0,0,73
17031700502,0,1,0,0,2,1,0,0,0,0,0,0,0,0,0,0,0,0,0,0,0,0,0,0,0,0,0,0,0,0,0,0,2,0,0,0,0,0,0,0,0,0,0,0,0,0,1,0,7
17031710100,0,3,0,0,8,0,0,0,0,0,0,0,0,0,0,0,0,0,0,0,0,0,0,0,0,0,0,0,0,1,0,0,3,0,1,0,0,0,0,0,0,0,0,0,0,0,1,0,17
17031710200,0,6,0,0,5,1,0,0,1,0,0,0,0,1,0,1,0,0,0,1,0,0,0,0,0,0,0,0,0,3,0,0,1,0,4,0,0,0,0,0,0,0,0,1,0,0,1,0,26
17031710300,0,3,0,3,1,0,0,0,0,0,0,0,0,0,0,0,0,0,0,2,0,0,0,0,0,0,0,0,0,1,0,0,1,0,0,0,0,0,0,0,0,0,0,1,0,0,0,0,12
17031710400,0,8,0,0,23,1,0,0,0,0,0,0,0,0,0,0,0,0,0,0,0,0,0,0,0,0,0,0,0,0,0,0,10,0,1,0,0,0,0,0,0,0,0,2,0,0,1,0,46
17031710500,0,14,1,0,21,4,0,0,0,0,0,0,0,3,0,0,0,0,0,3,0,0,0,0,0,0,1,0,0,12,0,0,3,0,2,0,0,0,0,0,0,0,0,0,0,0,0,0,64
17031710600,0,4,0,0,7,2,0,0,0,0,0,0,0,0,0,0,0,0,0,1,0,0,0,0,0,0,0,0,0,0,0,0,1,0,1,0,0,0,0,0,0,0,0,0,0,0,0,0,16
17031710700,0,7,0,0,11,1,0,0,0,0,0,0,0,1,0,1,0,0,0,1,0,0,0,0,0,0,0,0,0,3,0,0,8,0,1,0,0,0,0,0,0,0,0,1,0,0,1,0,36
17031710800,0,14,0,0,11,4,0,0,0,0,0,0,0,1,0,1,0,0,0,2,0,0,0,0,0,0,0,0,1,2,0,0,10,0,2,0,0,0,0,0,0,0,0,2,0,0,0,0,50
17031710900,0,8,0,0,11,0,0,0,0,0,0,0,0,2,0,0,0,0,0,3,0,0,0,0,0,0,0,0,0,6,0,0,1,0,1,0,0,0,0,0,0,0,0,3,0,0,0,0,35
17031711000,0,7,0,0,11,0,0,0,0,0,0,0,0,1,0,2,0,0,0,0,0,0,0,0,0,0,0,0,0,3,0,0,6,0,3,0,0,0,0,0,0,0,0,2,0,0,0,0,35
17031711100,0,5,0,0,12,2,1,0,0,0,0,0,0,2,0,1,0,0,0,0,0,0,0,0,0,0,0,0,0,2,0,0,4,0,1,0,0,0,0,0,0,0,0,2,0,0,1,0,33
17031711200,0,9,0,0,10,2,1,0,0,0,0,0,0,1,0,0,0,0,0,0,0,0,0,0,0,0,0,0,0,2,0,0,5,0,0,0,0,0,0,0,0,0,0,0,0,0,2,0,32
17031711300,0,6,0,0,13,0,0,0,0,0,0,0,0,0,0,3,0,0,0,0,0,0,0,0,0,0,0,0,0,1,0,0,2,0,1,0,0,0,0,0,0,0,0,0,0,0,0,0,26
17031711400,0,13,0,0,25,1,0,0,0,0,0,0,0,1,0,0,0,0,0,3,0,0,0,0,0,0,0,0,0,4,0,0,12,0,2,0,0,0,0,0,0,0,0,1,0,0,0,0,62
17031711500,0,0,0,0,1,0,0,0,0,0,0,0,0,0,0,0,0,0,0,0,0,0,0,0,0,0,0,0,0,0,0,0,3,0,0,0,0,0,0,0,0,0,0,0,0,0,1,0,5
17031720100,0,13,0,1,28,0,1,0,0,0,0,0,0,0,1,0,0,0,0,0,0,0,0,0,0,0,0,1,0,1,0,0,8,0,1,0,0,0,0,0,0,0,0,1,0,0,0,0,56
17031720200,0,15,0,0,22,5,0,0,0,0,0,0,0,0,0,0,0,0,0,0,0,0,0,0,0,0,0,1,0,2,0,0,14,0,3,0,0,0,0,0,0,0,0,2,0,0,0,0,64
17031720300,0,10,0,0,31,1,1,0,0,0,0,0,0,1,0,0,0,0,0,0,1,0,0,0,0,0,0,0,1,1,0,0,17,0,1,0,0,0,0,0,0,0,0,9,0,0,0,0,74
17031720400,0,6,0,0,9,1,0,0,0,0,0,0,0,0,0,2,0,0,0,1,2,0,1,0,0,0,0,1,0,1,0,0,1,0,1,0,0,0,0,0,0,0,0,3,0,0,0,0,29
17031720500,0,7,0,0,21,2,0,0,0,0,0,0,0,1,0,5,1,0,0,2,3,0,1,0,0,0,0,0,0,4,0,0,5,0,0,0,0,0,0,0,0,0,0,0,0,0,0,0,52
17031720600,0,7,0,0,9,1,1,0,0,0,0,0,0,0,0,0,0,0,0,0,0,0,0,0,0,0,0,0,0,2,0,0,10,0,0,0,0,0,0,0,0,0,0,1,0,0,0,0,31
17031720700,0,4,0,0,15,0,0,0,0,0,0,0,0,0,0,0,0,0,0,0,0,0,0,0,0,0,0,0,0,0,0,0,7,0,1,0,0,0,0,0,0,0,0,0,0,0,0,0,27
17031730100,0,3,0,0,1,1,0,0,0,0,0,0,0,0,0,0,0,0,0,0,0,0,0,0,0,0,0,0,0,2,0,0,1,0,1,0,0,0,0,0,0,0,0,1,0,0,0,0,10
17031730201,0,13,0,0,29,1,0,0,0,0,0,0,0,0,0,0,0,0,0,3,0,0,0,0,0,0,0,0,0,5,0,0,12,0,6,0,0,0,0,0,0,0,0,0,0,0,0,0,69
17031730202,0,1,0,2,6,0,0,0,0,0,0,0,0,0,0,0,0,0,0,0,0,0,0,0,0,0,0,0,0,0,0,0,4,0,1,0,0,0,0,0,0,0,0,0,0,0,0,0,14
17031730300,0,8,0,0,8,1,1,0,0,0,0,0,0,1,0,1,0,0,0,2,1,0,1,0,0,0,0,0,0,2,0,0,4,0,0,0,0,0,0,0,0,0,0,4,0,0,0,0,34
17031730400,0,14,0,0,5,6,0,0,0,0,0,0,0,1,0,0,0,0,0,0,0,0,0,0,0,0,0,0,0,3,0,0,3,0,2,0,0,0,0,0,0,0,0,2,0,0,1,0,37
17031730500,0,6,0,0,6,2,0,0,0,0,0,0,0,2,0,1,0,0,0,0,0,0,0,0,0,0,0,0,1,1,0,0,6,0,3,0,0,0,0,0,0,0,0,1,0,0,0,0,29
17031730600,0,8,0,0,14,3,0,0,0,0,0,0,0,2,0,0,0,0,0,0,0,0,0,0,0,0,0,0,0,2,0,0,5,0,1,0,0,0,0,0,0,0,0,3,0,0,0,0,38
17031730700,0,6,0,0,13,3,0,0,0,0,0,0,0,1,0,0,0,0,0,0,0,0,0,0,0,0,0,0,0,2,0,0,6,0,1,0,0,0,0,0,0,0,0,0,0,0,0,0,32
17031740100,0,12,0,1,21,0,1,0,0,0,0,0,0,0,0,2,0,0,0,3,3,0,1,0,1,0,0,0,0,1,0,0,5,0,0,0,0,0,0,0,0,0,0,2,0,0,0,0,53
17031740200,0,16,0,0,9,0,0,0,0,0,0,0,0,0,0,1,0,0,0,3,1,0,1,0,0,0,0,2,0,2,0,0,10,0,0,0,0,0,0,0,0,0,0,1,0,0,0,0,46
17031740300,0,10,0,1,11,2,1,0,1,0,0,0,0,1,0,3,0,0,1,1,0,0,1,0,0,0,0,1,0,2,0,0,9,0,1,0,0,0,0,0,0,0,0,2,0,0,0,0,48
17031740400,0,5,0,0,15,0,0,0,0,0,0,0,0,0,0,2,0,0,0,0,2,0,2,0,0,0,0,1,0,0,0,0,9,0,0,0,0,0,0,0,0,0,0,2,0,0,0,0,38
17031750100,0,9,0,0,11,0,0,0,0,0,0,0,0,1,0,1,0,1,0,0,0,0,0,0,0,0,0,0,0,2,0,0,3,0,2,0,0,0,0,0,0,0,0,3,0,0,0,0,33
17031750200,0,5,0,0,18,5,0,0,0,0,0,0,0,0,0,0,0,0,0,0,0,0,0,0,0,0,0,0,0,0,0,0,3,0,0,0,0,0,0,0,0,0,0,1,0,0,0,0,32
17031750300,0,13,0,0,15,2,0,0,0,0,0,0,0,1,0,3,0,0,0,2,2,0,1,0,0,0,0,1,0,1,0,0,3,0,0,0,0,0,0,0,0,0,0,1,0,0,0,0,45
17031750400,0,8,0,0,21,1,1,0,1,0,0,0,0,0,0,1,0,0,0,0,2,0,0,0,0,0,0,1,1,0,0,0,6,0,0,0,0,0,0,0,0,0,0,1,0,0,0,0,44
17031750500,0,21,0,1,38,0,1,0,1,0,0,0,0,1,0,1,0,0,0,2,2,0,0,0,0,0,0,1,1,5,0,0,15,0,1,0,0,0,0,0,1,0,0,0,0,0,1,0,93
17031750600,0,15,0,0,14,2,0,0,0,0,0,0,0,0,0,0,0,0,1,4,0,0,0,0,0,0,0,0,0,5,0,0,1,0,1,0,0,0,0,0,0,0,0,3,0,0,0,0,46
17031760801,2,14,0,0,87,2,0,0,2,0,1,0,0,0,0,0,0,0,0,3,6,0,0,0,0,0,0,1,0,2,0,0,12,0,1,0,0,0,0,0,0,0,0,0,0,0,0,0,133
17031760802,0,12,0,0,10,0,0,0,0,0,0,0,0,0,0,0,0,0,0,2,2,0,0,0,0,0,0,1,0,2,0,0,9,0,0,0,0,0,0,0,0,0,0,0,0,0,0,0,38
17031760803,0,3,0,0,2,0,0,0,0,0,0,0,0,0,0,0,0,0,0,3,0,0,0,0,0,0,0,0,0,3,0,0,7,0,1,0,0,0,0,0,0,0,0,0,0,0,0,0,19
17031770602,4,145,0,0,72,0,0,0,0,0,0,0,0,0,0,4,0,0,0,1,40,0,0,0,0,0,0,0,0,15,2,0,4,0,0,0,0,0,0,0,0,0,0,0,0,0,0,0,287
17031810400,1,5,0,0,11,0,0,0,0,0,0,0,0,0,0,0,0,0,0,1,4,0,0,0,0,0,0,0,0,1,0,0,3,0,0,0,0,0,0,0,0,0,0,0,0,0,0,0,26
17031830500,0,10,7,11,35,0,0,0,0,0,0,0,0,0,0,1,0,0,0,2,1,0,0,0,0,0,0,0,0,2,0,0,9,20,1,0,0,0,0,0,0,0,0,11,0,0,1,0,111
17031830600,0,27,0,0,42,1,0,0,2,1,0,1,0,2,0,4,2,1,0,4,2,0,1,0,0,0,0,1,0,11,0,0,14,8,6,0,0,0,0,0,0,0,0,7,0,0,0,1,138
17031830700,3,41,0,0,56,2,0,0,3,0,0,0,0,0,0,2,1,0,0,4,5,0,0,0,0,0,0,5,0,5,0,0,18,0,1,0,0,0,0,0,0,0,0,0,0,0,0,1,147
17031830800,1,27,0,5,47,3,1,0,0,0,0,0,0,0,0,1,0,0,0,4,5,0,1,0,0,0,0,3,0,3,0,0,9,0,1,0,0,0,0,0,0,0,0,0,0,0,0,0,111
17031830900,1,34,2,4,69,2,5,0,8,0,0,0,0,1,1,2,0,0,0,6,12,0,4,0,1,0,0,0,0,3,1,0,19,0,1,0,0,0,0,0,0,0,0,7,0,0,1,0,184
17031831000,0,11,0,0,21,2,0,0,0,0,0,1,0,0,0,1,0,0,1,3,4,0,0,0,0,0,0,0,0,1,0,0,9,0,1,0,0,0,0,0,0,2,0,1,0,0,0,0,58
17031831100,0,36,5,6,44,0,0,0,1,4,0,1,0,4,0,5,2,1,0,12,7,0,1,0,0,0,1,0,0,14,0,0,22,0,7,0,0,0,0,0,0,0,0,13,0,0,0,2,188
17031831200,0,19,2,4,37,2,0,0,0,0,0,0,0,0,0,1,0,0,0,2,3,0,0,0,0,0,0,0,0,5,0,0,11,0,3,0,0,0,0,0,0,0,0,3,0,0,0,0,92
17031831300,0,7,2,4,23,0,1,0,1,0,0,0,0,0,0,2,1,0,0,2,1,0,0,0,0,0,0,0,0,3,0,0,5,0,0,0,0,0,0,0,0,0,0,10,0,0,0,0,62
17031831400,1,21,8,12,58,0,0,0,0,0,0,0,0,3,0,1,0,0,0,2,3,0,5,0,1,0,0,0,1,6,0,0,65,3,3,0,0,0,0,0,0,0,0,4,0,0,0,0,197
17031831500,1,24,1,0,41,1,0,0,1,0,0,0,0,0,0,0,0,0,0,5,3,0,3,0,0,0,0,0,1,3,0,0,14,0,0,0,0,0,0,0,0,0,0,1,0,0,0,0,99
17031831600,0,24,2,6,42,1,2,0,2,0,0,0,0,0,0,3,0,0,0,3,4,0,0,0,0,0,0,3,0,3,0,0,18,0,0,0,0,0,0,0,0,0,0,7,0,0,0,0,120
17031831700,0,10,1,1,16,1,1,0,0,0,0,0,0,1,0,0,0,0,0,1,1,0,1,0,0,0,0,0,1,4,0,0,5,0,3,0,0,0,0,0,0,0,0,4,0,0,0,0,51
17031831800,0,36,0,0,31,6,0,0,0,0,0,0,0,2,0,0,0,0,0,1,3,1,0,0,0,0,0,1,0,7,0,0,15,0,4,0,0,0,0,0,0,0,0,7,0,0,2,0,116
17031831900,0,16,0,1,30,1,1,1,1,0,0,0,0,0,0,2,0,0,0,1,4,1,0,0,1,0,0,0,0,1,0,0,6,0,0,0,0,0,0,0,0,0,1,2,0,1,1,0,72
17031832000,8,29,0,0,8,1,0,0,12,0,0,0,0,1,0,3,0,0,0,2,17,0,5,0,3,0,0,0,0,3,0,0,1,0,1,0,0,0,0,0,0,0,0,2,0,0,1,0,97
17031832100,2,21,0,0,12,1,1,0,0,0,0,0,0,1,0,2,0,0,0,3,3,0,1,0,0,0,1,1,1,9,0,0,1,0,1,0,0,0,0,0,0,0,0,1,0,0,3,0,65
17031832200,0,18,0,0,39,3,0,0,1,0,0,0,0,0,0,6,0,0,0,1,7,0,2,0,0,0,0,0,0,1,1,0,11,0,1,0,0,0,0,0,0,0,0,2,0,0,2,0,95
17031832300,0,21,0,7,56,5,5,0,2,0,0,0,0,1,0,3,0,1,0,5,6,0,3,0,0,0,0,1,1,4,0,0,16,0,0,0,0,0,0,0,0,0,1,5,0,0,0,0,143
17031832400,0,11,0,2,15,3,1,0,1,0,0,0,0,0,0,2,0,0,0,2,3,0,2,0,0,0,0,0,0,2,0,0,6,0,2,0,0,0,0,0,0,0,0,2,0,0,2,0,56
17031832500,2,47,0,2,59,4,5,0,3,0,0,0,0,1,0,4,0,0,0,3,18,0,4,0,2,0,0,0,0,3,0,0,16,0,0,0,0,0,0,1,0,0,0,6,0,0,0,0,180
17031832600,6,35,0,0,83,3,0,0,5,0,0,0,0,0,0,2,1,0,0,8,14,0,5,0,2,0,0,3,1,3,4,0,16,0,0,0,0,0,0,0,0,0,0,4,0,1,1,0,197
17031832900,1,2,0,0,1,1,0,0,0,0,0,0,0,0,0,0,0,0,0,0,2,0,2,0,0,0,0,1,0,0,0,0,3,0,0,0,0,0,0,0,0,0,0,0,0,0,0,0,13
17031833000,9,139,16,16,234,4,3,0,24,0,0,0,0,1,0,7,1,0,0,2,90,0,23,0,15,0,0,5,0,7,43,0,50,0,3,0,0,0,0,0,0,0,0,5,0,1,4,1,703
17031833100,1,46,1,3,117,8,6,1,5,0,0,0,0,3,1,3,2,0,0,4,15,0,3,0,0,0,0,3,2,7,3,0,47,1,0,0,0,0,0,0,0,0,0,2,0,0,2,0,286
17031833300,0,25,0,0,13,2,0,0,0,0,0,0,0,0,0,1,0,0,0,1,4,0,2,0,0,0,0,0,0,2,2,0,3,0,1,0,0,0,0,0,0,0,0,1,0,0,1,1,59
17031833900,0,11,0,0,14,3,0,0,0,0,0,0,0,0,0,0,0,0,0,2,1,0,0,0,0,0,1,2,0,3,0,0,3,0,1,0,0,0,0,0,0,0,0,1,0,0,0,0,42
17031834000,0,8,0,0,3,0,0,0,0,0,0,0,0,0,0,0,0,0,0,1,0,0,0,0,0,0,0,0,0,5,0,0,6,0,0,0,0,0,0,0,0,0,0,0,0,0,0,0,23
17031834200,0,12,0,1,25,1,0,0,0,0,0,0,0,1,0,0,0,0,0,2,0,0,0,0,0,0,0,0,1,4,0,0,11,0,2,0,0,0,0,0,0,0,0,1,0,0,0,0,61
17031834300,0,19,0,0,25,2,1,0,2,0,0,0,0,4,0,0,0,0,0,1,0,0,0,0,1,0,0,0,0,5,0,0,15,0,2,0,1,0,0,0,0,0,0,6,0,1,0,0,85
17031834400,0,3,0,0,0,1,0,0,0,0,0,0,0,0,0,0,0,0,0,0,0,0,0,0,0,0,0,0,0,1,0,0,8,0,4,0,0,0,0,0,0,0,0,0,0,0,0,0,17
17031834500,0,5,0,0,8,1,0,0,0,0,0,0,0,0,0,0,0,0,0,1,0,0,0,0,0,0,1,0,0,1,0,0,5,0,0,0,0,0,0,0,0,0,0,0,0,0,0,0,22
17031834600,0,4,0,0,4,1,0,0,0,0,0,0,0,2,0,0,0,0,0,0,0,0,0,0,0,0,0,0,0,2,0,0,4,0,4,0,0,0,0,0,0,0,0,0,0,0,0,0,21
17031834700,0,5,0,0,3,0,0,0,0,0,0,0,0,2,0,1,0,1,0,1,0,0,0,0,0,0,0,0,0,3,0,0,0,0,0,0,0,0,0,0,0,0,0,3,0,0,0,0,19
17031834800,0,7,0,0,7,0,0,0,0,0,0,0,0,1,0,0,0,0,0,1,2,0,0,0,0,0,0,1,0,1,0,0,4,0,2,0,0,0,0,0,0,0,0,0,0,0,0,0,26
17031834900,0,3,0,0,1,2,0,0,0,0,0,0,0,0,0,1,0,0,0,0,0,0,0,0,0,0,0,0,0,1,0,0,2,0,2,0,0,0,0,0,0,0,0,1,0,0,0,0,13
17031835000,0,18,0,1,34,1,0,0,0,0,0,0,0,1,0,0,0,0,0,2,1,0,0,0,0,0,1,1,0,3,0,0,6,0,2,0,0,0,0,0,0,0,0,13,0,0,0,0,84
17031835100,1,12,0,4,38,3,0,0,0,0,0,0,0,1,0,0,0,0,0,1,0,0,0,0,0,0,0,0,0,3,0,0,10,0,4,0,0,0,0,0,0,0,0,20,0,0,0,0,97
17031835200,1,15,2,1,22,1,1,0,1,0,0,0,0,0,1,3,0,0,0,2,1,0,1,0,1,0,0,0,0,2,0,0,8,0,1,0,0,0,0,0,0,0,0,12,1,0,1,0,78
17031835500,0,10,1,5,6,1,0,0,0,0,0,0,0,3,0,0,0,0,0,1,0,0,0,0,0,0,0,0,0,6,0,0,7,0,1,0,0,0,0,0,0,0,0,2,0,0,0,0,43
17031835600,0,11,0,0,23,0,0,0,0,0,0,0,0,2,0,0,0,0,0,1,0,0,0,0,0,0,0,0,1,3,0,0,5,0,1,0,0,0,0,0,0,0,0,1,0,0,0,0,48
17031835700,0,1,0,0,0,0,0,0,0,0,0,0,0,1,0,0,0,0,0,0,0,0,0,0,0,0,0,0,0,1,0,0,1,0,0,0,0,0,0,0,0,0,0,0,0,0,0,0,4
17031835800,0,4,0,0,8,0,0,0,0,0,0,0,0,0,0,0,0,0,0,0,0,0,0,0,0,0,0,0,0,1,0,0,1,0,0,0,0,0,0,0,0,0,0,0,0,0,0,0,14
17031835900,0,1,0,0,5,3,0,0,0,0,0,0,0,0,0,0,0,0,0,0,0,0,0,0,0,0,0,0,0,0,0,0,8,0,1,0,0,0,0,0,0,0,0,1,0,0,0,0,19
17031836000,0,1,0,0,1,0,0,0,0,0,0,0,0,0,0,0,0,0,0,0,1,0,0,0,1,0,0,0,0,0,0,0,4,0,0,0,0,0,0,0,0,0,0,0,0,0,1,0,9
17031836100,0,7,0,0,3,1,0,0,0,0,0,0,0,1,0,0,0,0,1,1,0,0,0,0,0,0,0,0,0,4,0,0,3,0,1,0,0,0,0,0,0,0,0,0,0,0,0,0,22
17031836200,7,34,0,0,5,1,0,0,2,0,0,0,0,0,0,0,0,0,1,0,3,0,2,0,0,0,0,0,0,0,0,2,11,0,0,0,0,0,0,0,0,0,0,0,0,0,0,0,68
17031836300,0,1,0,0,1,0,0,0,0,0,0,0,0,0,0,0,0,0,0,0,0,0,0,0,0,0,0,0,0,1,0,0,5,0,0,0,0,0,0,0,0,0,0,0,0,0,0,0,8
17031836400,0,2,0,0,1,0,0,0,2,0,0,0,0,0,0,0,0,0,0,0,2,0,0,0,0,0,0,0,0,0,0,0,9,0,2,0,0,0,0,0,0,0,0,0,0,0,0,0,18
17031836500,0,0,0,0,1,0,0,0,0,0,0,0,0,0,0,0,0,0,0,0,0,0,0,0,0,0,0,1,0,0,0,0,2,0,1,0,0,0,0,0,0,0,0,0,0,0,0,0,5
17031836600,0,14,0,6,30,0,0,0,0,0,0,0,0,0,0,0,0,0,0,0,0,0,0,0,0,0,0,1,1,1,0,0,11,0,1,0,0,0,0,0,0,0,0,5,0,0,0,0,70
17031836700,0,7,2,4,19,0,0,0,0,0,0,0,0,1,0,1,1,0,0,1,1,0,1,0,0,0,0,1,0,2,0,0,7,0,3,0,0,0,0,0,0,0,0,2,0,1,0,0,54
17031836800,0,8,0,3,9,1,0,0,0,0,0,0,0,0,0,1,0,0,0,0,0,0,0,0,0,0,0,0,1,3,0,0,10,0,1,0,0,0,0,0,0,0,0,2,0,1,0,0,40
17031836900,0,3,0,0,0,1,0,0,0,0,0,0,0,1,0,0,0,0,0,0,0,0,0,0,0,0,0,0,0,1,0,0,3,0,0,0,0,0,0,0,0,0,0,1,0,0,0,0,10
17031837000,0,5,1,1,5,2,0,0,0,0,0,0,0,0,1,0,0,0,0,0,0,0,0,0,0,0,0,1,0,2,0,0,5,0,1,0,0,0,0,0,0,0,0,1,0,0,0,0,25
17031837100,0,7,3,6,24,1,3,0,0,0,0,0,1,1,0,0,0,0,0,1,0,0,0,0,0,0,0,0,0,2,0,0,11,0,0,0,0,0,0,0,0,0,0,2,1,0,1,0,64
17031837300,0,2,0,3,6,0,0,0,0,0,0,0,0,1,0,0,0,0,0,0,0,0,0,0,0,0,0,0,0,1,0,0,5,0,4,0,0,0,0,0,0,0,0,0,0,0,0,0,22
17031837400,0,1,1,3,5,0,0,0,0,0,0,0,0,0,0,0,0,0,0,0,0,0,0,0,0,0,0,0,0,1,0,0,8,0,1,0,0,0,0,0,0,0,0,1,0,0,0,0,21
17031837800,6,16,22,19,62,2,0,0,1,0,0,0,0,3,8,1,0,0,0,1,1,0,0,0,3,0,0,1,0,5,0,0,28,24,1,0,0,0,0,0,0,0,0,6,1,2,4,0,217
17031838000,6,2,0,0,3,1,0,0,0,0,0,0,0,0,0,0,0,0,0,0,0,0,0,0,0,0,0,0,0,0,0,0,5,1,1,0,0,0,0,0,0,0,0,0,0,0,0,0,19
17031838100,35,19,0,1,12,1,0,0,1,0,0,0,0,0,0,0,0,0,0,0,7,1,2,0,1,0,0,1,0,0,1,0,6,0,2,0,0,0,0,0,0,0,0,0,0,0,1,0,91
17031838200,4,20,0,0,13,0,0,0,0,0,0,0,0,0,0,0,0,0,0,0,1,0,0,0,0,0,0,3,0,0,3,0,2,0,0,0,0,0,0,0,0,0,0,0,0,0,0,0,46
17031838300,0,8,0,0,12,0,1,0,0,0,0,0,0,0,0,0,0,0,0,0,1,0,0,0,0,0,0,1,0,0,1,0,7,0,0,0,0,0,0,0,0,0,0,0,0,0,0,0,31
17031838600,0,6,0,1,4,2,0,0,0,0,0,0,0,0,0,0,0,0,0,1,0,0,0,0,0,0,0,0,0,2,0,0,1,0,0,0,0,0,0,0,0,0,0,2,0,0,0,0,19
17031838700,0,13,0,0,15,0,0,0,1,0,0,0,0,2,0,0,0,0,0,1,0,0,0,0,0,0,0,0,0,8,0,0,5,0,0,0,0,0,0,0,0,0,0,0,0,0,0,0,45
17031838800,0,10,3,6,12,1,0,0,1,0,0,0,0,1,0,1,0,0,0,0,1,0,1,0,0,0,0,0,0,4,0,0,17,0,1,0,0,0,0,0,0,0,0,5,0,0,0,0,64
17031839000,15,27,0,0,60,3,0,0,6,0,0,0,0,0,0,2,0,0,0,5,13,0,6,0,1,0,0,0,0,3,0,0,34,0,1,0,0,0,0,0,0,0,1,0,0,0,0,0,177
17031839100,56,493,0,0,1454,3,0,0,23,0,1,0,3,2,3,13,0,0,1,27,122,0,22,0,15,0,1,27,6,76,22,0,196,0,7,0,1,0,0,0,0,0,0,0,0,2,6,0,2582
17031839200,0,0,0,0,15,1,0,0,0,3,0,1,0,0,0,0,0,0,0,0,0,0,0,0,0,0,0,0,0,0,0,0,6,0,2,0,0,0,0,0,0,0,0,3,0,0,0,0,31
17031839500,0,8,0,0,7,0,0,0,0,0,0,0,0,1,0,0,0,0,0,1,0,0,0,0,0,0,0,0,2,3,0,0,6,0,0,0,0,0,0,1,0,0,0,0,0,0,0,0,29
17031839600,0,3,0,0,7,0,0,0,0,0,0,0,0,0,0,1,0,0,0,1,1,0,1,0,0,0,0,0,0,0,0,0,8,0,2,0,0,0,0,0,0,0,0,0,0,1,1,0,26
17031839700,0,13,0,1,49,0,0,0,1,0,0,0,0,0,0,1,0,0,0,0,3,0,0,0,1,0,0,0,0,4,0,0,17,0,2,0,0,0,0,0,0,0,0,3,0,0,0,0,95
17031839800,0,18,0,0,18,0,0,0,0,0,0,0,0,1,0,1,0,0,1,1,2,0,0,0,1,0,0,0,2,1,0,0,5,0,1,0,0,0,0,0,0,0,0,1,0,0,0,0,53
17031839900,2,15,11,13,42,1,1,0,0,0,0,0,0,1,0,2,0,0,0,0,3,0,0,0,0,0,0,0,0,2,0,0,19,18,0,0,0,0,0,0,0,0,0,6,0,0,0,0,136
17031840000,6,6,0,1,15,2,0,0,0,0,0,0,0,1,0,1,0,0,0,0,1,0,0,0,0,0,0,0,0,1,0,0,6,0,1,0,0,0,0,0,0,0,0,1,0,0,0,0,42
17031840100,0,3,1,0,9,3,0,0,0,0,0,0,0,1,0,1,0,0,0,0,1,0,0,0,0,0,0,0,0,0,0,0,6,0,0,0,0,0,0,0,0,0,0,1,0,0,0,0,26
17031840200,0,12,6,1,21,2,0,0,0,0,0,0,0,1,0,0,0,0,0,1,0,0,0,0,0,0,0,1,0,3,0,1,9,0,0,0,0,0,0,0,0,0,0,6,0,0,0,0,64
17031840300,0,11,3,0,17,0,0,0,1,0,0,0,0,0,0,0,0,0,0,1,3,0,0,0,0,0,0,0,0,3,0,0,8,0,1,0,0,0,0,0,0,0,0,3,0,0,1,0,52
17031840400,0,26,4,3,44,4,2,0,0,0,0,0,0,2,0,1,0,0,1,3,1,0,0,0,0,0,0,0,0,4,0,0,16,0,1,0,0,0,0,0,0,0,0,8,0,0,1,0,121
17031840700,0,32,1,4,39,0,0,0,1,0,0,0,0,0,0,1,0,0,0,1,4,0,0,0,0,0,1,1,0,5,0,0,13,0,5,0,0,0,0,0,0,0,0,3,0,0,0,1,112
17031840800,0,14,0,2,12,0,0,0,0,0,0,0,0,2,0,0,0,0,0,2,0,0,0,0,0,0,0,0,0,3,0,0,3,0,8,0,0,0,0,0,0,0,0,5,0,0,0,0,51
17031841000,3,20,1,0,41,1,0,0,9,0,0,0,0,0,0,4,0,0,0,2,13,0,6,0,2,0,0,0,0,0,2,0,9,0,1,0,0,0,0,0,0,0,0,4,0,1,0,0,119
17031841100,2,126,9,0,109,5,0,0,5,0,0,0,0,0,2,1,0,0,0,2,27,0,1,0,1,0,0,4,1,4,0,0,25,0,1,0,1,0,0,1,0,0,1,1,0,0,2,0,331
17031841200,0,25,4,8,35,1,0,0,0,0,0,0,0,1,1,1,0,0,0,3,0,0,0,0,0,0,0,0,1,4,0,0,13,0,2,0,0,0,0,0,0,0,0,8,0,1,0,0,108
17031841300,1,31,16,3,40,1,1,0,1,0,0,0,0,2,0,0,0,0,2,2,10,0,0,0,1,0,1,0,1,4,0,0,16,0,5,0,0,0,0,0,0,0,0,5,0,0,1,0,144
17031841400,0,3,0,0,2,1,0,0,0,0,0,0,0,0,0,0,0,0,0,1,0,0,0,0,0,0,0,0,0,1,0,0,2,0,1,0,0,0,0,0,0,0,0,3,0,0,0,0,14
17031841500,0,5,0,0,5,0,0,0,0,0,0,0,0,0,0,0,0,0,0,1,0,0,0,0,0,0,0,0,1,3,0,0,3,0,2,0,0,0,0,0,0,0,0,1,0,0,0,0,21
17031841600,0,0,0,0,0,0,0,0,0,0,0,0,0,0,0,0,0,0,0,0,0,0,0,0,0,0,0,0,0,0,0,0,1,0,0,0,0,0,0,0,0,0,0,0,0,0,0,0,1
17031841700,0,10,3,1,12,1,1,0,0,0,0,0,0,1,0,0,0,0,0,1,0,0,0,0,0,0,0,0,0,4,0,0,6,0,1,0,0,0,0,0,0,0,0,6,0,0,0,0,47
17031841800,0,5,1,0,3,5,0,0,0,0,0,0,0,1,0,2,0,0,1,0,0,0,0,0,0,0,0,0,0,1,0,0,2,0,1,0,0,0,0,0,0,0,0,1,0,0,1,0,24
17031841900,10,56,0,0,88,3,4,0,7,0,0,0,0,1,0,3,0,0,0,8,15,0,5,0,2,0,0,1,2,7,1,0,22,0,1,0,0,0,0,0,0,0,0,2,0,0,2,0,240
17031842000,0,13,0,1,14,1,1,0,1,0,0,0,0,1,0,0,0,0,0,0,3,0,0,0,0,0,0,3,0,3,0,0,8,0,1,0,0,0,0,0,0,0,0,0,0,0,0,0,50
17031842100,0,21,7,23,106,3,0,0,0,0,0,0,0,1,1,0,0,0,0,1,0,0,0,0,0,0,0,0,0,5,0,0,12,0,8,0,0,0,0,1,0,0,0,6,0,0,0,0,195
17031842200,5,54,1,3,113,5,3,0,10,0,0,0,0,1,0,7,4,1,0,5,16,0,17,0,5,0,0,2,1,5,5,0,92,0,3,0,1,0,0,0,0,0,0,11,0,2,2,1,375
17031842300,0,36,4,14,82,1,5,1,4,0,0,0,0,2,0,6,3,0,0,4,14,0,3,0,1,0,0,4,0,6,0,0,34,0,0,0,0,0,0,1,0,0,0,7,0,1,0,0,233
17031842400,0,33,3,1,54,0,0,0,1,0,0,0,0,1,0,1,0,0,0,5,1,0,0,0,0,0,1,1,2,8,0,0,22,0,4,0,0,0,0,0,0,1,0,2,0,0,0,0,141
17031842500,1,4,0,4,4,0,0,0,0,0,0,0,0,2,0,0,0,0,0,1,0,0,0,0,0,0,0,0,0,3,0,0,1,0,2,0,0,0,0,0,0,0,0,4,0,0,0,0,26
17031842600,0,31,34,20,88,0,0,0,1,0,0,0,0,3,0,2,0,0,0,2,1,0,0,0,0,0,0,1,2,4,0,0,29,0,2,0,0,0,0,0,0,0,0,7,0,1,0,0,228
17031842800,0,32,12,16,83,0,0,0,0,0,0,0,0,2,0,3,0,0,0,4,0,0,2,0,0,0,1,0,0,8,0,0,20,0,1,0,0,0,0,0,0,0,0,16,0,0,0,0,200
17031842900,0,21,5,12,32,3,0,0,0,0,0,0,0,4,0,1,0,0,0,3,0,0,0,0,1,0,0,2,2,5,0,1,13,0,0,0,0,0,0,0,0,0,0,5,0,0,0,0,110
17031843000,0,24,0,6,23,1,0,0,1,0,0,0,0,2,0,0,0,0,0,3,1,0,0,0,0,0,0,1,0,6,0,0,7,0,1,0,0,0,0,0,0,0,0,3,0,0,1,0,80
17031843100,0,1,0,1,4,0,0,0,0,0,0,0,0,0,0,0,0,0,0,0,0,0,0,0,0,0,0,0,0,0,0,0,4,0,3,0,0,0,0,0,0,0,0,0,0,0,0,0,13
17031843200,0,35,56,21,96,1,0,0,1,0,0,0,0,3,23,1,0,0,0,5,3,0,0,0,1,0,0,3,0,7,0,0,92,56,2,0,0,0,0,0,0,0,0,8,0,2,4,0,420
17031843300,1,3,1,1,15,1,0,0,0,0,0,0,3,0,0,0,0,0,0,0,0,0,0,0,0,0,0,0,0,0,0,0,5,0,0,0,0,0,0,0,0,0,0,0,0,0,0,0,30
17031843400,0,10,8,8,23,1,0,0,1,0,0,0,0,2,0,0,0,0,1,2,1,0,1,0,0,0,0,0,0,5,0,0,4,0,0,0,0,0,0,0,0,0,0,20,0,0,0,0,87
17031843500,0,13,4,6,96,0,1,0,1,0,0,0,0,0,2,0,0,0,0,1,3,0,0,0,0,0,0,0,0,1,0,0,8,0,2,0,0,0,0,0,0,0,0,3,0,0,0,0,141
17031843600,0,14,0,0,16,2,0,0,0,0,0,0,0,0,0,0,0,0,0,1,0,0,0,0,0,0,0,0,0,4,0,0,1,0,3,0,0,0,0,0,0,0,0,0,0,0,3,1,45
17031843700,1,22,4,2,42,10,5,0,3,0,0,0,0,0,0,1,0,1,0,5,5,0,2,0,0,0,0,2,0,2,0,0,21,0,0,0,0,0,0,0,0,0,0,2,0,0,1,0,131
17031843800,0,7,5,2,6,0,0,0,0,0,0,0,0,1,0,0,0,0,0,0,0,0,0,0,0,0,0,0,0,2,0,0,5,0,1,0,0,0,0,0,0,0,0,4,0,0,0,0,33
17031843900,0,6,0,0,1,1,0,0,0,0,0,0,0,1,0,0,0,0,0,1,1,0,0,0,0,0,0,0,0,2,0,0,8,0,4,0,0,0,0,1,0,0,0,0,0,0,0,0,26
17031980000,0,0,0,0,11,0,0,0,0,0,0,0,0,0,0,0,0,0,0,0,0,0,0,0,0,0,0,0,0,0,0,0,1,0,0,0,0,0,0,0,0,0,0,0,0,0,0,0,12
17031980100,3,38,0,0,27,0,0,0,0,0,0,0,0,0,0,2,0,0,0,0,18,0,0,0,0,0,0,0,0,11,0,0,1,0,0,0,0,0,0,0,0,0,0,0,0,0,0,0,100