CTID,Loss1,Loss2,Loss3,Total,HIT_RUN,INJURIES_TOTAL,INJURIES_FATAL,INJURIES_INCAPACITATING,INJURIES_NON_INCAPACITATING
17031010100,31,106,109,246,84,18,0,2,12
17031010201,52,177,183,412,135,33,0,3,23
17031010202,47,172,155,374,91,27,0,5,10
17031010300,39,160,120,319,95,33,0,4,20
17031010400,47,235,223,505,106,34,0,5,21
17031010501,25,65,76,166,40,23,0,3,17
17031010502,29,59,76,164,44,15,0,4,9
17031010503,35,143,118,296,52,26,0,3,16
17031010600,30,118,96,244,86,12,0,0,8
17031010701,28,120,115,263,72,16,0,1,11
17031010702,55,180,157,392,101,44,0,2,34
17031020100,49,171,133,353,86,43,0,7,20
17031020200,106,285,298,689,132,75,0,10,46
17031020301,26,129,134,289,50,26,0,4,15
17031020302,40,123,152,315,84,36,0,1,27
17031020400,47,164,180,391,93,50,0,5,31
17031020500,89,289,244,622,165,40,0,5,23
17031020601,52,167,192,411,115,47,0,2,30
17031020602,66,187,168,421,114,36,0,7,17
17031020701,44,99,232,375,89,48,0,6,28
17031020702,108,275,403,786,164,82,1,9,48
17031020801,69,152,265,486,126,56,0,6,28
17031020802,107,295,401,803,199,79,0,5,55
17031020901,54,215,227,496,138,47,0,5,27
17031020902,44,219,205,468,109,46,1,2,31
17031030101,14,63,50,127,25,8,0,2,4
17031030102,21,85,69,175,36,10,0,2,6
17031030103,23,62,55,140,35,23,0,2,12
17031030104,24,72,54,150,26,11,0,2,4
17031030200,73,249,204,526,131,62,0,6,36
17031030300,44,166,153,363,83,37,0,2,26
17031030400,59,199,225,483,80,37,0,2,23
17031030500,87,290,363,740,145,89,0,5,44
17031030601,40,90,92,222,52,22,0,1,10
17031030603,27,109,113,249,37,20,0,1,10
17031030604,61,199,212,472,71,50,1,6,27
17031030701,18,55,46,119,31,3,0,1,2
17031030702,,3,8,11,3,0,0,0,0
17031030703,27,56,102,185,44,18,0,5,7
17031030706,44,71,121,236,44,37,0,17,12
17031030800,47,103,148,298,76,29,0,5,13
17031030900,48,101,192,341,78,43,0,3,24
17031031000,57,105,196,358,59,60,1,4,33
17031031100,70,106,171,347,78,37,0,3,22
17031031200,60,153,206,419,90,44,0,5,25
17031031300,51,107,156,314,72,39,1,3,20
17031031400,119,216,362,697,150,93,1,9,45
17031031501,19,50,61,130,31,18,0,2,10
17031031502,26,60,51,137,50,15,0,4,4
17031031700,46,85,132,263,72,36,0,1,22
17031031800,23,72,85,180,35,23,1,2,10
17031031900,27,58,89,174,43,13,0,1,5
17031032100,65,157,196,418,114,40,0,6,20
17031040100,55,136,269,460,101,53,0,7,24
17031040201,90,200,355,645,133,79,0,8,30
17031040202,76,163,308,547,133,46,0,5,26
17031040300,42,73,169,284,59,37,0,4,16
17031040401,32,58,125,215,48,32,0,1,15
17031040402,44,89,132,265,58,21,0,1,14
17031040600,37,81,130,248,47,29,0,0,14
17031040700,38,67,123,228,48,21,0,2,10
17031040800,19,47,87,153,27,21,0,2,6
17031040900,18,47,100,165,29,19,0,0,11
17031050100,21,49,73,143,34,16,0,1,12
17031050200,33,100,176,309,60,29,0,3,16
17031050300,36,56,132,224,48,30,0,2,14
17031050500,44,102,150,296,71,25,0,2,9
17031050600,38,63,110,211,37,28,0,1,18
17031050700,4,21,32,57,7,8,0,1,4
17031050800,8,15,29,52,8,7,0,2,2
17031050900,14,39,71,124,24,26,0,1,16
17031051000,9,48,58,115,21,11,0,0,7
17031051100,14,20,36,70,22,7,0,0,4
17031051200,4,14,26,44,7,6,0,1,4
17031051300,14,35,63,112,26,17,0,1,10
17031051400,22,41,90,153,35,29,0,0,17
17031060100,41,76,103,220,54,33,0,4,11
17031060200,17,77,102,196,34,19,0,2,8
17031060300,30,52,96,178,52,8,0,0,1
17031060400,37,91,130,258,56,28,0,5,10
17031060500,11,36,63,110,27,15,0,0,13
17031060800,35,81,99,215,49,22,0,4,14
17031060900,55,117,161,333,69,52,0,10,29
17031061000,47,53,81,181,51,25,0,5,14
17031061100,31,60,70,161,36,15,0,1,9
17031061200,16,37,43,96,25,10,0,0,9
17031061500,6,31,34,71,21,8,0,0,5
17031061800,10,25,25,60,11,8,0,1,4
17031061901,22,40,65,127,40,24,0,3,14
17031061902,59,210,228,497,87,53,1,6,23
17031062000,46,71,102,219,57,24,0,2,12
17031062100,59,122,137,318,59,42,1,2,21
17031062200,22,38,72,132,29,12,0,1,5
17031062300,8,22,38,68,15,4,0,0,2
17031062400,18,44,71,133,30,16,0,0,11
17031062500,32,63,86,181,34,21,0,5,12
17031062600,41,92,103,236,45,24,0,1,15
17031062700,49,94,137,280,59,52,0,12,23
17031062800,28,55,96,179,30,30,0,2,18
17031062900,27,54,80,161,34,16,0,1,12
17031063000,55,114,154,323,74,39,0,7,17
17031063100,41,64,83,188,47,19,0,5,7
17031063200,52,161,201,414,90,56,0,4,21
17031063301,23,31,36,90,19,6,0,0,2
17031063302,24,35,60,119,21,19,0,4,7
17031063303,9,20,40,69,19,8,0,2,4
17031063400,42,75,91,208,41,22,0,3,13
17031070101,76,174,286,536,98,81,1,12,37
17031070102,25,54,63,142,44,11,0,1,7
17031070103,18,36,43,97,25,9,0,2,2
17031070200,67,114,164,345,107,33,0,5,20
17031070300,45,74,149,268,71,46,0,8,31
17031070400,40,62,100,202,44,37,0,1,19
17031070500,26,48,76,150,43,15,0,0,9
17031070600,40,70,125,235,64,32,0,4,14
17031070700,79,166,290,535,98,65,0,3,36
17031071000,30,52,86,168,32,19,0,3,14
17031071100,43,63,114,220,49,26,0,3,14
17031071200,38,98,114,250,58,22,0,2,13
17031071300,32,59,92,183,40,15,0,3,8
17031071400,78,167,265,510,107,56,1,2,31
17031071500,160,379,603,1142,198,136,0,16,71
17031071600,14,20,26,60,15,3,0,0,2
17031071700,9,26,28,63,16,10,0,0,7
17031071800,34,49,85,168,37,32,1,5,17
17031080100,38,119,208,365,62,54,0,7,27
17031080201,16,46,69,131,26,17,0,3,8
17031080202,48,71,100,219,39,20,0,2,10
17031080300,114,154,240,508,114,62,0,6,35
17031080400,50,96,136,282,76,29,0,3,17
17031081000,122,226,334,682,127,94,2,12,49
17031081100,77,118,143,338,54,39,0,4,18
17031081201,202,343,478,1023,192,86,0,14,47
17031081202,62,180,378,620,107,102,1,14,46
17031081300,111,268,363,742,136,73,0,8,42
17031081401,227,443,599,1269,238,141,0,12,71
17031081402,120,249,459,828,132,158,0,16,93
17031081403,196,395,524,1115,198,99,0,16,55
17031081500,339,676,893,1908,325,170,0,25,100
17031081600,161,292,380,833,172,77,1,8,47
17031081700,350,798,964,2112,381,189,0,20,102
17031081800,341,700,1035,2076,404,253,1,26,143
17031081900,22,49,73,144,29,25,0,1,13
17031090100,22,40,120,182,33,28,0,1,16
17031090200,36,111,298,445,74,50,0,5,32
17031090300,9,22,83,114,25,18,0,2,11
17031100100,45,121,286,452,87,55,1,9,27
17031100200,68,176,451,695,124,97,0,16,53
17031100300,58,97,230,385,58,76,1,13,41
17031100400,14,52,111,177,35,27,0,2,19
17031100500,34,95,215,344,54,43,0,6,25
17031100600,33,117,302,452,67,64,0,5,41
17031100700,18,53,145,216,32,33,0,4,18
17031110100,42,117,278,437,84,51,0,4,31
17031110200,25,103,233,361,65,46,0,12,16
17031110300,38,100,306,444,64,95,0,13,57
17031110400,46,111,263,420,90,56,0,5,35
17031110501,34,87,220,341,77,46,0,7,19
17031110502,63,111,227,401,93,50,0,5,22
17031120100,45,118,285,448,42,67,1,12,30
17031120200,58,164,367,589,86,96,1,14,49
17031120300,33,102,210,345,59,52,0,8,21
17031120400,34,123,339,496,95,66,0,11,30
17031130100,104,248,497,849,141,104,1,12,47
17031130200,36,92,244,372,64,68,0,6,46
17031130300,31,90,206,327,84,38,1,3,20
17031140100,24,58,98,180,60,21,0,3,10
17031140200,42,93,206,341,101,55,0,6,29
17031140301,24,52,117,193,45,22,0,0,17
17031140302,19,53,91,163,56,12,0,3,5
17031140400,50,119,292,461,94,47,0,6,23
17031140500,43,57,206,306,89,44,0,4,23
17031140601,43,57,141,241,65,29,0,4,11
17031140602,31,56,138,225,76,28,1,4,10
17031140701,37,72,125,234,82,27,0,4,15
17031140702,52,87,194,333,128,41,0,8,25
17031140800,56,87,205,348,97,49,0,2,29
17031150200,122,247,585,954,219,119,0,19,64
17031150300,63,144,396,603,162,74,0,7,39
17031150401,37,85,194,316,71,47,0,7,28
17031150402,25,81,142,248,56,37,0,12,17
17031150501,17,37,94,148,43,21,0,4,14
17031150502,55,112,229,396,82,33,0,4,20
17031150600,32,81,183,296,81,47,0,5,21
17031150700,29,94,171,294,80,34,0,1,23
17031150800,32,94,205,331,89,46,0,13,20
17031151001,16,45,88,149,53,14,0,4,9
17031151002,67,186,272,525,147,65,0,5,43
17031151100,29,117,231,377,108,44,0,6,26
17031151200,22,116,167,305,81,36,0,8,15
17031160100,37,75,224,336,68,48,0,4,29
17031160200,36,63,183,282,66,40,0,12,22
17031160300,51,131,304,486,122,52,0,4,28
17031160400,52,107,322,481,145,56,0,3,30
17031160501,28,65,142,235,84,25,0,1,18
17031160502,29,66,178,273,63,48,0,4,29
17031160601,20,26,79,125,46,13,0,1,6
17031160602,28,61,139,228,65,31,0,5,13
17031160700,48,101,244,393,83,41,0,3,28
17031160800,77,163,359,599,143,83,0,5,40
17031160900,50,78,215,343,110,38,0,4,18
17031161000,41,83,229,353,87,41,0,9,14
17031161100,35,59,132,226,54,24,0,3,11
17031161200,21,67,108,196,58,30,0,4,21
17031161300,58,129,273,460,129,66,0,6,29
17031170100,31,113,241,385,69,47,0,3,20
17031170200,29,71,139,239,63,38,0,2,17
17031170300,61,138,315,514,94,76,0,6,38
17031170400,33,91,224,348,61,59,0,5,27
17031170500,31,66,208,305,64,61,0,6,30
17031170600,8,36,73,117,27,25,0,1,16
17031170700,9,22,68,99,24,25,0,2,9
17031170800,22,93,164,279,49,36,0,4,17
17031170900,10,57,70,137,34,24,0,6,11
17031171000,45,175,283,503,129,64,0,10,26
17031171100,22,71,150,243,59,35,0,5,19
17031180100,38,150,217,405,106,65,1,6,41
17031190100,30,146,156,332,89,37,0,2,17
17031190200,51,144,219,414,137,84,1,11,49
17031190300,55,168,230,453,137,44,0,6,20
17031190401,29,122,163,314,90,50,0,6,27
17031190402,42,169,249,460,135,60,0,10,31
17031190601,32,145,147,324,101,62,0,11,21
17031190602,51,197,202,450,137,63,0,6,36
17031190701,19,79,93,191,55,22,0,4,12
17031190702,29,128,141,298,94,27,0,2,14
17031190800,36,190,283,509,166,66,0,8,43
17031190900,34,133,113,280,74,20,0,0,15
17031191000,46,139,167,352,84,31,0,3,19
17031191100,60,283,350,693,216,88,0,10,45
17031191200,48,211,214,473,138,64,1,6,34
17031191301,26,183,197,406,126,29,0,2,17
17031191302,36,190,198,424,140,67,0,8,35
17031200100,31,89,116,236,74,29,0,2,19
17031200200,38,152,197,387,128,41,0,8,24
17031200300,21,65,98,184,70,25,0,4,10
17031200401,24,75,103,202,66,18,0,3,10
17031200402,30,99,155,284,102,33,0,3,17
17031210100,62,133,329,524,123,82,1,12,41
17031210400,31,86,171,288,91,28,0,0,19
17031210501,49,114,197,360,115,46,0,4,28
17031210502,28,76,134,238,88,33,0,3,15
17031210601,33,74,124,231,59,33,0,5,15
17031210602,30,75,157,262,79,38,0,6,23
17031210700,28,53,121,202,52,26,0,2,14
17031210800,20,55,116,191,46,15,0,0,7
17031210900,35,110,226,371,88,44,0,5,21
17031220300,29,60,118,207,49,39,0,5,16
17031220400,46,67,198,311,64,52,0,9,21
17031220500,53,78,170,301,76,64,0,5,37
17031220601,20,58,78,156,43,21,0,1,11
17031220602,62,120,238,420,120,64,0,4,38
17031220701,25,66,119,210,71,37,0,1,21
17031220702,57,143,238,438,129,67,0,7,42
17031220901,14,46,80,140,59,22,0,3,14
17031220902,23,61,117,201,75,20,0,0,7
17031221000,20,24,63,107,47,29,0,5,13
17031221100,29,78,177,284,88,39,1,3,20
17031221200,30,51,117,198,52,28,0,1,12
17031221300,62,72,214,348,95,49,0,8,20
17031221400,53,72,169,294,85,62,0,4,30
17031221500,31,63,136,230,61,39,0,4,18
17031221600,26,67,148,241,47,22,0,2,13
17031222200,35,42,72,149,37,27,0,1,18
17031222500,11,23,38,72,24,11,0,0,4
17031222600,12,22,44,78,27,10,0,2,5
17031222700,22,22,84,128,33,18,0,3,7
17031222800,5,11,31,47,13,6,0,1,2
17031222900,13,29,50,92,34,14,0,3,8
17031230100,11,33,80,124,39,21,0,5,11
17031230200,21,40,97,158,43,31,1,1,25
17031230300,9,17,37,63,13,16,0,3,10
17031230400,28,62,96,186,46,33,0,3,17
17031230500,73,203,312,588,163,113,0,10,64
17031230600,74,279,484,837,254,161,3,16,83
17031230700,76,187,336,599,191,125,0,11,82
17031230800,10,26,44,80,27,14,0,4,6
17031230900,33,83,160,276,91,50,0,2,24
17031231100,20,47,65,132,57,22,0,2,11
17031231200,95,200,377,672,265,155,1,9,90
17031231500,118,186,404,708,333,154,1,11,99
17031240200,29,51,94,174,35,16,0,0,11
17031240300,25,29,82,136,32,19,0,2,7
17031240500,50,80,139,269,74,47,0,6,25
17031240600,28,42,94,164,41,33,0,2,19
17031240700,12,25,52,89,32,11,0,2,6
17031240800,22,32,78,132,47,18,0,2,10
17031240900,49,82,229,360,94,71,0,13,34
17031241000,18,29,62,109,42,20,0,1,5
17031241100,44,57,119,220,64,39,0,4,21
17031241200,20,69,92,181,52,26,0,2,15
17031241300,17,17,45,79,23,15,0,0,11
17031241400,113,182,272,567,164,79,0,8,50
17031241500,80,132,209,421,101,61,0,10,35
17031241600,44,87,145,276,76,32,1,4,11
17031242000,46,90,193,329,78,36,0,6,17
17031242100,64,90,188,342,78,47,1,9,19
17031242200,32,49,128,209,44,30,1,2,11
17031242300,29,44,107,180,52,28,0,4,16
17031242400,38,56,142,236,56,31,0,6,15
17031242500,30,51,133,214,64,20,0,0,12
17031242600,34,67,127,228,75,34,1,7,19
17031242700,17,34,69,120,38,25,0,7,12
17031242800,28,70,129,227,60,43,0,6,19
17031242900,26,58,120,204,56,42,0,7,22
17031243000,32,65,137,234,53,40,0,1,22
17031243100,30,48,92,170,43,31,0,3,20
17031243200,43,75,148,266,63,45,1,9,20
17031243300,46,72,121,239,57,28,0,5,11
17031243400,43,83,191,317,59,49,0,7,32
17031243500,119,280,581,980,190,146,1,17,97
17031250200,35,108,173,316,101,47,0,4,25
17031250300,37,127,162,326,108,48,2,6,23
17031250400,54,255,351,660,209,112,1,8,52
17031250500,68,229,312,609,129,97,0,6,63
17031250600,55,171,221,447,146,77,1,4,42
17031250700,36,175,236,447,165,96,1,5,53
17031250800,46,165,200,411,135,86,0,9,44
17031251000,51,142,218,411,151,68,0,4,43
17031251100,43,119,273,435,180,85,0,6,47
17031251200,51,149,323,523,187,129,0,11,68
17031251300,62,152,297,511,205,94,0,4,59
17031251400,69,149,310,528,190,119,0,16,65
17031251500,80,151,362,593,241,106,0,11,58
17031251600,43,77,180,300,128,46,1,5,31
17031251700,55,110,233,398,129,99,0,11,36
17031251800,154,346,681,1181,438,319,2,28,147
17031251900,105,188,508,801,306,155,0,22,79
17031252000,83,213,437,733,270,137,0,19,62
17031252101,84,159,294,537,171,79,0,7,51
17031252102,98,177,450,725,315,126,2,16,60
17031252201,46,114,212,372,153,63,1,11,36
17031252202,104,213,473,790,299,201,3,24,94
17031260100,81,136,293,510,188,118,4,8,51
17031260200,58,115,272,445,152,130,0,15,69
17031260300,30,54,177,261,111,71,2,6,47
17031260400,48,97,255,400,155,169,2,21,100
17031260500,58,96,226,380,152,113,0,6,68
17031260600,37,84,179,300,141,61,0,10,30
17031260700,72,93,229,394,184,101,1,11,57
17031260800,72,140,320,532,216,139,0,7,83
17031260900,32,81,158,271,119,51,0,7,27
17031261000,38,82,199,319,138,85,0,9,40
17031270500,68,115,268,451,183,129,0,14,76
17031271200,49,76,158,283,105,78,0,11,36
17031271300,35,59,116,210,72,42,0,7,15
17031271400,49,64,141,254,106,78,1,9,52
17031271500,12,26,96,134,59,38,0,2,27
17031271800,21,29,59,109,46,23,0,3,11
17031280100,268,408,839,1515,278,164,0,21,92
17031280400,50,77,179,306,72,45,0,4,21
17031280800,40,52,106,198,76,45,0,5,27
17031280900,55,79,118,252,72,37,1,3,25
17031281900,238,323,530,1091,179,109,1,17,57
17031282700,50,111,209,370,137,58,0,6,33
17031282800,32,55,76,163,46,28,0,1,13
17031283100,45,48,96,189,42,15,0,1,12
17031283200,23,31,78,132,40,21,1,3,12
17031283800,27,42,90,159,42,12,0,0,9
17031290900,54,128,282,464,179,139,2,19,77
17031291200,15,48,103,166,83,44,0,11,19
17031291600,7,24,30,61,25,2,0,0,0
17031292200,29,100,147,276,122,56,0,4,32
17031292400,34,95,114,243,94,53,0,6,27
17031292500,58,119,210,387,157,94,0,5,45
17031300500,25,94,89,208,69,24,0,4,12
17031300600,28,51,115,194,76,34,0,2,20
17031300700,25,68,72,165,72,26,0,2,19
17031300800,41,85,123,249,87,35,0,4,15
17031300900,48,121,143,312,110,29,0,2,20
17031301100,24,62,89,175,60,27,0,3,10
17031301200,39,96,139,274,88,35,0,5,15
17031301600,21,60,88,169,71,17,0,3,8
17031301701,35,70,122,227,95,35,1,4,18
17031301702,16,71,75,162,65,18,1,1,13
17031301801,31,86,129,246,80,24,0,0,11
17031301802,55,122,165,342,121,52,1,2,33
17031301803,24,86,129,239,85,29,1,5,15
17031310200,63,107,249,419,88,48,0,4,27
17031310300,35,56,133,224,54,22,0,2,14
17031310400,6,19,44,69,21,10,0,3,6
17031310500,12,20,46,78,24,3,0,1,1
17031310600,70,118,230,418,124,56,0,6,32
17031310700,33,46,87,166,36,17,0,2,12
17031310800,77,112,203,392,118,43,0,6,23
17031310900,75,113,220,408,109,57,0,7,31
17031320100,488,937,1795,3220,543,329,0,56,164
17031320400,383,702,1351,2436,472,286,3,37,161
17031320600,146,280,648,1074,220,119,1,15,56
17031330100,352,674,1563,2589,520,329,0,42,178
17031330200,122,198,440,760,149,81,0,12,44
17031340300,11,12,49,72,15,11,0,0,7
17031340400,20,29,80,129,45,13,0,0,10
17031340500,27,68,130,225,61,32,0,5,18
17031340600,33,46,127,206,58,32,1,3,20
17031350100,24,56,116,196,49,40,1,2,24
17031350400,20,24,53,97,35,10,0,0,5
17031351000,52,99,232,383,104,74,0,11,40
17031351100,17,17,67,101,33,22,0,1,19
17031351400,36,51,121,208,70,36,0,5,23
17031351500,12,31,41,84,21,11,0,1,4
17031360200,6,11,39,56,20,9,0,0,2
17031380100,14,34,52,100,32,16,0,0,14
17031380200,10,24,57,91,27,16,0,5,7
17031380500,1,17,47,65,20,14,0,2,5
17031380700,14,33,90,137,31,39,0,4,27
17031381200,17,47,104,168,56,27,0,3,15
17031381400,26,64,166,256,76,77,0,2,49
17031381500,13,24,76,113,31,47,0,6,30
17031381700,12,17,40,69,18,11,0,3,7
17031381800,22,30,97,149,46,49,2,6,29
17031381900,14,14,49,77,30,11,0,1,8
17031390100,30,61,116,207,53,33,0,4,15
17031390200,8,28,50,86,29,9,0,0,6
17031390300,16,38,89,143,45,26,1,1,18
17031390400,23,43,96,162,45,35,0,3,16
17031390500,6,23,39,68,18,6,0,0,3
17031390600,26,46,64,136,35,11,0,0,6
17031390700,36,117,241,394,105,65,0,8,32
17031400300,68,161,336,565,152,113,1,13,55
17031400400,14,52,102,168,65,39,1,6,25
17031400500,29,62,156,247,70,80,1,6,34
17031400800,52,100,208,360,119,98,0,9,60
17031410100,34,58,145,237,59,35,0,6,17
17031410200,7,10,14,31,12,2,0,0,1
17031410500,15,32,44,91,35,6,0,0,5
17031410600,13,26,54,93,30,11,0,2,8
17031410700,36,58,95,189,41,17,0,4,9
17031410800,75,147,212,434,105,27,0,2,16
17031410900,24,62,128,214,58,38,0,10,14
17031411000,88,231,533,852,159,181,2,21,89
17031411100,23,29,61,113,28,10,0,1,6
17031411200,17,26,44,87,17,9,0,0,5
17031420100,30,78,150,258,69,69,1,11,40
17031420200,6,37,59,102,33,23,0,3,18
17031420300,9,24,43,76,24,15,0,4,10
17031420400,14,49,74,137,35,28,0,3,16
17031420500,32,69,105,206,69,30,0,4,13
17031420600,24,53,99,176,58,45,0,5,26
17031420700,86,177,329,592,175,183,1,21,106
17031420800,57,96,176,329,115,100,1,8,48
17031421200,33,81,156,270,78,83,0,9,37
17031430101,43,136,233,412,151,68,0,8,38
17031430102,43,100,180,323,108,69,0,9,39
17031430200,101,246,351,698,228,145,1,14,72
17031430300,41,131,210,382,114,76,0,7,36
17031430400,54,176,292,522,130,110,0,10,65
17031430500,66,150,271,487,141,111,2,6,67
17031430600,40,93,160,293,99,57,3,3,34
17031430700,37,68,124,229,73,45,0,4,23
17031430800,15,70,126,211,74,57,1,9,21
17031430900,28,55,137,220,66,63,0,6,46
17031431200,36,80,143,259,89,57,0,6,38
17031431301,28,57,98,183,67,32,0,1,25
17031431302,50,113,200,363,148,56,0,3,27
17031431400,55,105,184,344,130,54,0,4,32
17031440101,40,80,125,245,103,32,0,4,18
17031440102,63,141,213,417,142,75,0,4,25
17031440201,75,139,215,429,177,61,0,5,29
17031440202,139,240,377,756,222,129,3,7,65
17031440300,91,209,373,673,212,152,1,13,70
17031440600,59,121,207,387,113,52,0,1,28
17031440700,43,84,129,256,84,46,0,3,18
17031440800,18,43,68,129,40,31,0,4,13
17031440900,23,44,89,156,52,26,1,1,18
17031450300,99,184,401,684,151,123,0,8,68
17031460100,30,65,114,209,76,37,0,7,17
17031460200,7,22,44,73,38,4,0,0,2
17031460301,6,32,53,91,32,17,1,2,11
17031460302,20,33,88,141,45,29,2,3,15
17031460400,26,47,99,172,67,25,0,0,21
17031460500,56,155,233,444,154,96,3,11,45
17031460600,6,15,31,52,16,7,0,2,4
17031460700,11,37,51,99,36,17,0,2,13
17031461000,37,64,110,211,41,49,0,4,25
17031470100,45,84,124,253,76,35,0,4,24
17031480100,31,87,158,276,55,79,0,10,37
17031480200,34,103,135,272,55,38,1,2,24
17031480300,44,117,181,342,89,71,0,3,47
17031480400,52,117,248,417,109,82,1,8,48
17031480500,27,84,171,282,75,70,0,2,47
17031490300,23,48,92,163,53,30,0,0,16
17031490400,16,33,61,110,35,18,0,0,13
17031490500,61,115,178,354,97,73,1,4,40
17031490600,48,94,121,263,81,41,0,4,20
17031490700,25,53,109,187,62,33,0,6,16
17031490800,58,84,192,334,95,86,0,6,48
17031490901,39,74,122,235,82,47,0,1,25
17031490902,66,130,243,439,157,83,1,9,45
17031491000,42,85,176,303,114,50,0,4,32
17031491100,38,77,131,246,83,40,0,2,22
17031491200,31,50,85,166,68,32,0,11,10
17031491300,21,45,109,175,63,20,0,2,9
17031491400,79,131,169,379,125,58,0,3,32
17031500100,41,77,170,288,75,69,1,9,38
17031500200,57,96,145,298,81,62,0,7,34
17031500300,46,85,112,243,49,38,0,1,18
17031510100,33,68,150,251,67,31,3,3,17
17031510200,18,67,97,182,34,27,0,4,13
17031510300,201,394,592,1187,309,211,4,15,114
17031520100,30,85,123,238,55,27,1,1,17
17031520200,35,94,160,289,81,41,1,3,20
17031520300,37,84,166,287,92,44,0,2,28
17031520400,16,51,83,150,35,9,0,1,1
17031520500,6,27,44,77,18,11,0,0,8
17031520600,17,32,69,118,31,23,0,1,17
17031530100,23,55,99,177,52,33,0,7,15
17031530200,39,68,140,247,91,49,0,5,25
17031530300,41,118,214,373,132,66,0,5,36
17031530400,24,77,124,225,60,63,0,3,32
17031530501,35,64,131,230,95,41,0,3,18
17031530502,8,31,54,93,35,22,0,1,8
17031530503,47,115,284,446,149,106,3,19,55
17031530600,31,60,121,212,71,31,0,5,14
17031540101,29,57,111,197,70,25,1,1,15
17031540102,54,99,212,365,116,107,1,5,59
17031550100,39,88,175,302,73,38,2,5,23
17031550200,28,89,211,328,62,71,2,9,34
17031560100,52,139,330,521,102,56,0,10,28
17031560200,22,72,180,274,68,31,0,6,16
17031560300,20,92,177,289,74,28,0,5,13
17031560400,11,50,108,169,44,27,0,3,16
17031560700,29,127,228,384,83,37,2,5,17
17031560800,34,170,358,562,105,74,0,11,43
17031560900,30,157,319,506,83,62,0,5,32
17031561000,38,150,264,452,72,68,0,6,38
17031561100,25,77,167,269,64,36,0,5,21
17031570100,53,157,291,501,112,52,0,7,22
17031570200,56,222,433,711,135,82,2,6,42
17031570300,59,233,436,728,193,63,0,6,29
17031570400,25,130,210,365,85,34,1,6,16
17031570500,12,90,176,278,78,21,1,3,6
17031580100,41,102,211,354,88,44,1,2,28
17031580200,25,88,225,338,100,34,1,2,23
17031580300,18,56,137,211,70,21,1,0,7
17031580400,60,169,347,576,165,76,1,13,41
17031580501,45,68,206,319,105,37,0,7,21
17031580502,50,128,218,396,126,42,0,5,28
17031580600,39,78,148,265,91,37,0,4,19
17031580700,40,106,244,390,123,76,1,8,42
17031580800,25,62,129,216,67,26,0,3,13
17031590500,22,53,157,232,70,29,0,2,17
17031590600,15,22,71,108,55,20,0,0,13
17031590700,30,49,135,214,54,39,0,5,19
17031600400,43,37,90,170,54,24,0,3,13
17031600600,14,32,74,120,41,19,0,1,16
17031600700,24,35,117,176,41,25,0,1,13
17031600900,13,25,74,112,43,11,0,4,2
17031610300,107,178,386,671,186,77,0,10,37
17031610400,23,28,68,119,36,22,0,3,12
17031610800,11,15,31,57,25,8,0,0,6
17031611000,12,20,87,119,34,18,1,5,8
17031611100,7,17,48,72,29,6,0,1,2
17031611200,37,32,97,166,63,29,0,5,13
17031611300,45,67,138,250,79,24,0,1,17
17031611400,19,27,76,122,53,19,0,1,8
17031611500,26,68,163,257,81,49,0,2,26
17031611600,17,25,63,105,43,20,0,2,11
17031611700,14,30,64,108,56,14,0,3,10
17031611800,16,42,98,156,54,41,0,4,22
17031611900,22,38,84,144,57,24,0,2,17
17031612000,7,13,30,50,19,14,0,2,11
17031612100,14,26,67,107,38,19,0,3,10
17031620100,30,143,274,447,144,53,0,6,30
17031620200,34,160,270,464,118,55,2,13,25
17031620300,55,217,315,587,158,78,0,6,52
17031620400,31,103,216,350,115,48,1,7,26
17031630100,26,42,156,224,53,55,3,2,37
17031630200,16,38,126,180,39,35,0,3,21
17031630300,50,192,377,619,185,56,0,10,30
17031630400,34,125,267,426,152,46,0,4,28
17031630500,46,133,282,461,161,39,0,4,24
17031630800,33,142,262,437,121,62,0,4,41
17031630900,46,184,304,534,164,45,1,4,33
17031640100,41,106,190,337,69,45,0,4,29
17031640300,27,82,160,269,82,32,0,1,26
17031640400,21,60,146,227,66,28,1,4,9
17031640500,11,61,113,185,42,19,0,0,11
17031640600,20,80,146,246,65,20,0,2,12
17031640700,27,125,219,371,80,40,0,3,23
17031640800,21,101,206,328,67,39,0,7,15
17031650100,37,135,257,429,124,53,1,3,29
17031650200,49,199,361,609,157,73,0,9,44
17031650301,49,205,380,634,158,80,0,10,43
17031650302,24,119,254,397,115,64,0,5,42
17031650400,40,140,341,521,157,61,1,10,37
17031650500,63,398,758,1219,244,152,1,16,92
17031660301,21,66,120,207,58,22,0,3,11
17031660302,29,118,227,374,158,24,1,1,18
17031660400,36,171,310,517,171,67,0,8,39
17031660500,35,174,244,453,144,38,0,6,19
17031660600,54,180,357,591,222,58,0,12,30
17031660700,34,80,144,258,96,47,0,10,23
17031660800,45,129,265,439,152,51,1,6,35
17031660900,94,162,384,640,213,110,1,21,55
17031661000,73,209,366,648,194,110,0,18,65
17031661100,19,102,214,335,116,43,0,9,24
17031670100,12,28,76,116,36,35,1,1,19
17031670200,26,32,95,153,59,56,0,10,39
17031670300,31,51,119,201,68,46,0,6,21
17031670400,16,29,67,112,44,18,0,3,10
17031670500,28,49,154,231,64,70,2,9,37
17031670600,17,21,84,122,40,28,0,1,15
17031670700,39,63,174,276,90,60,0,10,31
17031670800,47,50,116,213,76,48,1,2,30
17031670900,22,32,75,129,44,38,0,4,26
17031671100,36,33,80,149,49,27,0,2,19
17031671200,34,52,138,224,74,40,1,3,27
17031671300,20,36,109,165,69,33,0,3,16
17031671400,28,65,159,252,79,62,0,6,31
17031671500,92,157,363,612,186,168,2,22,97
17031671600,41,63,180,284,101,80,3,5,45
17031671800,11,21,93,125,50,46,0,5,25
17031671900,23,31,112,166,56,55,0,11,29
17031672000,66,113,275,454,149,128,3,17,75
17031680500,15,23,85,123,54,41,1,7,22
17031680600,27,32,91,150,47,63,0,11,21
17031680900,104,161,382,647,212,171,2,17,83
17031681000,79,97,215,391,142,90,0,8,56
17031681100,59,97,226,382,130,123,4,9,65
17031681200,32,84,201,317,119,100,1,18,42
17031681300,44,64,231,339,119,82,1,11,43
17031681400,36,71,177,284,103,88,2,7,56
17031690300,54,148,320,522,142,131,1,19,64
17031690400,79,172,358,609,224,156,2,17,86
17031690500,29,72,137,238,69,72,1,5,32
17031690900,67,156,305,528,200,131,0,14,56
17031691000,62,173,324,559,192,126,0,11,77
17031691100,81,145,349,575,195,140,3,14,73
17031691200,80,231,430,741,254,156,1,11,74
17031691300,79,189,386,654,204,129,0,9,69
17031691400,69,179,336,584,212,133,1,9,70
17031691500,52,110,195,357,106,108,2,7,61
17031700100,54,176,420,650,142,143,1,14,93
17031700200,53,149,363,565,133,92,0,12,55
17031700301,31,141,207,379,94,43,0,6,24
17031700302,27,130,291,448,85,82,1,13,46
17031700401,45,186,354,585,135,96,0,16,54
17031700402,38,154,246,438,98,68,0,6,45
17031700501,63,128,285,476,123,93,0,15,54
17031700502,34,96,204,334,65,82,0,11,49
17031710100,13,28,71,112,38,22,0,1,10
17031710200,64,143,276,483,186,98,2,10,46
17031710300,34,59,135,228,69,50,0,4,24
17031710400,61,120,263,444,157,83,0,9,32
17031710500,58,108,222,388,134,50,0,5,23
17031710600,16,44,73,133,61,21,0,2,5
17031710700,45,78,149,272,91,44,0,4,18
17031710800,83,150,314,547,199,103,1,9,37
17031710900,78,162,320,560,174,103,0,4,53
17031711000,49,88,261,398,139,82,0,6,43
17031711100,35,71,170,276,82,62,0,7,35
17031711200,66,160,311,537,170,93,2,15,47
17031711300,25,73,132,230,67,38,0,0,20
17031711400,74,156,360,590,165,128,0,9,64
17031711500,30,47,103,180,73,43,0,8,19
17031720100,61,133,254,448,85,56,0,6,27
17031720200,55,103,223,381,93,48,0,2,27
17031720300,62,121,285,468,110,73,0,3,39
17031720400,35,43,128,206,26,35,0,3,15
17031720500,24,59,116,199,43,22,0,1,13
17031720600,34,47,80,161,31,22,0,1,8
17031720700,32,59,133,224,56,21,0,1,9
17031730100,20,30,98,148,46,27,0,2,12
17031730201,35,101,195,331,140,52,0,6,28
17031730202,34,61,140,235,77,48,0,5,27
17031730300,34,82,160,276,87,49,0,7,23
17031730400,126,196,403,725,186,123,1,7,44
17031730500,66,112,303,481,160,86,0,9,46
17031730600,71,142,309,522,147,94,1,7,43
17031730700,29,69,156,254,80,41,0,4,18
17031740100,24,65,132,221,43,41,1,6,19
17031740200,29,95,195,319,38,43,0,4,24
17031740300,23,95,225,343,76,37,0,3,15
17031740400,49,130,297,476,77,62,0,6,28
17031750100,44,79,186,309,101,63,0,12,25
17031750200,35,94,220,349,98,51,1,4,29
17031750300,21,43,117,181,41,22,0,2,10
17031750400,16,59,156,231,54,41,0,1,24
17031750500,113,285,496,894,272,109,0,10,42
17031750600,49,112,276,437,135,104,0,7,48
17031760801,33,95,241,369,76,45,0,4,25
17031760802,19,116,299,434,51,74,2,10,40
17031760803,19,40,103,162,42,14,0,0,9
17031770902,,,6,6,1,1,0,0,0
17031810400,7,22,81,110,12,14,0,2,4
17031821402,,,1,1,1,0,0,0,0
17031823304,,3,11,14,2,6,0,1,4
17031830500,83,256,379,718,175,120,0,17,65
17031830600,75,254,224,553,140,47,0,2,32
17031830700,78,162,226,466,106,54,0,2,36
17031830800,28,47,80,155,34,22,0,2,13
17031830900,149,307,625,1081,212,141,1,19,68
17031831000,37,56,127,220,52,38,0,2,24
17031831100,136,346,665,1147,277,134,2,13,77
17031831200,35,128,160,323,117,58,0,2,32
17031831300,64,196,198,458,125,65,0,4,31
17031831400,231,378,908,1517,464,284,4,21,158
17031831500,75,322,345,742,167,89,1,10,44
17031831600,56,283,413,752,183,105,0,16,42
17031831700,46,139,257,442,90,49,0,6,28
17031831800,82,170,374,626,148,93,0,9,42
17031831900,30,76,128,234,42,37,0,5,17
17031832000,40,79,85,204,50,31,0,3,16
17031832100,45,79,92,216,51,23,0,3,12
17031832200,24,62,152,238,44,36,0,1,21
17031832300,110,218,460,788,155,109,1,13,58
17031832400,34,50,120,204,59,40,0,4,21
17031832500,89,180,259,528,83,75,0,7,51
17031832600,120,230,359,709,127,87,0,10,57
17031832900,34,91,169,294,61,51,0,10,28
17031833000,294,508,919,1721,351,168,1,31,82
17031833100,175,324,573,1072,238,117,0,12,64
17031833300,73,100,170,343,66,50,1,6,32
17031833900,22,27,86,135,36,20,0,6,9
17031834000,56,85,212,353,107,61,0,5,24
17031834200,117,328,481,926,269,186,1,19,95
17031834300,111,325,578,1014,261,229,2,24,134
17031834400,30,88,161,279,99,69,1,7,31
17031834500,23,83,143,249,75,57,0,4,33
17031834600,86,186,444,716,233,188,1,15,116
17031834700,28,62,146,236,83,61,1,3,43
17031834800,31,62,149,242,90,50,0,6,31
17031834900,37,66,182,285,102,78,0,4,48
17031835000,79,185,385,649,213,82,0,17,43
17031835100,59,175,316,550,175,56,0,4,33
17031835200,48,197,347,592,82,91,2,7,46
17031835500,47,92,239,378,100,73,0,5,46
17031835600,90,184,432,706,178,186,1,12,102
17031835700,9,14,35,58,10,22,0,4,6
17031835800,17,31,99,147,44,35,0,2,20
17031835900,34,94,249,377,131,143,0,19,78
17031836000,16,26,72,114,42,24,0,4,13
17031836100,39,91,150,280,85,73,1,17,27
17031836200,51,92,145,288,72,39,0,5,24
17031836300,13,21,42,76,21,8,0,1,6
17031836400,18,48,123,189,68,47,0,4,31
17031836500,27,38,129,194,50,48,0,5,31
17031836600,123,167,317,607,197,129,0,15,81
17031836700,82,131,268,481,150,115,0,15,64
17031836800,75,105,266,446,153,151,1,21,80
17031836900,25,48,124,197,81,60,0,1,41
17031837000,48,90,193,331,115,92,0,11,46
17031837100,61,128,281,470,173,110,3,20,57
17031837300,63,75,174,312,121,62,0,4,32
17031837400,32,58,125,215,100,40,0,6,22
17031837800,112,208,459,779,219,169,1,12,98
17031838000,72,119,259,450,135,103,0,17,62
17031838100,189,321,678,1188,239,198,0,33,111
17031838200,227,303,534,1064,209,149,1,23,61
17031838300,59,95,143,297,82,35,0,3,19
17031838600,33,58,105,196,87,39,0,6,18
17031838700,51,144,280,475,215,99,0,13,41
17031838800,91,187,405,683,147,165,3,19,87
17031839000,99,230,449,778,140,80,0,4,43
17031839100,979,1676,3048,5703,983,645,2,68,373
17031839200,25,58,141,224,59,30,0,2,20
17031839500,17,47,76,140,34,13,0,1,8
17031839600,45,61,137,243,70,37,1,4,19
17031839700,24,47,119,190,66,20,0,2,13
17031839800,25,34,107,166,44,16,0,0,9
17031839900,38,74,215,327,79,43,0,6,27
17031840000,16,35,84,135,35,17,0,1,13
17031840100,17,25,61,103,30,14,0,1,5
17031840200,35,76,185,296,75,45,1,5,26
17031840300,81,195,481,757,218,137,0,9,77
17031840400,65,153,360,578,171,88,0,10,45
17031840700,62,147,204,413,110,51,0,4,20
17031840800,32,116,141,289,99,42,0,5,24
17031841000,123,286,490,899,189,102,1,11,52
17031841100,154,332,626,1112,238,108,1,16,65
17031841200,71,149,244,464,128,56,0,6,30
17031841300,111,234,408,753,178,104,0,8,64
17031841400,28,78,107,213,67,51,0,1,31
17031841500,45,99,203,347,96,84,0,11,45
17031841600,12,27,43,82,23,12,0,1,7
17031841700,26,77,124,227,67,19,0,2,5
17031841800,51,132,265,448,124,160,1,29,91
17031841900,439,791,1637,2867,574,397,0,42,214
17031842000,59,72,164,295,72,55,0,5,21
17031842100,130,216,441,787,286,174,1,26,93
17031842200,229,489,754,1472,296,166,0,19,94
17031842300,218,512,875,1605,309,244,2,32,134
17031842400,329,746,1075,2150,645,323,4,27,156
17031842500,114,239,442,795,211,199,0,14,127
17031842600,113,171,484,768,170,115,2,15,60
17031842800,119,279,513,911,274,118,1,18,66
17031842900,219,357,665,1241,243,201,0,23,109
17031843000,123,215,393,731,260,201,2,20,100
17031843100,73,154,222,449,133,60,0,5,37
17031843200,170,265,677,1112,231,189,1,15,96
17031843300,48,124,158,330,97,52,0,5,36
17031843400,77,242,362,681,153,145,1,10,78
17031843500,89,245,375,709,161,121,0,13,67
17031843600,46,97,193,336,104,50,0,5,27
17031843700,126,212,404,742,134,98,0,10,63
17031843800,29,32,124,185,38,44,0,5,22
17031843900,134,351,624,1109,279,287,5,43,152
17031980000,50,115,168,333,55,27,0,3,12
17031980100,68,195,353,616,97,62,1,4,23