CTID,FBI2,FBI3,FBI5,FBI6,FBI7,FBI9,FBI10,FBI11,FBI12,FBI13,FBI14,FBI15,FBI16,FBI17,FBI18,FBI19,FBI20,FBI22,FBI24,FBI26,FBI01A,FBI01B,FBI04A,FBI04B,FBI08A,FBI08B,CrimeTotal
17031010100,4,22,21,79,6,2,0,12,0,0,180,12,0,0,21,0,5,0,2,46,1,0,11,11,28,113,576
17031010201,2,15,24,92,15,0,1,21,0,0,59,1,0,5,6,0,3,0,4,49,0,0,10,6,23,81,417
17031010202,1,24,7,310,8,0,4,19,0,0,39,3,0,4,9,0,5,0,6,88,1,0,15,10,51,85,689
17031010300,6,21,24,91,11,0,1,26,0,0,27,1,0,6,5,0,2,0,3,30,1,0,2,4,22,70,353
17031010400,2,10,15,75,6,0,3,18,0,0,22,2,0,1,2,0,1,0,1,34,1,0,4,2,22,49,270
17031010501,3,7,6,63,6,0,0,12,0,1,14,2,0,2,1,0,2,0,1,17,1,0,1,6,11,31,187
17031010502,0,6,6,49,4,0,0,11,0,0,12,0,0,1,2,0,0,0,0,9,0,0,4,2,8,20,134
17031010503,2,10,7,53,4,0,0,8,0,0,9,0,0,3,0,0,0,0,1,10,0,0,0,0,4,21,132
17031010600,1,10,19,85,8,0,3,16,0,0,33,4,0,5,4,0,3,0,3,17,0,0,1,5,24,46,287
17031010701,1,5,14,31,11,0,1,5,0,0,21,0,0,3,2,0,1,0,0,22,0,0,2,2,3,26,150
17031010702,2,7,14,42,10,1,1,17,0,0,20,2,0,2,5,0,4,0,1,20,1,0,3,3,17,54,226
17031020100,0,7,15,56,11,0,1,7,0,0,39,0,0,2,1,0,0,0,3,22,0,0,8,3,8,25,208
17031020200,1,3,23,69,6,1,2,20,0,0,38,2,0,2,3,0,0,0,0,27,1,0,4,2,10,31,245
17031020301,1,3,12,31,3,0,1,8,0,0,9,0,0,2,2,0,1,0,0,15,0,0,0,1,3,9,101
17031020302,2,4,20,44,7,0,4,20,0,0,34,1,0,0,3,0,5,0,0,23,1,0,5,1,14,27,215
17031020400,0,8,15,44,7,0,2,17,0,0,38,2,0,2,2,0,2,0,0,14,0,0,4,4,12,39,212
17031020500,3,16,12,70,16,1,2,21,0,0,26,1,0,2,8,1,4,3,1,27,0,0,8,5,16,68,311
17031020601,2,4,21,56,13,1,0,20,1,0,27,1,0,0,3,0,2,0,1,27,0,0,7,7,17,35,245
17031020602,1,10,16,57,17,1,5,15,0,0,24,0,0,3,0,0,0,0,0,26,0,0,6,3,9,47,240
17031020701,1,7,20,46,4,0,3,14,0,0,19,3,0,3,6,0,1,1,0,21,0,0,6,1,10,40,206
17031020702,2,10,35,66,19,0,2,19,0,0,43,2,0,1,3,0,2,1,0,21,2,1,9,7,18,63,326
17031020801,1,5,19,56,16,0,2,24,0,0,38,5,0,1,3,0,2,2,1,25,0,0,3,3,18,36,260
17031020802,6,24,35,77,19,0,2,21,0,0,36,4,0,0,9,1,5,1,3,31,1,0,7,11,18,64,375
17031020901,0,17,15,57,16,1,1,21,0,0,50,8,0,1,3,0,2,1,1,39,0,0,7,6,19,59,324
17031020902,0,11,2,37,9,1,2,8,0,0,21,2,0,0,3,0,1,1,0,17,0,0,2,0,9,23,149
17031030101,2,1,1,35,7,0,0,20,0,0,11,0,0,2,0,0,1,0,1,15,0,0,1,4,10,38,149
17031030102,3,1,12,41,5,0,0,8,0,0,14,0,0,0,2,0,2,0,0,9,0,0,3,2,3,26,131
17031030103,0,3,5,26,5,0,0,5,0,0,12,1,0,0,0,0,0,0,0,4,0,0,0,0,3,11,75
17031030104,2,2,1,15,1,0,0,7,0,0,4,0,0,0,0,0,0,0,0,8,0,0,1,0,5,10,56
17031030200,2,10,23,102,19,0,4,24,0,0,26,0,0,1,2,0,0,0,2,18,0,0,6,1,16,26,282
17031030300,1,4,1,22,8,0,0,7,0,0,15,1,0,1,0,0,1,0,0,15,0,0,2,0,5,22,105
17031030400,1,2,4,25,3,0,0,21,0,0,14,0,0,0,0,0,0,0,0,5,0,0,3,3,10,20,111
17031030500,3,7,20,85,12,0,3,26,0,0,38,1,0,4,4,0,1,0,1,34,0,0,3,2,23,77,344
17031030601,5,5,8,50,7,0,3,15,0,0,44,1,0,2,0,0,0,0,0,14,0,0,7,3,7,28,199
17031030603,1,6,10,40,3,0,3,16,0,0,8,1,0,1,0,0,0,2,0,13,0,0,2,0,3,20,129
17031030604,2,4,5,23,2,0,3,12,0,0,11,0,0,1,2,0,0,0,1,10,0,0,4,2,7,34,123
17031030701,2,3,3,20,1,0,0,7,0,0,6,0,0,1,1,0,0,0,0,7,0,0,3,1,7,20,82
17031030702,0,1,0,10,0,0,1,7,0,0,4,0,0,0,1,0,0,0,0,9,0,0,0,2,3,5,43
17031030703,1,9,15,41,4,0,1,15,0,0,15,1,0,4,0,0,0,1,0,19,0,0,6,4,12,28,176
17031030706,1,2,2,88,0,1,0,7,0,0,11,0,0,1,1,0,0,0,0,18,0,1,3,2,11,22,171
17031030800,1,9,28,106,10,0,1,23,0,0,37,0,0,3,3,0,0,0,2,34,0,0,4,2,11,25,299
17031030900,0,8,12,79,8,1,4,30,0,0,19,0,0,2,1,0,0,1,0,20,0,0,1,2,1,31,220
17031031000,3,2,20,41,7,0,0,23,0,1,24,1,0,2,0,0,1,0,0,12,0,0,1,0,3,19,160
17031031100,0,7,35,72,12,0,2,33,0,0,21,1,0,0,0,0,1,0,1,11,0,0,0,2,10,26,234
17031031200,6,21,25,95,16,1,7,31,0,0,31,5,0,1,10,1,4,0,5,34,0,0,4,9,40,114,460
17031031300,7,3,6,71,7,0,2,29,0,0,27,0,0,3,1,0,2,0,2,36,0,0,1,4,14,53,268
17031031400,7,8,5,95,9,0,3,31,0,0,25,3,0,6,3,0,0,0,2,33,0,0,3,7,18,50,308
17031031501,4,3,5,45,13,1,1,13,0,0,17,0,0,6,4,0,3,0,2,27,0,0,5,12,18,38,217
17031031502,3,2,9,65,7,0,2,23,0,0,13,2,0,1,4,0,1,0,2,17,1,0,1,3,6,35,197
17031031700,5,8,17,83,13,0,1,31,1,0,36,6,0,1,6,0,3,0,4,63,0,0,5,11,27,88,409
17031031800,0,4,6,30,2,0,0,11,0,0,12,0,0,1,1,0,1,0,0,11,0,0,0,1,1,8,89
17031031900,0,2,7,25,5,0,0,13,0,0,8,0,0,0,2,0,0,0,0,5,0,0,1,1,3,9,81
17031032100,4,16,23,132,18,0,3,55,0,0,42,0,0,1,2,0,4,0,1,40,0,0,8,4,28,70,451
17031040100,0,1,7,80,15,1,1,19,0,0,30,0,0,5,3,0,2,0,1,19,0,0,5,5,11,70,275
17031040201,7,3,23,66,17,0,0,32,0,0,33,2,0,1,10,0,2,1,2,36,0,0,6,7,18,43,309
17031040202,5,8,19,80,13,0,5,25,0,0,32,4,0,3,9,0,2,0,1,34,1,0,6,5,20,64,336
17031040300,0,5,10,40,5,0,0,9,0,0,13,0,0,0,4,0,1,0,1,16,0,0,3,1,5,40,153
17031040401,0,2,6,37,8,0,2,17,0,0,10,1,0,3,3,0,0,0,0,11,0,0,0,2,3,13,118
17031040402,1,2,14,84,5,0,4,36,0,0,27,1,0,0,1,0,1,0,1,11,0,0,2,1,10,18,219
17031040600,0,7,18,66,8,0,0,15,0,0,12,0,0,1,2,0,0,1,0,13,0,0,4,0,8,18,173
17031040700,1,4,13,21,2,1,0,18,0,0,18,0,0,1,0,0,0,2,0,8,1,0,0,1,7,12,110
17031040800,1,4,8,23,2,0,3,7,0,0,6,0,0,1,3,0,0,0,0,4,0,0,0,0,2,6,70
17031040900,1,2,8,39,4,0,0,6,0,0,9,0,0,1,2,0,0,0,0,18,0,0,2,0,4,13,109
17031050100,1,0,8,30,3,0,1,10,0,0,18,0,0,0,0,0,0,0,0,6,0,0,0,0,0,3,80
17031050200,1,6,16,86,5,0,3,23,0,0,18,0,0,1,0,0,2,0,0,15,0,0,3,0,6,18,203
17031050300,1,1,7,16,3,0,0,4,0,0,5,0,0,1,0,0,1,0,0,11,0,0,0,0,2,7,59
17031050500,0,8,19,61,8,0,1,10,0,0,13,0,0,2,0,0,1,0,1,15,0,1,4,2,8,14,168
17031050600,0,7,9,53,7,0,0,8,0,0,11,0,0,0,1,0,0,0,0,13,0,0,0,2,2,6,119
17031050700,0,1,4,21,0,0,0,4,0,0,5,0,0,1,0,0,0,0,0,3,0,0,0,1,1,0,41
17031050800,0,0,4,14,2,0,0,4,0,0,3,0,0,0,0,0,0,0,0,1,0,0,1,0,1,5,35
17031050900,0,4,4,26,2,0,0,4,0,0,4,0,0,0,1,0,0,0,0,3,0,0,4,1,2,5,60
17031051000,0,3,3,26,3,0,2,6,0,0,16,1,0,1,0,0,0,0,0,5,0,0,0,2,4,8,80
17031051100,0,0,3,31,2,0,0,7,0,0,3,0,1,0,0,0,0,0,0,9,0,0,0,0,3,6,65
17031051200,0,1,2,17,2,0,0,6,0,0,2,0,0,1,0,0,1,0,0,6,0,0,0,3,4,5,50
17031051300,0,0,7,27,1,0,0,10,0,0,4,0,0,0,0,0,0,1,0,3,0,0,0,0,1,2,56
17031051400,0,2,7,44,2,0,1,6,0,0,5,0,0,0,1,0,0,1,0,10,0,0,1,0,4,10,94
17031060100,2,1,15,48,2,0,1,8,0,0,14,0,0,1,1,0,0,0,2,6,0,0,0,0,2,12,115
17031060200,1,0,7,22,3,0,0,13,0,0,9,0,0,1,4,0,0,0,1,14,0,0,1,0,5,12,93
17031060300,3,6,9,25,5,0,0,13,0,0,8,1,0,1,0,0,0,0,0,6,0,0,0,1,1,11,90
17031060400,1,5,12,44,9,0,2,16,0,0,10,2,0,0,0,0,1,0,0,11,0,0,1,2,3,10,129
17031060500,1,2,4,8,7,0,0,6,0,0,6,0,0,0,0,0,0,0,0,3,0,0,0,1,4,4,46
17031060800,2,2,5,19,3,0,0,7,0,0,5,0,0,1,0,0,0,0,1,5,0,0,1,1,2,17,71
17031060900,1,11,12,78,9,0,10,40,0,0,25,2,0,2,0,0,0,0,2,27,0,0,1,3,10,55,288
17031061000,4,10,9,64,5,0,3,28,0,0,13,0,0,3,6,0,0,2,3,28,0,0,2,2,17,44,243
17031061100,2,8,13,65,4,0,5,20,0,0,15,0,0,1,1,0,0,2,1,40,0,0,2,3,6,58,246
17031061200,0,3,3,29,2,0,1,8,0,0,7,0,0,0,0,0,0,0,0,7,0,0,0,2,3,8,73
17031061500,0,1,4,24,3,0,0,8,0,0,4,0,0,1,0,0,1,1,0,4,0,0,0,0,1,1,53
17031061800,0,2,2,38,1,0,0,11,0,0,2,0,0,0,0,0,0,0,1,2,0,0,2,0,3,16,80
17031061901,2,2,5,48,4,0,1,10,0,0,9,0,0,0,1,0,0,0,0,15,0,0,2,1,3,16,119
17031061902,1,3,3,32,3,0,1,29,0,0,8,0,0,1,3,0,0,0,0,16,0,0,2,3,1,14,120
17031062000,1,15,11,127,11,0,0,21,0,0,14,1,0,3,2,0,0,0,1,26,0,0,6,4,13,47,303
17031062100,4,12,28,180,17,0,4,44,0,0,25,0,0,3,6,0,1,1,6,23,0,0,3,4,15,68,444
17031062200,2,6,12,73,13,0,1,25,0,0,24,1,0,1,1,0,0,0,0,12,0,0,1,0,7,23,202
17031062300,1,3,7,28,2,0,0,11,0,0,2,0,0,0,0,0,0,0,0,17,0,0,0,0,0,3,74
17031062400,0,2,6,57,5,0,0,10,0,0,9,0,0,1,0,0,0,0,0,6,0,0,1,1,3,3,104
17031062500,0,5,5,39,2,0,0,15,0,0,15,0,0,2,0,0,0,0,0,2,1,0,1,0,1,3,91
17031062600,0,4,13,41,1,0,2,10,0,0,11,0,0,0,0,0,0,0,0,8,0,0,1,2,2,10,105
17031062700,1,9,13,91,8,0,1,26,0,0,15,0,0,1,0,0,0,0,1,12,0,0,2,0,6,8,194
17031062800,0,6,14,53,9,0,0,21,0,0,14,1,0,0,0,0,0,0,2,10,0,0,2,1,1,7,141
17031062900,0,7,20,110,22,1,0,22,0,0,16,1,0,1,1,0,0,0,0,8,0,0,5,3,5,19,241
17031063000,5,21,18,191,11,0,5,38,0,1,35,0,0,4,2,0,2,1,0,34,0,0,7,7,22,71,475
17031063100,0,5,6,84,4,0,2,14,0,0,7,0,0,1,1,0,0,0,1,11,0,0,4,2,5,14,161
17031063200,1,6,1,148,7,1,4,50,0,0,25,1,0,1,0,0,0,0,0,21,0,0,4,1,16,20,307
17031063301,2,0,3,30,2,0,0,6,0,0,4,0,0,1,0,0,0,0,0,4,0,0,0,3,1,7,63
17031063302,3,1,1,32,2,0,1,15,0,0,3,0,0,0,0,0,0,0,0,4,0,0,1,0,6,9,78
17031063303,8,0,0,28,3,0,0,7,0,0,3,1,0,2,3,0,0,0,0,6,0,0,1,1,0,6,69
17031063400,1,4,14,154,4,0,5,34,0,0,10,0,0,1,2,0,0,0,0,17,0,0,3,3,3,9,264
17031070101,1,4,3,85,15,0,1,25,0,0,25,0,0,2,0,0,1,1,1,15,0,0,0,5,6,18,208
17031070102,2,3,5,75,4,0,4,36,0,0,8,0,0,1,0,0,0,0,1,5,1,0,1,2,4,6,158
17031070103,0,3,6,52,1,0,1,10,0,0,5,0,0,1,0,0,0,1,0,7,0,0,1,0,0,9,97
17031070200,1,12,16,166,11,0,2,25,0,0,22,1,0,2,1,0,0,0,1,11,0,0,6,3,8,33,321
17031070300,1,15,28,166,14,0,2,25,0,0,29,1,1,2,1,0,1,0,0,22,0,0,6,2,10,26,352
17031070400,0,5,21,76,12,0,2,15,0,0,25,1,0,3,2,0,0,1,1,15,0,0,0,1,4,17,201
17031070500,0,7,6,49,6,0,2,8,0,0,8,0,0,1,0,0,0,0,0,11,0,0,1,1,1,5,106
17031070600,0,6,29,64,6,0,0,18,0,0,20,0,0,1,1,0,0,0,0,14,0,0,0,2,4,4,169
17031070700,1,8,27,189,14,0,3,28,0,0,14,2,0,1,0,0,2,0,2,32,0,0,4,3,20,16,366
17031071000,0,5,16,49,3,0,2,6,0,0,19,0,0,2,7,0,0,0,0,9,0,0,3,0,6,6,133
17031071100,0,15,18,123,6,1,1,22,0,0,30,4,0,2,2,0,0,1,0,17,0,0,2,2,9,23,278
17031071200,3,19,16,154,10,0,4,9,0,0,34,0,0,3,3,0,1,5,0,17,0,0,1,3,10,50,342
17031071300,1,2,8,92,4,0,1,15,0,0,15,0,0,1,0,0,0,1,1,10,0,0,2,0,3,8,164
17031071400,2,1,9,200,14,0,0,25,0,0,27,0,0,4,0,0,0,0,1,11,0,0,4,1,6,19,324
17031071500,3,24,9,399,6,0,3,60,0,0,75,3,0,3,2,1,0,0,2,27,0,0,7,7,21,32,684
17031071600,0,4,4,20,2,0,0,8,0,1,8,0,0,0,0,0,0,0,0,4,0,0,0,1,7,4,63
17031071700,1,5,9,72,1,0,1,3,0,0,29,1,0,0,0,0,0,0,0,8,0,0,0,2,4,7,143
17031071800,1,3,3,56,10,0,0,19,0,0,18,0,0,1,2,0,0,0,0,6,0,0,0,0,5,9,133
17031080100,2,6,2,24,4,0,0,23,0,0,7,0,0,0,2,0,0,1,1,12,0,0,2,2,5,8,101
17031080201,0,8,6,81,4,0,1,20,0,0,17,0,0,1,0,0,0,0,0,8,0,0,1,0,2,10,159
17031080202,2,28,7,180,5,1,1,46,0,1,26,1,0,5,9,0,1,0,2,26,0,0,4,4,19,37,405
17031080300,1,21,18,188,4,0,4,48,0,0,42,1,0,2,9,0,1,3,0,22,0,0,4,4,19,42,433
17031080400,1,20,13,158,12,0,3,31,0,0,32,4,0,1,16,3,2,1,1,43,1,0,16,12,37,107,514
17031081000,5,26,7,154,9,0,4,61,1,0,23,4,0,3,14,0,0,0,2,48,0,0,3,7,23,52,446
17031081100,3,8,5,167,11,0,1,52,1,0,9,1,0,1,4,0,1,0,3,12,0,0,5,3,14,39,340
17031081201,6,40,7,667,25,0,10,226,0,0,20,4,0,0,6,1,0,0,9,71,0,0,9,15,31,114,1261
17031081202,3,4,5,85,10,0,1,23,0,0,11,1,0,4,1,0,0,1,3,18,0,0,2,6,8,21,207
17031081300,6,2,3,264,10,0,2,65,0,0,9,3,0,0,0,0,0,0,1,35,0,0,2,2,15,19,438
17031081401,35,3,4,344,17,0,4,159,1,0,21,3,0,5,8,0,2,0,2,78,0,0,6,11,28,92,823
17031081402,1,4,5,141,16,0,2,71,1,0,11,0,0,2,3,0,3,0,0,27,0,0,1,5,11,41,345
17031081403,3,21,10,644,33,0,8,212,0,0,63,0,0,5,4,0,1,2,2,62,0,0,4,17,32,103,1226
17031081500,7,37,7,555,32,1,12,264,0,0,44,3,0,5,6,0,1,0,2,62,0,0,8,6,27,89,1168
17031081600,4,24,11,379,17,0,5,89,0,0,24,0,0,3,6,0,2,2,5,28,2,0,14,11,40,129,795
17031081700,13,58,33,556,37,1,7,185,1,0,57,2,0,6,10,0,0,5,7,59,0,0,13,20,40,170,1280
17031081800,8,41,35,516,40,0,11,147,0,0,68,2,0,8,8,0,1,16,2,77,0,0,11,24,26,165,1206
17031081900,0,2,1,20,1,0,1,4,0,0,4,9,0,1,4,0,1,0,0,20,1,0,2,4,10,18,103
17031090100,0,0,4,14,2,0,0,10,0,0,3,0,0,0,1,0,1,0,0,6,0,0,2,0,4,12,59
17031090200,0,0,4,27,8,0,3,12,0,0,23,0,0,0,0,0,0,0,0,22,0,0,2,4,8,36,149
17031090300,0,1,1,5,2,1,0,3,0,0,3,0,0,0,0,0,0,0,1,3,0,0,0,0,1,9,30
17031100100,2,4,13,54,8,2,0,12,0,0,32,0,0,0,3,0,1,1,0,25,0,0,3,1,14,19,194
17031100200,0,0,9,40,13,1,3,8,0,0,26,1,0,1,1,0,2,0,0,30,0,0,4,3,18,33,193
17031100300,0,0,9,37,4,0,2,20,0,0,21,1,0,0,3,0,1,0,1,15,0,0,3,0,10,10,137
17031100400,1,1,2,17,2,0,0,9,0,0,2,0,0,0,7,0,1,0,0,7,0,0,1,1,2,6,59
17031100500,1,2,17,53,4,0,0,21,0,0,24,0,0,2,0,0,1,1,0,16,0,0,2,0,9,24,177
17031100600,0,3,14,72,12,1,0,20,1,0,22,0,0,4,1,0,2,0,0,31,0,0,6,2,29,60,280
17031100700,0,1,13,23,6,0,1,7,0,0,7,1,0,0,1,0,1,0,0,14,0,0,0,0,4,9,88
17031110100,0,3,8,35,10,0,0,15,0,0,24,0,0,2,0,0,0,2,1,27,0,0,4,2,7,23,163
17031110200,1,2,5,33,10,0,1,15,0,0,26,0,0,1,2,0,2,0,0,15,1,0,1,3,13,21,152
17031110300,3,3,23,33,4,0,3,11,0,0,23,2,0,0,0,0,2,0,1,35,0,0,5,2,7,21,178
17031110400,1,1,12,40,13,0,2,12,0,0,25,0,0,1,9,0,5,0,1,20,0,0,3,1,13,24,183
17031110501,2,2,7,71,5,0,1,15,0,0,13,0,0,2,0,0,1,0,1,23,0,0,0,0,9,20,172
17031110502,2,6,9,79,8,0,3,22,0,1,21,2,0,2,4,0,1,1,1,26,0,0,7,2,17,40,254
17031120100,1,0,8,22,3,0,0,10,0,0,10,0,0,0,0,0,1,0,0,10,0,0,1,2,5,7,80
17031120200,2,1,12,42,9,0,5,13,1,0,10,0,0,1,1,0,0,0,0,11,0,0,2,1,8,7,126
17031120300,0,2,19,51,10,0,1,20,0,0,8,1,0,1,0,0,0,0,0,24,0,0,0,1,7,13,158
17031120400,0,1,8,37,7,0,3,9,0,0,17,0,0,1,1,0,0,0,0,10,0,0,4,2,3,8,111
17031130100,4,5,20,115,13,0,3,24,0,0,22,7,0,0,5,0,1,0,1,27,0,1,5,2,12,23,290
17031130200,2,1,7,26,2,1,1,14,0,0,14,1,0,1,2,0,0,1,0,19,0,0,5,4,8,16,125
17031130300,2,6,24,71,13,0,1,20,0,0,28,1,1,1,2,0,3,0,0,24,0,0,3,2,4,27,233
17031140100,0,3,6,30,4,0,1,5,0,0,19,1,0,2,0,0,2,0,0,17,1,0,2,8,1,31,133
17031140200,2,32,24,89,13,1,3,17,0,0,41,1,0,2,5,0,0,1,0,31,0,0,14,8,15,61,360
17031140301,1,12,13,24,10,0,1,8,0,0,14,4,0,4,1,0,2,1,1,10,0,0,3,1,2,22,134
17031140302,0,6,5,35,10,0,2,14,0,0,24,1,0,1,1,0,2,0,0,15,1,0,5,2,5,27,156
17031140400,1,4,26,85,12,0,0,15,0,0,32,2,0,1,2,0,0,1,1,17,0,0,5,10,11,25,250
17031140500,1,6,5,71,16,0,0,10,0,0,24,1,0,0,9,0,0,0,0,17,1,0,3,3,5,22,194
17031140601,1,8,6,14,12,0,0,3,0,1,16,3,0,1,2,0,0,0,0,14,0,0,6,1,10,24,122
17031140602,2,23,12,47,25,0,2,11,0,0,49,5,0,1,9,0,4,0,0,23,0,0,8,13,13,75,322
17031140701,0,13,17,39,10,0,0,11,0,0,35,3,0,1,0,0,2,0,0,12,0,0,5,4,2,22,176
17031140702,2,19,18,71,19,0,3,17,0,0,31,9,0,0,3,0,0,0,5,25,1,0,6,12,19,85,345
17031140800,3,13,23,58,8,0,1,20,0,0,44,1,0,1,1,0,2,1,2,24,0,0,4,4,7,30,247
17031150200,2,10,21,102,26,2,2,34,0,0,47,6,0,1,5,0,1,1,3,27,0,0,9,6,30,58,393
17031150300,1,6,17,101,9,1,4,28,0,0,40,3,1,1,4,0,1,1,3,36,1,0,7,4,27,57,353
17031150401,3,3,19,66,12,0,1,22,0,0,18,3,0,3,2,0,1,0,1,29,0,0,4,1,5,38,231
17031150402,2,4,13,34,6,0,3,11,0,0,17,1,0,2,1,0,2,1,0,11,0,0,2,4,7,27,148
17031150501,0,4,6,21,1,1,0,9,0,0,13,0,0,0,1,0,2,0,1,11,0,0,2,2,4,13,91
17031150502,1,2,13,35,9,0,0,9,0,0,27,1,1,0,1,0,1,1,1,22,0,0,0,2,12,34,172
17031150600,1,3,16,39,7,1,2,12,0,0,31,4,0,1,1,0,0,0,0,20,0,0,3,1,5,15,162
17031150700,2,5,13,26,10,1,0,12,0,0,26,3,0,0,2,0,1,1,0,20,0,0,1,3,19,22,167
17031150800,0,6,14,48,14,0,2,16,0,0,28,4,0,0,2,0,6,1,0,21,0,0,6,5,28,45,246
17031151001,0,10,6,35,5,0,2,10,0,0,17,0,0,0,6,0,0,0,1,14,0,0,3,4,9,36,158
17031151002,3,6,12,47,13,1,1,22,0,1,32,5,0,4,4,0,1,0,1,26,0,0,7,5,8,49,248
17031151100,3,14,26,55,21,4,1,9,0,0,32,3,0,1,4,0,3,1,0,42,0,0,6,6,14,52,297
17031151200,1,3,13,52,7,1,4,11,0,0,36,2,0,1,5,0,2,1,1,28,0,0,3,7,27,49,254
17031160100,0,6,10,32,4,0,0,7,0,0,14,0,0,0,0,0,0,0,1,14,0,0,1,0,4,14,107
17031160200,0,2,16,44,7,0,1,15,0,0,18,1,0,1,2,0,2,0,0,17,0,0,2,2,10,21,161
17031160300,0,7,18,62,5,0,3,13,0,0,25,0,0,1,0,1,0,0,0,11,0,0,4,5,5,43,203
17031160400,0,3,16,73,16,0,1,13,0,0,39,1,0,1,5,0,0,0,0,21,0,0,3,4,12,45,253
17031160501,1,19,18,54,8,0,3,8,0,0,14,6,0,0,2,0,2,0,1,14,0,0,6,0,8,43,207
17031160502,1,7,15,42,6,0,0,14,0,0,30,0,0,2,3,0,4,0,0,11,0,0,1,2,3,29,170
17031160601,1,3,6,31,8,0,1,1,0,0,16,2,0,1,0,0,1,0,0,12,0,0,0,3,10,15,111
17031160602,2,4,9,26,8,0,4,13,0,0,14,1,0,1,3,0,2,0,1,10,0,0,0,2,1,12,113
17031160700,0,8,19,69,14,0,4,12,0,0,40,4,0,3,2,0,2,0,0,18,0,0,6,11,10,37,259
17031160800,0,9,21,113,16,0,2,27,0,0,31,2,0,1,3,0,5,0,0,26,0,0,7,4,10,32,309
17031160900,2,2,18,47,10,0,2,8,0,0,18,1,1,1,2,0,0,0,1,9,0,0,2,1,8,30,163
17031161000,1,6,19,69,8,0,0,11,0,0,24,0,0,1,2,0,0,1,0,7,0,0,2,6,9,21,187
17031161100,1,1,5,45,4,0,0,5,0,0,23,1,0,1,9,0,1,0,4,12,0,0,2,1,14,44,173
17031161200,3,2,5,20,7,0,0,9,0,0,29,2,0,0,0,0,0,0,0,11,0,0,1,3,5,20,117
17031161300,5,8,10,47,21,0,0,10,0,0,39,7,0,1,4,0,2,0,1,22,0,0,6,6,13,39,241
17031170100,0,0,5,42,1,0,1,6,0,0,8,0,0,1,1,0,1,0,0,6,0,0,1,1,10,15,99
17031170200,0,4,12,26,5,0,2,11,0,0,18,0,0,2,6,0,1,0,0,19,0,0,3,2,13,28,152
17031170300,2,2,22,41,9,0,0,14,0,0,32,0,0,1,1,0,2,1,0,30,0,0,4,2,10,31,204
17031170400,2,1,13,23,7,1,0,12,0,0,15,1,0,0,2,1,1,1,0,13,0,0,3,2,3,21,122
17031170500,0,3,12,17,4,0,1,5,0,0,26,0,0,2,0,0,2,0,0,22,0,0,2,1,4,26,127
17031170600,0,2,4,10,7,0,0,3,0,0,6,0,0,1,0,0,0,0,0,5,0,0,1,0,2,8,49
17031170700,0,0,9,13,6,0,0,9,0,0,11,1,0,1,0,0,0,0,0,12,0,0,2,0,4,18,86
17031170800,3,1,8,23,2,1,1,8,0,0,15,0,0,3,2,0,1,0,0,11,0,0,3,1,14,32,129
17031170900,0,1,6,19,4,0,0,8,0,0,11,1,0,0,2,0,1,0,0,2,0,0,0,0,0,10,65
17031171000,0,2,30,55,22,0,2,24,0,0,34,3,0,1,2,0,2,0,0,33,0,0,6,4,13,57,290
17031171100,1,3,15,26,2,2,0,9,0,0,23,0,0,4,3,0,1,0,0,18,0,0,6,4,6,28,151
17031180100,1,3,31,37,19,0,1,8,0,0,23,1,0,3,3,0,3,0,2,17,1,0,0,5,10,39,207
17031190100,0,7,9,28,5,0,0,8,0,0,12,4,1,0,7,0,2,0,0,9,1,0,3,3,7,23,129
17031190200,5,12,21,34,13,0,2,19,0,0,45,5,0,4,4,0,3,0,1,30,1,0,7,4,6,38,254
17031190300,1,13,21,51,14,2,9,21,0,0,44,10,0,2,9,0,2,0,0,21,0,0,11,5,15,65,316
17031190401,1,9,6,27,14,0,0,11,0,0,25,7,0,2,12,0,2,0,0,20,0,0,3,5,14,49,207
17031190402,1,8,25,32,10,0,0,13,0,0,29,7,0,0,5,0,1,0,1,35,0,0,4,1,10,37,219
17031190601,2,4,8,100,17,1,2,17,0,0,11,1,0,1,10,0,3,0,1,18,0,0,3,2,10,44,255
17031190602,1,9,27,59,18,0,1,15,0,0,28,2,0,4,10,0,4,0,1,29,1,0,5,4,19,56,293
17031190701,1,1,7,20,9,2,2,8,0,0,20,3,0,0,2,0,2,0,2,14,0,0,1,2,5,35,136
17031190702,1,11,23,35,13,1,1,15,0,0,40,6,0,0,8,0,6,0,3,30,1,1,8,7,13,59,282
17031190800,2,12,16,53,29,3,2,19,0,0,46,5,2,2,10,0,3,0,4,51,1,0,14,5,15,53,347
17031190900,0,0,9,74,7,0,1,8,0,0,14,2,2,1,4,0,2,0,1,17,1,0,2,2,4,30,181
17031191000,0,4,6,18,5,1,0,5,0,0,17,7,0,1,6,0,2,0,1,15,0,0,2,2,6,24,122
17031191100,2,19,18,77,21,1,1,24,0,0,43,11,0,6,5,0,4,0,0,49,1,0,12,9,14,67,384
17031191200,0,7,12,53,9,0,2,7,0,1,40,4,0,1,31,0,7,0,3,47,0,0,6,5,26,99,360
17031191301,2,12,14,41,14,1,0,7,0,0,25,9,0,1,11,0,3,0,3,24,3,0,12,7,23,55,267
17031191302,1,16,20,28,23,0,1,11,0,1,30,6,0,4,7,2,8,1,2,22,0,0,14,4,16,56,273
17031200100,2,5,30,26,16,0,0,10,0,0,31,3,0,0,4,0,2,0,0,25,0,0,4,3,12,22,195
17031200200,2,5,11,38,25,1,1,13,0,0,30,7,0,3,5,0,5,0,2,21,0,0,8,11,18,56,262
17031200300,0,6,2,19,9,0,1,20,0,0,10,3,0,1,3,0,0,0,2,11,0,0,4,1,7,14,113
17031200401,0,8,5,24,6,1,0,5,0,0,22,6,0,1,7,0,3,0,2,20,1,0,0,3,9,29,152
17031200402,1,7,8,30,8,1,0,11,0,0,27,8,0,0,13,0,6,0,2,13,1,0,3,7,6,55,207
17031210100,1,8,8,67,13,0,5,17,0,0,22,1,1,3,5,0,0,0,2,19,3,0,3,8,9,34,229
17031210400,0,6,10,32,11,0,1,7,0,0,23,2,0,2,1,0,0,0,1,11,1,0,3,3,9,27,150
17031210501,2,11,13,56,10,2,5,13,0,0,27,1,0,1,3,0,3,0,0,12,0,0,6,8,21,32,226
17031210502,1,13,10,42,14,0,3,9,0,0,31,8,0,3,4,0,2,1,1,25,0,0,5,4,13,30,219
17031210601,2,9,13,46,6,1,3,8,0,0,23,1,0,5,2,0,1,0,1,10,0,0,6,4,12,25,178
17031210602,2,22,21,72,14,0,4,15,0,0,35,3,0,1,1,0,1,0,1,27,0,0,10,9,12,44,294
17031210700,0,5,12,60,10,0,0,8,0,0,35,1,0,1,0,0,0,0,0,24,1,0,4,5,6,16,188
17031210800,0,3,6,21,4,0,0,3,0,0,8,3,0,2,0,0,0,0,0,15,0,0,2,4,5,10,86
17031210900,1,0,15,45,6,1,2,12,0,0,17,0,0,0,0,0,0,0,0,11,0,0,3,4,4,17,138
17031220300,2,2,12,64,5,0,1,7,0,0,14,0,0,0,1,0,0,0,0,6,0,0,2,1,5,17,139
17031220400,0,3,9,73,10,0,0,16,0,0,26,1,0,2,0,0,0,0,0,13,0,0,0,2,3,21,179
17031220500,1,7,12,108,5,0,1,14,0,0,31,3,0,0,0,0,0,1,2,11,0,0,5,3,11,29,244
17031220601,4,6,6,39,14,0,2,10,0,0,11,3,0,3,3,0,0,0,0,8,0,0,2,4,4,14,133
17031220602,3,17,17,99,7,1,1,12,0,0,36,2,0,4,2,0,2,0,4,36,0,0,3,9,15,57,327
17031220701,0,5,6,21,6,0,0,13,0,0,16,3,0,0,2,0,2,0,1,11,0,0,1,8,6,14,115
17031220702,1,13,13,58,10,0,0,12,0,0,19,6,0,2,11,0,3,0,0,16,0,0,4,6,12,31,217
17031220901,0,8,11,15,7,0,2,13,0,0,40,11,0,1,7,0,3,0,1,26,0,0,8,2,8,26,189
17031220902,0,6,13,22,7,2,2,8,0,0,19,5,0,2,4,0,3,1,1,9,0,0,2,5,5,32,148
17031221000,0,6,7,22,6,0,0,10,0,0,21,3,0,0,4,0,0,1,0,18,0,0,3,3,7,33,144
17031221100,1,3,21,64,14,0,0,12,0,0,21,1,0,0,2,0,1,0,1,13,1,0,4,9,12,35,215
17031221200,2,3,13,50,9,0,0,8,0,0,16,3,0,0,4,0,2,0,0,21,0,0,5,4,17,30,187
17031221300,0,4,17,123,14,0,1,16,0,0,38,1,0,0,2,0,0,0,1,11,0,0,6,5,15,39,293
17031221400,2,5,8,117,10,0,5,24,0,0,19,1,0,2,3,0,0,0,0,14,0,0,5,4,12,26,257
17031221500,0,3,7,53,11,0,0,7,0,0,10,0,0,0,1,0,0,0,0,6,0,0,0,1,6,17,122
17031221600,0,2,12,63,10,0,3,12,0,0,18,1,0,2,1,0,1,0,0,7,0,0,2,1,6,13,154
17031222200,0,3,12,63,7,0,0,12,0,1,22,0,0,1,0,0,0,1,1,6,0,0,1,1,7,8,146
17031222500,1,1,3,17,1,0,0,3,0,0,11,2,0,1,1,0,0,0,0,6,0,0,4,2,11,12,76
17031222600,0,2,4,30,1,1,0,7,0,0,10,0,0,1,3,0,0,0,0,12,1,0,4,5,5,19,105
17031222700,0,5,8,26,2,1,1,2,0,0,18,1,0,1,2,0,0,0,0,16,0,0,3,3,6,23,118
17031222800,0,6,3,12,5,0,1,3,0,0,9,1,0,2,3,0,2,0,1,11,0,0,4,3,2,11,79
17031222900,2,7,4,27,3,0,1,0,0,0,11,5,0,2,5,0,0,0,1,9,1,0,2,3,3,15,101
17031230100,0,4,3,26,0,0,0,5,0,0,17,3,0,0,2,0,0,0,1,7,0,0,3,5,4,8,88
17031230200,1,3,6,22,4,0,0,3,0,0,14,3,0,1,1,0,1,0,0,7,0,0,6,8,8,22,110
17031230300,1,2,2,8,0,0,0,2,0,0,6,1,0,1,2,0,0,0,0,1,0,0,1,0,3,6,36
17031230400,1,11,10,23,3,0,1,4,0,0,9,0,0,1,3,0,2,0,1,14,0,0,1,1,10,26,121
17031230500,1,12,9,66,18,0,1,9,0,0,27,10,0,3,9,0,3,0,1,23,0,0,8,6,8,55,269
17031230600,7,53,39,170,42,2,12,31,0,0,70,20,10,4,39,0,7,1,10,82,5,0,32,40,68,181,925
17031230700,2,29,28,98,16,1,1,17,0,0,51,14,1,1,64,0,2,4,8,49,0,0,17,18,39,115,575
17031230800,0,5,5,23,8,0,1,3,0,0,6,2,0,0,5,0,1,0,1,19,0,0,2,2,5,18,106
17031230900,1,14,21,69,13,1,4,13,0,0,40,14,0,2,10,0,6,0,6,37,0,0,8,20,24,87,390
17031231100,0,8,3,14,9,0,1,4,0,0,16,9,0,2,98,2,1,0,7,12,2,0,2,8,7,24,229
17031231200,4,70,42,115,48,0,4,34,0,1,94,61,0,3,540,7,9,0,30,116,3,0,34,61,51,218,1545
17031231500,12,46,40,135,50,2,2,27,0,1,115,73,1,4,662,14,6,2,46,110,4,0,36,74,80,244,1786
17031240200,0,2,11,62,6,0,1,11,0,0,16,0,0,0,0,0,0,0,0,4,0,0,2,2,1,7,125
17031240300,1,4,10,40,4,0,0,8,0,1,12,0,0,0,0,0,0,1,0,8,0,0,1,0,1,8,99
17031240500,2,6,17,117,16,0,2,14,0,0,32,1,0,1,3,0,0,0,1,17,0,0,2,2,7,24,264
17031240600,1,5,4,26,4,0,0,3,0,0,14,1,0,0,3,0,0,0,0,5,0,0,2,1,5,6,80
17031240700,0,4,3,20,0,0,0,2,0,0,9,4,0,0,0,0,0,0,1,4,0,0,4,4,3,10,68
17031240800,1,3,7,20,2,0,0,4,0,0,8,2,0,0,0,0,0,0,0,8,0,0,4,1,1,9,70
17031240900,6,16,12,72,8,1,1,17,0,0,26,5,0,2,12,0,0,1,3,28,0,0,9,16,18,79,332
17031241000,1,2,9,44,11,1,1,6,0,0,51,14,0,1,2,0,0,1,3,23,3,0,5,4,14,27,223
17031241100,1,9,21,71,7,0,1,17,0,0,28,8,0,1,5,0,1,0,2,20,0,0,16,6,18,40,272
17031241200,2,4,10,50,4,1,2,12,0,0,15,2,0,2,1,0,2,0,1,11,1,0,0,2,19,15,156
17031241300,0,4,12,35,7,0,1,8,0,0,15,0,0,0,0,0,0,1,0,8,0,0,1,1,1,10,104
17031241400,7,22,45,344,32,0,2,66,0,0,75,4,0,1,3,0,1,1,5,32,0,0,9,6,23,73,751
17031241500,1,14,25,221,15,0,6,39,0,0,36,0,0,1,1,0,0,0,1,23,0,0,6,5,18,24,436
17031241600,1,14,17,113,12,0,2,22,0,0,27,0,0,1,0,0,0,1,5,15,0,0,10,4,18,35,297
17031242000,1,5,26,104,11,0,3,25,0,0,19,0,0,1,1,0,0,0,1,19,0,0,4,4,7,29,260
17031242100,1,10,22,86,10,0,1,19,0,0,21,0,0,4,1,0,1,2,0,24,1,0,1,0,17,35,256
17031242200,0,10,27,53,9,0,2,16,0,0,16,0,0,3,0,0,0,0,1,12,0,0,2,0,6,16,173
17031242300,2,4,18,58,5,0,0,12,0,0,21,0,0,1,1,0,1,0,1,5,0,0,0,1,6,9,145
17031242400,5,6,10,60,5,0,0,9,0,0,16,1,0,2,5,0,0,0,2,14,0,0,2,5,20,33,195
17031242500,2,15,19,77,11,0,1,17,0,0,30,0,2,3,3,0,1,1,0,15,1,0,5,7,15,23,248
17031242600,4,18,25,94,15,0,2,19,0,0,46,6,0,3,2,0,4,0,2,29,0,0,10,7,22,48,356
17031242700,2,5,11,28,6,0,0,8,0,0,15,1,0,0,2,0,2,0,1,14,1,0,2,5,6,20,129
17031242800,0,5,15,29,7,0,1,5,0,0,14,0,0,0,3,0,0,0,0,13,0,0,3,2,6,3,106
17031242900,1,10,11,23,2,0,0,7,0,0,9,0,1,0,2,0,2,1,1,11,0,0,4,3,3,11,102
17031243000,2,14,15,85,3,0,1,8,0,0,10,0,0,1,2,0,2,0,0,8,0,0,3,1,5,11,171
17031243100,0,11,3,45,8,0,1,14,0,0,20,0,0,3,0,0,0,0,1,3,0,0,6,2,5,22,144
17031243200,0,5,17,57,5,0,1,16,0,0,9,0,0,1,1,0,1,0,0,8,0,0,1,1,2,15,140
17031243300,2,13,13,49,7,0,0,20,1,0,14,1,0,1,1,0,0,0,0,7,0,0,3,1,8,23,164
17031243400,2,11,11,45,12,0,1,9,0,0,25,1,1,3,3,0,0,0,0,9,1,0,4,4,12,28,182
17031243500,1,14,21,178,20,0,1,40,0,0,57,0,0,6,2,0,1,1,3,27,0,0,4,1,12,31,420
17031250200,3,23,17,74,39,0,1,58,0,0,38,8,0,3,23,0,2,0,3,36,1,0,10,7,26,57,429
17031250300,3,25,18,70,20,2,5,27,0,0,39,8,1,3,23,0,5,0,4,49,1,0,11,14,14,104,446
17031250400,2,23,26,80,17,0,4,26,0,0,50,16,0,2,10,0,3,0,2,58,1,0,12,16,28,88,464
17031250500,3,7,33,57,12,0,2,32,0,0,25,2,0,3,2,0,1,0,1,31,0,0,7,0,16,36,270
17031250600,1,20,9,48,20,1,1,29,0,0,40,13,0,4,25,0,4,0,3,45,0,0,12,13,22,60,370
17031250700,5,24,9,96,21,0,3,30,0,1,58,18,0,3,41,0,7,0,3,82,2,0,23,30,25,150,631
17031250800,2,26,10,96,19,2,2,27,0,1,50,13,0,2,14,1,3,0,7,35,0,0,8,13,31,59,421
17031251000,2,9,8,34,15,0,0,7,0,0,22,7,0,0,17,0,4,1,1,25,0,0,5,8,15,44,224
17031251100,2,17,23,77,26,0,2,16,0,0,65,23,0,4,54,3,8,0,3,64,4,0,25,31,38,119,604
17031251200,3,30,23,69,23,3,3,21,0,0,60,20,0,2,81,0,6,1,6,47,4,0,14,26,27,98,567
17031251300,7,26,30,73,46,0,2,31,0,0,75,18,0,4,20,2,6,1,8,58,2,0,22,28,40,116,615
17031251400,7,33,34,109,22,7,0,22,0,0,64,11,0,4,20,0,7,0,3,48,1,0,15,23,41,126,597
17031251500,6,49,13,102,20,2,2,22,0,0,80,33,1,7,43,0,9,0,5,62,4,0,19,23,35,153,690
17031251600,4,27,28,67,25,2,1,23,0,0,65,15,0,1,106,3,1,0,10,73,1,0,16,27,22,107,624
17031251700,5,23,11,35,20,0,6,7,0,0,30,16,0,4,38,1,2,3,5,32,1,0,10,22,30,96,397
17031251800,13,79,47,149,42,4,0,26,0,0,122,33,3,3,156,6,7,1,27,95,7,0,30,57,70,201,1178
17031251900,11,65,39,152,40,1,0,32,0,0,99,31,0,4,99,2,5,2,14,106,7,0,32,41,53,228,1063
17031252000,6,49,20,91,38,1,1,40,0,0,60,12,0,7,53,3,4,0,8,97,3,0,16,33,62,165,769
17031252101,2,11,6,31,8,2,0,8,0,0,33,7,0,2,27,0,3,0,7,41,0,0,6,17,18,55,284
17031252102,11,47,30,119,42,6,1,48,0,0,103,34,0,5,88,1,4,1,14,85,2,0,29,64,59,169,962
17031252201,6,14,10,53,35,0,1,19,0,0,57,14,0,1,29,0,4,0,8,36,2,0,11,13,25,121,459
17031252202,9,63,23,142,45,1,0,31,0,0,101,54,17,3,320,5,10,0,28,111,7,0,34,58,63,201,1326
17031260100,1,24,5,73,11,1,2,9,0,0,39,11,0,3,80,1,2,2,11,41,1,0,12,13,41,57,440
17031260200,1,25,13,83,13,0,1,48,0,1,51,10,0,1,162,0,5,0,10,31,2,0,9,24,20,63,573
17031260300,2,14,16,45,14,1,2,3,0,0,55,8,0,1,68,1,2,0,1,34,2,0,11,21,20,73,394
17031260400,4,15,9,42,20,1,0,13,0,0,53,8,15,0,40,0,1,0,6,22,4,0,12,20,17,73,375
17031260500,2,36,24,49,25,1,1,7,0,0,55,14,41,1,62,1,2,0,11,86,1,0,17,36,23,85,580
17031260600,4,32,11,61,5,1,0,13,0,0,69,20,0,0,126,1,6,1,9,41,3,0,10,34,26,103,576
17031260700,4,58,18,93,23,0,4,33,0,0,54,21,0,2,206,0,3,0,20,102,7,0,13,41,37,113,852
17031260800,6,41,18,73,29,0,0,13,0,0,56,30,0,2,246,7,1,0,19,57,3,0,16,36,38,119,810
17031260900,5,31,12,53,18,4,0,8,0,0,51,20,0,1,21,0,1,3,4,41,1,0,21,28,17,72,412
17031261000,8,29,8,40,14,0,0,18,0,0,54,11,79,3,27,0,5,0,4,36,1,0,5,19,20,71,452
17031270500,3,33,16,62,22,0,0,14,0,0,62,28,0,0,57,1,3,0,9,38,3,0,13,33,43,119,559
17031271200,3,25,6,52,7,0,0,8,0,0,42,16,0,2,80,1,0,0,6,54,4,0,9,13,29,75,432
17031271300,2,28,8,62,16,1,1,8,0,0,36,13,0,4,72,15,4,0,12,37,1,0,8,18,41,80,467
17031271400,1,22,7,47,17,1,3,6,0,0,38,11,0,2,53,1,0,0,6,23,0,0,12,15,15,55,335
17031271500,0,25,5,28,8,2,0,2,0,0,36,15,0,0,47,1,5,0,4,16,0,0,9,22,20,42,287
17031271800,0,9,4,32,7,0,1,10,0,0,22,4,0,1,20,0,4,1,5,22,0,0,10,7,22,57,238
17031280100,1,18,23,241,24,0,5,80,0,0,52,1,0,2,5,0,2,3,1,31,1,0,6,5,11,60,572
17031280400,3,17,8,85,9,0,0,12,0,0,40,5,0,0,5,0,2,0,1,25,0,0,1,4,15,37,269
17031280800,0,6,4,25,12,1,1,17,0,0,27,7,0,2,11,0,3,0,0,20,0,0,9,7,22,40,214
17031280900,1,4,7,22,5,0,0,6,0,0,11,3,0,0,5,0,3,0,0,25,0,0,7,5,13,36,153
17031281900,3,17,9,380,14,0,4,101,0,0,30,1,0,2,26,0,2,1,2,45,0,0,4,4,20,51,716
17031282700,5,21,17,63,17,0,1,17,0,0,42,3,0,2,3,0,2,0,1,28,2,0,3,9,15,48,299
17031282800,0,4,8,32,5,0,1,4,0,0,20,1,0,0,0,0,2,0,0,9,0,0,4,3,8,16,117
17031283100,1,8,9,36,7,0,0,11,0,0,17,0,0,1,0,0,1,1,2,22,0,0,2,4,8,26,156
17031283200,4,14,15,62,6,0,0,17,0,0,17,1,0,0,0,0,0,0,0,9,0,0,3,6,8,26,188
17031283800,1,1,8,33,6,0,0,11,0,0,16,0,0,2,3,0,4,0,0,27,0,0,6,8,27,42,195
17031290900,5,35,42,88,26,4,3,30,0,0,90,40,0,3,193,2,4,0,16,84,5,0,31,42,41,136,920
17031291200,2,13,19,46,19,0,2,7,0,0,55,19,0,5,90,1,2,0,7,32,0,0,13,26,28,105,491
17031291600,0,2,1,13,5,1,0,3,0,0,11,2,0,0,3,0,0,1,0,5,1,0,3,4,5,14,74
17031292200,4,22,15,46,20,1,1,16,0,0,46,10,0,1,60,5,4,0,4,46,2,0,18,31,23,89,464
17031292400,3,17,15,54,8,1,1,12,0,0,40,15,0,1,48,1,2,0,1,26,1,0,9,24,22,76,377
17031292500,9,34,22,84,20,1,1,20,0,0,79,15,0,2,77,0,5,0,6,40,1,0,20,31,31,105,603
17031300500,1,14,3,24,16,0,1,6,0,0,19,5,0,0,20,0,1,1,1,10,0,0,1,6,5,26,160
17031300600,3,9,9,35,10,0,0,6,0,1,34,2,0,1,7,0,2,0,6,26,0,0,4,5,13,56,229
17031300700,3,15,9,24,15,2,1,13,0,0,44,17,0,8,37,0,3,0,7,41,0,0,19,15,26,63,362
17031300800,3,5,5,30,13,2,3,9,0,0,43,15,0,9,32,0,2,0,8,31,0,0,11,17,18,70,326
17031300900,0,12,10,72,12,2,3,10,0,0,48,12,0,2,22,0,8,0,5,36,1,0,6,18,25,62,366
17031301100,3,5,4,24,8,1,0,2,0,0,30,15,0,3,8,0,1,0,3,7,0,0,8,11,7,24,164
17031301200,1,9,7,68,8,0,0,6,1,0,35,14,1,2,9,0,4,0,4,29,0,0,15,12,8,48,281
17031301600,2,8,9,28,16,0,2,11,0,0,21,11,0,0,11,0,0,1,1,24,1,0,5,14,19,40,224
17031301701,1,17,12,47,14,0,1,10,0,0,17,6,0,3,2,0,2,0,2,12,1,0,2,8,14,31,202
17031301702,1,8,8,24,10,0,1,9,0,0,25,9,0,0,11,0,1,1,1,15,0,0,2,7,6,24,163
17031301801,1,8,5,40,33,0,1,6,0,0,30,6,0,2,10,0,2,0,0,16,1,0,2,6,8,26,203
17031301802,5,28,12,133,21,0,1,8,0,0,47,6,0,4,16,0,3,1,3,21,1,0,13,7,14,63,407
17031301803,2,6,15,24,12,0,0,4,0,0,28,13,0,1,8,0,5,0,1,18,0,0,5,12,13,42,209
17031310200,3,7,22,28,4,0,0,5,0,0,8,2,0,1,1,0,0,0,0,6,0,0,2,3,11,18,121
17031310300,3,3,6,25,5,0,0,9,0,0,18,2,0,1,1,0,0,0,0,7,0,0,0,3,7,17,107
17031310400,1,5,3,9,2,0,0,2,0,0,14,1,0,0,1,0,0,0,1,4,0,0,2,2,3,14,64
17031310500,1,1,3,23,2,0,0,6,0,0,13,1,0,0,3,0,0,0,0,6,0,0,5,3,2,20,89
17031310600,1,15,20,71,19,0,1,11,0,0,43,7,0,3,12,0,2,1,2,34,0,0,14,7,20,58,341
17031310700,3,3,9,18,6,0,0,7,0,0,9,1,0,2,1,0,0,0,1,4,0,0,2,6,4,11,87
17031310800,3,13,3,65,10,1,1,14,0,0,33,4,0,6,8,0,2,1,2,29,0,0,5,6,15,51,272
17031310900,2,12,12,48,6,0,3,11,0,0,31,13,0,1,7,0,5,1,1,23,0,0,9,7,12,37,241
17031320100,16,66,12,1686,27,1,18,385,2,0,124,4,0,11,35,0,0,5,9,152,0,0,21,28,86,211,2899
17031320400,6,53,4,782,12,1,8,239,0,0,66,6,1,10,14,0,2,0,10,79,2,0,16,13,52,119,1495
17031320600,3,20,6,138,11,0,7,50,0,1,30,0,0,1,3,0,0,0,2,32,0,0,5,4,22,69,404
17031330100,9,32,26,405,42,2,18,167,0,0,107,10,0,7,5,0,3,3,3,101,0,0,21,13,71,160,1205
17031330200,1,9,4,116,6,0,3,46,0,0,35,1,0,0,10,0,0,1,1,35,0,0,6,4,12,60,350
17031340300,1,5,2,13,5,0,0,4,1,0,7,0,0,0,2,0,0,0,0,1,0,0,1,0,2,4,48
17031340400,1,7,13,41,5,0,0,11,0,0,13,1,0,0,3,0,0,1,1,10,0,0,3,4,8,12,134
17031340500,0,8,2,39,9,0,0,11,0,0,11,0,0,0,2,0,1,0,1,11,2,0,1,6,9,15,128
17031340600,3,7,2,40,6,0,2,5,0,0,26,5,0,0,2,0,2,0,2,32,0,0,10,8,16,66,234
17031350100,1,2,2,30,7,0,0,10,0,0,7,0,0,0,0,0,0,0,0,7,0,0,2,0,4,9,81
17031350400,1,6,3,42,7,0,0,7,0,0,19,2,0,4,1,0,4,0,1,43,1,0,8,7,13,76,245
17031351000,5,13,13,96,18,1,0,27,0,0,44,3,0,1,1,0,3,0,2,36,0,0,5,5,14,58,345
17031351100,0,7,2,46,12,0,0,15,0,0,19,3,0,0,1,0,2,0,0,42,2,0,6,9,38,60,264
17031351400,3,12,2,38,6,0,4,15,0,0,29,3,0,2,10,0,0,0,4,70,1,1,5,8,26,57,296
17031351500,1,3,2,19,3,0,2,4,0,0,4,1,0,0,1,1,1,0,1,7,0,0,1,0,1,14,66
17031360200,2,4,1,31,6,0,0,10,0,0,27,2,0,0,1,0,3,0,1,20,1,0,6,6,12,27,160
17031380100,1,11,5,45,8,1,2,10,0,0,15,3,0,0,2,0,0,0,1,19,1,0,5,8,18,35,190
17031380200,0,3,3,28,4,0,3,14,0,0,16,1,0,1,1,0,1,0,0,9,0,0,3,5,6,22,120
17031380500,2,4,1,14,3,0,0,4,0,0,4,0,0,0,0,0,1,0,0,6,0,0,3,5,8,15,70
17031380700,3,4,3,36,15,0,0,10,0,0,19,1,0,3,2,0,2,0,0,18,1,0,1,8,7,51,184
17031381200,3,14,10,32,9,0,0,9,0,0,31,6,1,2,15,0,2,1,2,28,3,0,10,11,7,45,241
17031381400,2,19,10,56,11,1,0,25,0,0,34,9,4,2,39,0,2,0,1,20,0,0,9,17,16,59,336
17031381500,0,7,1,12,3,0,0,11,0,0,6,0,1,0,6,0,4,0,2,12,0,0,3,4,11,16,99
17031381700,0,1,0,7,1,0,0,2,0,0,2,1,0,0,0,0,0,0,0,3,0,0,2,0,8,9,36
17031381800,0,9,5,25,8,0,1,13,0,0,23,2,11,4,4,0,0,0,5,20,1,0,14,20,27,119,311
17031381900,2,2,7,22,5,0,0,7,0,0,21,1,0,0,1,0,0,0,1,16,0,0,5,4,10,21,125
17031390100,0,3,2,42,9,1,1,14,0,0,7,0,0,0,1,0,0,0,0,18,0,0,2,6,12,18,136
17031390200,0,7,4,27,8,0,3,9,0,0,17,2,0,1,0,0,2,0,0,8,0,0,3,2,6,25,124
17031390300,4,5,19,48,12,0,1,15,0,0,50,1,0,5,3,0,2,0,3,48,0,0,12,17,19,66,330
17031390400,1,14,16,102,11,2,3,20,0,0,83,3,0,1,6,0,0,0,2,26,1,0,8,10,25,54,388
17031390500,0,5,1,19,12,0,0,5,0,0,4,0,0,0,1,0,1,0,1,8,0,0,2,0,5,6,70
17031390600,0,13,4,36,7,0,0,7,0,1,7,0,0,1,0,0,0,0,0,10,0,0,3,2,5,10,106
17031390700,3,13,8,113,12,0,3,38,0,0,23,3,0,2,0,0,2,0,1,29,0,0,5,6,18,52,331
17031400300,1,17,16,126,29,1,3,11,0,0,159,3,1,0,3,0,6,0,3,29,1,0,10,15,31,75,540
17031400400,2,14,9,68,10,1,1,15,0,0,74,10,0,0,4,0,2,0,4,38,1,0,18,18,33,73,395
17031400500,4,20,34,68,15,1,1,17,0,0,82,12,0,2,10,2,4,0,5,47,4,0,17,20,25,105,495
17031400800,3,21,25,76,16,0,7,12,0,0,71,19,0,1,18,2,4,0,8,65,1,0,17,28,29,97,520
17031410100,0,6,1,84,8,0,1,10,0,0,13,0,0,1,0,0,1,1,0,12,0,0,1,0,13,26,178
17031410200,0,7,4,9,0,0,0,3,0,0,9,0,0,0,0,0,0,0,1,0,0,0,0,2,2,2,39
17031410500,2,11,17,56,6,0,1,12,0,0,62,1,0,1,0,0,1,0,2,17,0,0,3,4,3,20,219
17031410600,0,9,7,30,2,0,0,4,0,0,12,0,0,1,0,0,3,0,0,5,0,0,1,0,3,8,85
17031410700,0,16,9,53,7,0,0,29,0,0,31,0,0,0,2,0,1,0,0,10,0,0,3,2,8,14,185
17031410800,3,21,9,97,2,0,4,39,0,0,32,1,0,1,1,0,0,1,0,22,0,0,6,6,14,26,285
17031410900,1,8,16,64,5,0,6,23,0,0,15,0,0,1,0,0,2,0,1,18,3,0,4,3,9,25,204
17031411000,1,8,9,79,12,0,3,19,1,0,47,2,0,3,1,0,2,0,1,16,0,0,7,6,7,22,246
17031411100,0,8,14,72,9,0,2,13,0,0,7,0,0,0,0,0,1,0,1,11,0,0,1,0,3,5,147
17031411200,1,4,5,11,4,0,1,3,0,0,8,0,0,0,0,0,0,0,0,3,1,0,0,1,0,6,48
17031420100,0,2,4,20,9,1,0,5,0,0,15,0,0,2,2,0,2,0,0,18,1,0,5,5,13,31,135
17031420200,1,2,8,33,5,0,2,9,0,0,9,3,0,1,5,0,3,0,0,8,0,0,4,6,11,23,133
17031420300,2,2,5,10,3,0,1,5,0,0,13,1,0,2,0,0,3,1,1,13,0,0,5,5,6,25,103
17031420400,2,8,2,40,2,0,4,10,0,0,11,0,0,0,5,0,0,1,1,26,0,0,2,3,17,18,152
17031420500,1,8,12,46,8,1,0,9,0,0,45,7,0,1,11,0,2,0,1,29,0,0,3,4,23,45,256
17031420600,6,18,35,54,8,0,0,9,0,0,66,19,0,0,34,1,0,0,4,63,0,0,9,26,24,89,465
17031420700,13,40,39,129,20,2,2,42,0,0,129,26,0,7,57,4,17,1,10,102,6,0,34,61,60,231,1032
17031420800,4,14,20,68,12,0,2,14,0,0,63,9,0,2,14,1,8,2,2,52,1,0,12,24,29,95,448
17031421200,1,14,15,29,8,0,2,14,0,0,21,11,0,1,16,0,0,1,7,36,0,0,6,18,18,44,262
17031430101,5,20,29,120,20,1,1,41,0,0,68,10,0,5,45,0,2,0,6,46,2,0,24,33,53,118,649
17031430102,1,8,19,71,5,0,2,9,1,0,69,3,0,1,2,1,3,0,1,43,1,0,5,13,28,65,351
17031430200,5,34,43,125,28,0,3,61,0,0,103,26,0,1,28,3,4,1,8,94,1,0,24,42,58,148,840
17031430300,4,18,39,56,12,2,0,20,0,0,52,11,0,3,5,2,4,0,5,40,1,0,9,25,23,75,406
17031430400,4,21,40,99,20,0,2,14,0,0,70,10,0,3,12,0,5,0,4,54,1,0,21,15,41,86,522
17031430500,4,19,40,148,14,0,1,36,0,0,102,9,0,2,15,0,1,0,8,68,2,0,14,27,40,114,664
17031430600,1,15,15,62,15,0,0,13,0,0,33,3,0,0,4,0,1,0,2,23,0,0,6,11,11,60,275
17031430700,0,5,14,33,10,0,0,10,0,0,30,1,0,3,0,0,1,0,2,17,0,0,7,9,21,46,209
17031430800,2,8,12,38,11,0,2,5,0,0,23,4,0,0,10,0,3,0,1,21,0,0,3,11,21,36,211
17031430900,1,11,16,54,12,0,2,19,0,0,25,5,0,0,3,0,1,0,4,26,1,0,6,8,18,41,253
17031431200,3,11,24,95,19,0,1,30,0,0,53,18,0,4,9,0,7,0,7,52,1,0,6,17,26,62,445
17031431301,7,27,58,93,16,2,1,24,0,0,78,20,3,1,63,2,7,0,9,86,3,0,18,46,47,156,767
17031431302,4,31,53,114,38,1,5,19,0,0,89,18,0,7,56,0,8,1,15,84,5,0,32,45,59,225,909
17031431400,4,20,48,82,20,1,3,33,0,0,93,20,0,9,24,0,6,0,11,106,3,0,19,38,52,180,772
17031440101,8,39,50,133,18,0,2,22,0,0,124,44,0,1,47,2,5,0,11,99,4,0,36,62,75,237,1019
17031440102,5,28,39,213,25,2,3,26,0,0,72,12,0,1,31,0,5,0,3,73,0,0,27,21,56,156,798
17031440201,5,31,27,148,13,0,3,39,0,0,89,20,0,2,23,1,4,0,3,63,1,0,25,30,46,166,739
17031440202,3,16,21,117,22,2,5,29,0,0,48,13,0,0,23,0,8,0,3,52,0,0,9,13,22,89,495
17031440300,3,31,36,135,20,0,4,27,0,0,78,12,0,0,16,0,4,0,5,62,1,0,17,11,40,106,608
17031440600,1,10,6,67,23,1,2,20,0,0,27,8,0,0,4,0,1,0,1,26,3,0,3,9,18,30,260
17031440700,4,1,8,34,3,0,1,15,0,0,25,2,0,1,6,0,1,0,3,27,0,0,7,6,11,25,180
17031440800,3,12,8,38,5,0,5,13,0,0,33,10,0,3,8,1,3,0,2,28,1,0,6,8,22,61,270
17031440900,3,10,15,65,12,2,0,11,0,0,48,18,0,1,25,1,1,0,3,31,3,0,12,12,22,61,356
17031450300,3,14,17,57,20,1,1,25,0,0,51,20,0,2,9,0,1,0,4,41,3,0,12,13,28,71,393
17031460100,4,17,34,53,25,0,3,11,0,1,49,13,0,0,34,0,7,1,12,84,2,0,14,20,31,113,528
17031460200,2,7,15,35,9,1,0,11,0,0,35,7,0,0,9,0,10,0,3,32,1,0,9,14,18,70,288
17031460301,6,4,28,37,14,0,0,11,0,0,53,10,0,9,10,1,4,0,0,39,0,0,12,15,17,72,342
17031460302,4,25,40,73,15,2,3,23,0,0,59,23,1,0,29,1,9,0,9,52,2,0,19,32,25,116,562
17031460400,2,10,52,78,23,2,2,21,0,0,60,24,0,3,63,1,4,1,12,56,0,0,14,18,39,99,584
17031460500,5,28,44,118,49,1,3,29,0,0,80,11,1,0,17,0,5,0,8,67,1,0,19,25,39,109,659
17031460600,2,5,7,24,7,0,0,3,0,0,21,6,0,1,8,0,2,0,5,13,1,0,7,13,29,48,202
17031460700,2,9,15,44,13,0,2,8,0,0,46,9,0,2,11,0,8,0,5,45,1,0,11,18,39,105,393
17031461000,3,22,4,71,6,0,2,16,0,0,18,7,0,2,8,0,3,2,1,32,0,0,3,9,16,33,258
17031470100,2,24,20,64,14,0,0,14,0,0,52,23,0,0,30,3,3,0,5,33,1,0,13,17,30,58,406
17031480100,0,7,8,43,8,0,1,15,0,0,21,7,0,2,10,0,1,1,6,19,0,0,5,2,33,57,246
17031480200,1,4,7,33,8,0,2,10,0,0,15,4,0,0,3,0,1,0,2,16,0,0,2,7,23,33,171
17031480300,3,11,7,23,13,0,0,28,0,0,13,10,0,0,8,0,0,0,2,18,0,0,6,8,8,35,193
17031480400,5,19,23,83,40,1,1,26,0,0,57,16,1,1,7,0,3,0,6,53,1,0,11,17,39,83,493
17031480500,2,6,19,69,17,0,0,15,0,0,36,16,0,1,10,0,6,0,3,53,0,0,13,13,29,59,367
17031490300,2,16,18,42,16,1,1,16,0,0,48,9,0,1,4,0,1,0,1,20,1,0,6,1,22,44,270
17031490400,0,4,3,15,4,0,1,8,0,0,12,3,0,1,4,0,1,0,0,13,0,0,3,1,6,15,94
17031490500,2,15,14,55,10,0,2,8,0,0,31,5,0,1,9,0,0,0,8,35,0,0,5,7,18,53,278
17031490600,2,16,13,68,18,2,2,15,0,0,32,6,0,1,23,1,3,0,8,25,2,0,10,9,13,48,317
17031490700,5,9,20,68,15,2,2,24,0,0,44,39,0,2,25,0,1,0,10,98,3,0,12,19,28,59,485
17031490800,0,26,34,72,11,0,4,28,0,0,148,16,4,2,24,1,3,2,13,83,4,0,15,33,38,108,669
17031490901,4,13,23,72,14,0,2,16,0,0,62,10,26,2,20,0,11,0,8,80,2,0,14,22,47,131,579
17031490902,7,22,37,96,18,0,1,29,0,0,85,20,29,1,26,1,10,0,15,80,2,0,14,19,32,125,669
17031491000,4,28,29,129,32,1,2,27,0,0,97,46,4,3,51,0,11,0,15,129,4,0,31,48,69,210,970
17031491100,0,11,28,74,23,0,4,14,0,0,62,9,0,2,5,0,3,0,5,40,0,0,22,12,22,57,393
17031491200,2,12,13,59,9,0,0,7,0,0,46,4,0,5,6,0,3,0,7,29,2,0,10,9,31,63,317
17031491300,2,16,17,42,18,1,2,11,0,1,47,20,1,2,32,0,1,0,11,70,1,0,16,19,29,89,448
17031491400,5,27,32,127,22,1,5,22,0,1,84,26,5,6,51,1,3,0,14,117,1,0,27,27,58,116,778
17031500100,2,11,25,73,20,1,2,17,0,0,41,7,0,1,5,0,6,0,1,51,2,0,5,11,15,66,362
17031500200,2,6,6,189,11,1,4,23,0,0,25,15,0,2,8,0,6,0,8,44,0,0,9,12,36,81,488
17031500300,2,3,3,34,6,0,0,7,0,9,25,4,0,1,12,0,10,0,2,63,0,0,5,8,32,43,269
17031510100,0,7,12,22,11,1,0,5,0,0,24,3,0,5,6,0,4,0,6,32,0,0,4,5,13,37,197
17031510200,3,6,9,41,10,0,1,10,0,0,25,7,0,0,5,0,4,0,4,22,1,0,9,5,9,36,207
17031510300,7,33,21,170,37,1,4,44,1,0,75,26,0,1,30,0,7,0,7,89,1,1,14,30,67,136,802
17031520100,1,3,6,21,14,1,0,2,0,0,16,6,0,1,8,0,1,0,5,23,0,0,1,6,12,30,157
17031520200,1,6,12,24,16,0,0,4,0,0,36,10,0,1,12,0,3,0,2,29,1,0,9,6,13,49,234
17031520300,3,11,9,36,10,0,3,10,0,0,37,13,0,3,11,0,3,0,1,23,1,0,8,7,22,60,271
17031520400,1,6,11,30,14,0,1,3,0,0,34,4,0,2,2,0,2,0,2,27,0,0,7,6,10,42,204
17031520500,1,2,5,19,8,0,0,5,0,0,27,1,0,2,4,0,2,0,0,15,0,0,5,3,7,27,133
17031520600,1,2,3,11,1,0,0,6,0,0,6,0,0,2,2,0,0,0,0,11,0,0,5,3,5,33,91
17031530100,1,11,7,42,8,0,0,7,0,0,46,16,2,1,18,1,5,0,9,59,2,0,6,19,21,56,337
17031530200,3,21,53,90,29,2,3,26,0,1,101,33,5,3,19,0,10,2,15,86,2,0,21,35,41,155,756
17031530300,4,19,23,117,23,1,5,32,0,0,64,21,0,2,12,0,8,0,2,68,4,0,18,15,33,79,550
17031530400,3,8,13,52,5,0,2,14,0,0,28,7,0,1,6,0,2,0,3,27,1,0,13,14,22,39,260
17031530501,9,24,63,75,21,0,3,21,0,0,101,36,5,1,33,0,7,0,11,74,5,0,21,26,54,112,702
17031530502,0,5,9,44,6,0,0,6,0,0,38,16,0,0,5,0,6,0,2,29,1,0,4,9,15,25,220
17031530503,2,13,32,76,15,0,2,34,0,0,96,35,0,0,27,0,9,0,5,89,5,0,21,27,37,126,651
17031530600,1,11,17,59,7,2,0,21,0,0,53,25,2,1,33,0,8,2,10,77,5,0,13,17,37,83,484
17031540101,5,35,21,93,29,1,1,24,0,0,93,30,0,4,15,0,7,0,10,106,6,0,19,36,74,171,780
17031540102,3,17,11,76,19,0,3,17,0,0,63,30,0,4,18,0,3,2,9,82,8,0,11,24,42,119,561
17031550100,3,11,50,79,8,6,0,23,0,0,59,17,0,3,10,0,7,1,3,48,1,0,12,15,35,90,481
17031550200,2,0,14,30,4,0,0,12,0,0,18,3,0,0,2,0,1,0,1,14,0,0,1,6,6,25,139
17031560100,0,2,10,14,5,2,0,10,0,1,12,3,8,1,6,0,0,0,1,8,0,0,1,2,8,18,112
17031560200,0,5,12,22,4,0,0,6,0,0,39,3,5,0,14,0,0,0,0,11,1,0,2,5,4,24,157
17031560300,2,4,20,45,11,0,0,16,0,0,27,3,45,0,8,0,0,0,0,12,0,0,2,2,2,12,211
17031560400,1,2,14,31,10,1,0,17,0,1,23,0,41,0,10,0,1,0,0,10,1,0,1,2,9,16,191
17031560700,0,6,13,40,11,0,2,11,0,0,22,6,0,0,2,0,3,0,0,22,0,0,5,2,5,22,172
17031560800,0,5,2,86,9,0,3,14,0,0,36,0,1,1,2,0,3,0,0,32,0,0,1,4,12,23,234
17031560900,3,2,4,30,8,0,1,20,0,0,16,1,0,2,3,0,2,0,1,17,0,0,3,2,6,12,133
17031561000,1,2,6,38,6,0,2,16,0,0,17,0,0,1,1,0,2,0,2,11,0,0,3,0,13,20,141
17031561100,0,1,6,30,6,1,0,14,0,0,10,0,0,2,5,0,3,0,2,33,0,0,3,1,6,30,153
17031570100,0,7,5,55,6,1,0,4,0,0,13,0,0,0,2,0,1,0,0,10,0,0,5,0,4,15,128
17031570200,0,4,11,46,8,0,1,16,0,0,20,4,1,0,2,0,1,0,0,11,0,0,3,6,8,13,155
17031570300,1,10,27,48,10,2,0,13,0,0,61,3,4,2,12,0,4,0,1,13,1,0,8,8,14,46,288
17031570400,0,2,8,24,9,0,2,3,0,0,17,0,0,5,3,0,0,0,3,11,0,0,0,1,7,23,118
17031570500,2,5,15,23,8,0,0,8,0,0,21,3,0,1,4,0,0,0,0,6,0,0,2,3,2,27,130
17031580100,1,6,7,43,12,1,0,7,0,0,34,4,0,1,10,0,1,0,1,11,0,1,4,5,5,27,181
17031580200,2,5,11,24,10,1,2,5,0,0,26,4,1,3,3,0,0,0,1,14,1,0,8,9,12,32,174
17031580300,0,0,3,11,1,0,0,7,0,0,10,3,0,0,2,0,2,0,0,14,0,0,5,2,7,16,83
17031580400,2,15,12,55,12,0,1,13,0,0,41,6,0,1,6,0,2,1,2,24,0,0,5,7,20,51,276
17031580501,2,13,14,33,13,1,2,7,0,0,24,4,0,1,6,0,3,0,1,16,2,0,4,16,16,47,225
17031580502,3,13,9,27,13,0,1,12,0,0,25,6,0,1,3,0,4,0,3,15,0,0,3,3,6,32,179
17031580600,3,1,14,43,8,0,0,11,0,0,34,7,0,0,9,0,4,0,0,21,0,0,3,8,13,63,242
17031580700,4,11,11,19,11,2,1,10,0,0,39,5,0,2,9,0,3,0,4,27,0,0,6,5,10,41,220
17031580800,0,1,3,34,6,0,1,3,0,1,9,1,0,0,9,0,2,0,1,9,0,0,3,4,11,18,116
17031590500,0,7,6,54,7,0,0,5,0,0,22,2,0,1,2,0,0,1,0,12,0,0,0,5,10,28,162
17031590600,0,3,10,24,6,0,0,7,0,0,21,1,0,1,2,0,2,0,1,12,0,0,2,6,10,25,133
17031590700,0,0,17,30,11,1,0,3,0,3,21,4,0,1,3,0,3,0,0,8,1,0,5,0,9,25,145
17031600400,1,4,5,27,3,2,1,9,0,0,18,4,0,0,1,0,0,0,0,10,0,0,6,4,6,14,115
17031600600,1,5,10,20,7,0,0,7,0,0,26,1,0,0,2,0,0,0,4,16,0,0,5,3,3,16,126
17031600700,0,6,14,16,4,0,0,8,0,0,28,2,1,0,1,0,0,0,0,11,0,0,6,6,6,20,129
17031600900,0,0,18,32,1,0,1,9,0,19,31,6,0,1,9,0,3,0,2,21,0,0,5,6,17,40,221
17031610300,4,11,15,107,21,4,4,20,0,0,44,14,0,5,15,0,4,1,3,59,1,0,21,26,34,97,510
17031610400,4,6,10,56,6,0,4,6,0,0,17,1,0,0,7,0,3,0,9,22,1,0,7,6,9,32,206
17031610800,1,0,1,15,0,0,0,7,0,0,5,0,0,0,2,0,0,0,1,7,0,0,3,2,7,12,63
17031611000,0,10,7,28,6,1,1,9,0,0,13,8,0,0,3,0,0,0,0,10,1,0,9,9,5,37,157
17031611100,1,8,8,41,3,2,1,1,0,0,27,4,0,2,15,0,1,0,0,17,1,0,4,6,5,33,180
17031611200,5,8,5,25,3,1,0,5,0,0,23,7,0,2,22,1,0,0,3,18,0,0,13,8,17,50,216
17031611300,5,26,19,39,8,1,1,14,0,0,28,6,0,1,19,0,7,1,8,23,1,0,18,21,26,74,346
17031611400,5,5,10,23,2,1,1,7,0,0,18,6,0,6,8,0,1,0,0,20,3,0,11,4,7,43,181
17031611500,2,6,12,26,10,2,0,5,0,0,26,8,0,4,19,0,2,0,2,12,0,0,12,3,4,32,187
17031611600,1,6,9,31,4,2,1,5,0,0,20,7,0,2,6,0,2,0,0,13,0,0,3,4,9,30,155
17031611700,3,6,17,35,10,1,0,6,0,0,28,14,0,0,16,0,3,0,2,33,5,0,20,9,14,38,260
17031611800,0,11,8,37,12,4,1,8,0,0,25,5,0,1,7,0,2,0,2,23,3,0,13,7,20,54,243
17031611900,0,18,11,47,4,0,1,9,1,0,42,15,0,0,17,0,3,0,8,34,1,0,7,9,12,61,300
17031612000,2,6,6,20,6,0,0,4,0,0,18,13,0,1,7,0,3,0,2,20,4,0,8,7,10,25,162
17031612100,0,7,3,17,6,1,0,9,0,0,28,6,0,0,9,0,1,0,1,16,1,0,4,21,8,24,162
17031620100,2,9,23,133,18,0,1,19,0,0,27,3,0,0,6,0,1,2,0,28,0,0,7,3,16,37,335
17031620200,1,7,18,26,6,0,0,9,0,0,18,4,0,0,4,0,0,0,0,20,1,0,4,6,5,21,150
17031620300,1,4,41,51,7,0,5,18,0,0,32,5,0,4,6,0,4,0,2,31,0,0,6,3,10,36,266
17031620400,1,4,21,23,9,0,0,11,0,0,33,7,0,1,9,0,5,0,2,21,1,0,4,6,5,22,185
17031630100,1,5,4,48,7,0,1,4,0,0,19,7,0,1,12,0,1,0,1,4,0,0,3,3,8,17,146
17031630200,1,6,9,23,4,0,0,7,0,0,23,4,0,1,7,0,1,0,1,14,0,0,2,4,2,24,133
17031630300,1,9,29,109,20,1,3,13,0,0,43,17,1,4,11,0,2,0,5,35,0,0,7,10,18,53,391
17031630400,2,8,31,41,11,1,0,10,0,0,40,7,0,0,12,0,0,0,2,28,0,0,4,4,7,49,257
17031630500,3,14,15,43,17,1,2,13,0,0,40,10,0,1,16,0,4,0,3,35,1,0,12,7,18,47,302
17031630800,3,17,6,44,18,0,2,16,0,0,39,9,0,2,9,0,2,0,2,28,1,0,8,7,25,56,294
17031630900,1,10,11,26,12,1,0,13,0,0,25,5,0,3,10,0,5,1,1,15,0,0,8,9,15,40,211
17031640100,0,5,2,68,5,0,1,5,0,0,19,1,0,1,0,0,1,0,1,11,0,0,0,3,5,11,139
17031640300,0,2,14,42,10,1,1,18,0,0,32,1,0,2,5,0,3,0,1,39,0,0,5,4,12,54,246
17031640400,0,3,7,27,8,0,1,11,0,0,18,0,0,1,3,0,1,0,0,12,0,0,2,3,3,25,125
17031640500,0,0,3,16,5,0,1,11,0,0,17,0,0,0,0,0,0,0,0,10,0,0,2,0,7,10,82
17031640600,1,2,9,29,7,1,1,12,0,0,17,0,0,3,1,0,2,0,1,18,1,0,2,3,9,21,140
17031640700,1,2,10,39,6,0,0,14,0,0,28,0,1,2,5,0,0,0,0,15,0,0,2,2,6,16,149
17031640800,0,3,8,20,4,0,0,12,0,0,12,0,0,1,3,0,0,0,1,6,0,0,2,0,2,11,85
17031650100,2,6,20,25,11,1,0,13,0,0,25,1,0,0,11,0,2,0,1,10,0,0,8,3,12,32,183
17031650200,1,11,38,60,16,1,1,20,0,0,43,4,0,3,9,0,5,0,0,24,0,0,3,6,14,52,311
17031650301,2,9,38,81,8,0,1,14,0,0,30,3,0,2,4,0,3,1,1,29,0,0,5,6,16,37,290
17031650302,2,5,13,41,13,0,0,4,0,0,21,6,0,1,6,0,5,0,2,27,0,0,4,4,9,30,193
17031650400,2,4,23,61,21,0,1,7,0,0,38,4,0,0,3,0,2,0,1,30,0,0,5,6,19,34,261
17031650500,1,13,19,210,16,0,3,28,0,0,39,3,0,1,3,0,3,0,0,38,0,0,5,3,19,58,462
17031660301,0,16,9,28,6,0,1,10,0,1,21,1,0,2,6,0,2,0,0,23,0,0,4,8,11,31,180
17031660302,3,20,17,60,20,1,3,14,0,0,41,9,0,3,12,0,2,1,3,31,1,0,12,13,23,68,357
17031660400,0,9,17,55,13,0,0,15,0,0,42,6,0,1,5,0,1,2,1,23,0,0,2,4,31,55,282
17031660500,0,7,20,85,13,1,3,13,0,0,41,6,0,1,17,0,7,1,0,31,0,0,8,12,19,46,331
17031660600,4,46,43,120,25,0,4,39,0,0,94,18,0,1,50,2,6,0,7,72,4,0,30,30,54,176,825
17031660700,0,16,10,64,21,0,0,10,0,0,27,9,0,0,27,0,2,0,2,33,4,0,7,18,34,72,356
17031660800,6,20,38,129,33,1,2,24,0,0,97,6,0,7,16,0,5,0,5,53,1,0,28,14,42,116,643
17031660900,7,45,46,135,29,1,3,31,0,1,86,9,3,4,31,0,5,0,11,69,1,0,25,36,62,172,812
17031661000,6,19,37,127,37,2,2,34,0,0,74,16,0,3,21,1,4,0,5,70,5,0,21,20,54,122,680
17031661100,2,13,44,66,31,0,0,20,0,0,46,6,0,3,7,0,7,1,1,27,0,0,7,6,16,58,361
17031670100,1,9,14,36,11,1,0,8,0,0,48,16,2,1,38,0,1,0,4,64,1,0,11,13,10,62,351
17031670200,0,11,12,32,3,0,0,8,0,0,25,23,1,1,38,0,5,0,5,21,2,0,6,16,17,55,281
17031670300,0,17,12,53,4,2,0,6,0,0,23,17,0,1,22,0,2,0,2,35,1,0,9,16,21,57,300
17031670400,2,9,15,42,6,1,0,13,0,0,37,11,0,5,13,0,3,0,3,22,2,1,7,11,17,43,263
17031670500,2,11,4,45,9,0,1,5,0,0,36,5,0,1,19,3,2,1,3,44,0,0,11,12,20,59,293
17031670600,2,12,11,25,4,2,2,4,0,0,25,10,0,0,11,0,3,1,0,13,0,0,5,6,16,59,211
17031670700,3,16,12,88,9,1,1,11,0,0,30,14,6,0,28,0,2,1,3,56,2,0,13,20,25,82,423
17031670800,3,17,14,48,8,4,3,17,0,0,46,11,6,1,46,0,3,0,11,48,1,0,16,17,20,71,411
17031670900,0,9,11,48,8,3,0,6,0,0,24,14,0,3,11,0,3,0,1,30,1,0,18,15,14,53,272
17031671100,1,6,9,36,9,0,1,3,0,0,22,14,0,1,11,1,6,0,3,24,0,0,11,12,29,73,272
17031671200,1,21,4,64,7,1,1,13,0,0,28,4,0,0,17,0,6,0,5,28,2,0,15,16,34,68,335
17031671300,4,8,23,54,11,0,1,14,0,0,47,31,0,1,28,1,8,0,3,42,2,0,23,19,26,106,452
17031671400,0,9,11,48,16,1,1,8,0,0,34,17,0,1,15,0,5,1,6,38,2,0,11,14,26,48,312
17031671500,5,32,29,113,33,1,4,38,0,0,81,41,0,2,50,2,3,0,11,74,3,0,28,31,52,112,745
17031671600,1,28,17,72,19,2,1,11,0,1,54,29,0,3,42,1,3,0,10,67,2,0,17,24,33,109,546
17031671800,1,5,7,23,10,0,0,12,0,0,24,8,0,0,9,0,1,0,0,24,1,0,12,10,8,33,188
17031671900,3,8,16,27,5,1,1,6,0,0,24,8,0,0,8,0,3,0,2,13,0,0,7,9,14,46,201
17031672000,2,19,27,136,29,0,1,22,0,0,73,36,0,2,21,0,4,0,13,90,0,0,17,26,42,122,682
17031680500,4,5,16,27,9,0,1,5,0,1,42,19,1,1,74,0,1,0,9,35,0,0,14,20,17,67,368
17031680600,1,14,14,37,9,0,2,6,0,1,51,24,1,0,23,1,3,1,4,36,4,0,10,23,19,82,366
17031680900,10,39,14,175,28,2,3,32,0,1,84,31,0,5,53,0,10,0,10,86,3,0,27,29,83,181,906
17031681000,3,20,20,104,27,1,4,25,0,0,65,32,0,2,48,1,4,1,10,97,1,0,21,24,55,156,721
17031681100,4,24,29,113,22,2,3,19,0,0,72,38,0,3,37,1,10,1,10,66,5,0,18,35,42,154,708
17031681200,1,20,27,74,18,3,1,14,0,0,64,22,0,2,24,0,11,0,11,60,3,1,18,30,28,114,546
17031681300,3,22,15,58,17,3,0,16,1,0,56,28,7,6,37,0,4,1,12,51,4,0,10,27,33,110,521
17031681400,3,17,21,67,23,2,3,18,0,0,81,25,13,0,22,0,5,0,8,72,1,0,20,27,33,124,585
17031690300,5,30,6,80,13,2,1,14,0,0,49,19,0,1,22,0,7,0,5,49,2,0,8,21,36,94,464
17031690400,9,24,55,109,26,3,3,20,0,0,96,17,0,0,11,0,5,0,7,53,2,0,32,26,43,119,660
17031690500,0,2,10,14,6,0,1,4,0,0,14,6,0,1,9,0,2,0,3,13,0,0,5,9,7,38,144
17031690900,3,20,37,75,24,1,2,27,0,0,98,14,0,2,20,0,19,0,7,75,0,0,23,31,48,120,646
17031691000,0,26,26,59,17,0,3,21,0,0,44,12,0,1,26,1,4,1,7,39,1,1,7,27,29,66,418
17031691100,5,28,26,92,22,0,3,18,0,0,86,41,0,1,38,0,8,1,9,86,1,0,27,34,37,125,688
17031691200,3,29,31,178,28,0,7,43,0,0,84,58,0,0,74,1,4,0,21,89,0,0,23,30,56,144,903
17031691300,1,20,15,92,23,2,0,25,0,0,44,17,0,0,31,0,3,0,6,36,0,0,17,11,20,71,434
17031691400,4,18,27,94,27,1,1,13,0,0,66,18,0,2,26,0,8,1,13,61,3,0,17,33,29,113,575
17031691500,7,16,12,75,11,0,2,21,0,0,54,23,0,1,41,1,9,0,12,66,3,0,20,25,42,122,563
17031700100,2,19,10,44,21,0,3,22,0,0,52,7,0,1,11,3,3,0,3,34,1,0,14,7,38,101,396
17031700200,3,10,17,54,18,2,2,12,0,0,30,6,0,2,3,0,8,0,1,38,1,0,7,3,18,42,277
17031700301,0,11,7,55,16,0,2,16,0,0,24,5,0,2,8,0,4,0,1,31,0,0,10,4,10,38,244
17031700302,2,6,16,52,7,2,1,7,0,0,28,1,0,4,5,0,1,0,0,22,0,0,6,1,10,30,201
17031700401,5,14,27,76,18,0,2,33,0,0,52,7,0,3,6,0,7,0,5,40,0,0,8,9,24,70,406
17031700402,0,9,9,41,6,0,2,14,0,0,32,0,0,1,1,0,1,0,2,23,0,0,5,7,8,24,185
17031700501,1,22,30,105,12,0,2,36,0,0,87,6,0,5,4,0,3,0,0,48,1,0,11,11,26,77,487
17031700502,0,6,8,47,8,0,0,18,0,0,17,0,0,1,0,0,0,0,0,22,0,0,4,3,5,25,164
17031710100,2,13,7,67,8,0,1,12,0,0,23,14,0,0,16,0,2,0,5,30,0,0,9,9,28,72,318
17031710200,5,42,31,110,25,0,3,33,0,0,104,53,5,1,35,0,7,1,19,104,4,0,35,45,74,174,910
17031710300,3,11,23,84,5,0,0,11,0,0,31,5,0,1,14,0,5,0,2,33,2,0,13,11,26,60,340
17031710400,3,32,35,113,22,2,4,33,0,0,101,31,0,2,43,0,3,0,9,79,1,0,13,36,44,158,764
17031710500,8,34,29,119,20,1,5,25,0,0,72,17,0,3,38,1,6,0,15,72,1,0,15,30,47,157,715
17031710600,1,14,17,63,10,0,0,10,0,0,30,15,0,0,17,0,5,0,5,38,3,0,10,14,14,63,329
17031710700,3,17,27,79,8,0,4,30,0,0,46,24,0,0,36,0,7,1,7,54,2,0,15,14,38,76,488
17031710800,5,35,35,154,29,2,2,21,0,0,112,42,0,5,54,0,6,1,14,97,1,0,21,32,63,156,887
17031710900,3,21,19,207,15,0,4,30,0,0,48,30,0,3,32,0,5,1,5,40,0,0,13,31,21,73,601
17031711000,4,22,14,59,21,2,6,25,0,0,75,35,0,0,34,0,1,0,3,51,2,0,28,23,38,98,541
17031711100,3,17,13,73,15,0,3,23,0,0,42,21,0,1,21,0,6,1,2,43,0,0,11,15,29,53,392
17031711200,4,14,26,81,14,0,2,35,0,0,54,18,0,2,20,0,4,0,2,50,5,0,12,14,32,76,465
17031711300,1,3,6,31,5,1,0,9,0,0,23,4,0,0,1,0,0,2,2,12,1,0,2,4,13,22,142
17031711400,6,20,16,57,14,0,0,25,0,0,37,10,0,3,29,0,5,1,1,25,0,0,11,12,25,62,359
17031711500,1,7,22,39,15,0,0,19,0,0,32,7,0,1,10,0,4,0,1,26,1,0,13,13,12,66,289
17031720100,0,3,12,65,10,0,0,27,0,0,29,0,0,2,1,0,2,0,0,40,0,0,1,1,10,16,219
17031720200,1,1,7,40,8,1,3,21,0,0,33,1,0,1,4,0,2,0,0,32,1,0,3,4,9,21,193
17031720300,0,1,9,39,6,0,3,11,0,0,16,0,0,0,1,0,0,0,0,25,0,0,2,0,8,17,138
17031720400,0,3,5,26,3,0,1,2,0,0,12,0,0,0,1,0,1,0,0,7,0,0,1,1,4,5,72
17031720500,1,1,5,30,3,0,0,8,0,0,6,0,0,0,1,0,0,1,1,10,0,0,1,0,2,9,79
17031720600,0,0,2,21,5,0,0,4,0,0,11,0,0,0,1,0,1,1,0,3,0,0,1,0,2,9,61
17031720700,3,1,19,36,4,0,1,15,0,0,18,0,0,0,2,0,5,0,2,17,2,0,4,4,11,23,167
17031730100,1,7,15,56,16,0,3,12,0,0,34,6,0,1,4,0,3,0,1,30,0,0,9,5,23,42,268
17031730201,6,21,34,183,25,1,6,44,0,0,97,17,0,4,21,1,8,1,3,80,1,0,18,26,36,129,762
17031730202,1,11,16,52,14,0,3,17,0,0,30,10,0,2,7,0,3,0,2,35,1,0,5,9,13,37,268
17031730300,2,4,10,23,10,0,1,7,0,0,16,3,0,1,7,0,1,0,1,29,0,0,2,5,14,32,168
17031730400,6,20,22,91,21,0,7,28,1,0,53,3,0,4,13,0,8,1,3,65,2,0,11,8,19,91,477
17031730500,1,16,31,107,41,0,2,33,0,0,67,12,0,3,11,0,3,0,5,70,1,0,16,15,32,71,537
17031730600,0,7,21,53,20,0,1,26,0,0,37,4,0,0,4,0,1,0,2,52,0,0,8,11,14,53,314
17031730700,1,10,21,54,9,1,3,13,0,1,36,3,0,3,7,0,3,0,9,48,1,0,5,16,31,70,345
17031740100,0,1,6,30,3,0,7,16,0,0,16,1,0,0,0,0,2,2,1,22,0,0,1,2,8,22,140
17031740200,2,2,1,42,1,0,1,14,0,0,15,0,0,0,2,0,4,1,0,21,0,0,1,0,2,10,119
17031740300,0,1,9,23,7,0,0,10,0,0,14,0,0,1,1,0,2,0,0,18,1,0,1,2,12,14,116
17031740400,0,3,6,40,2,0,0,13,0,0,20,0,0,1,2,0,1,0,0,19,0,0,1,0,10,20,138
17031750100,7,5,31,72,23,1,3,32,0,0,61,10,0,1,7,0,6,0,4,55,3,0,13,8,16,68,426
17031750200,2,2,14,36,5,0,2,14,0,0,13,1,0,1,6,0,3,0,0,18,0,0,3,2,9,14,145
17031750300,1,0,6,32,2,0,2,15,0,0,7,1,0,0,0,0,0,0,1,14,0,0,1,1,7,14,104
17031750400,1,0,6,47,2,0,2,13,0,0,22,2,0,1,4,0,1,0,1,16,0,0,2,1,4,8,133
17031750500,5,8,16,258,25,3,9,41,0,0,74,11,0,11,21,0,10,0,13,84,0,0,19,11,46,142,807
17031750600,3,13,18,72,22,0,2,18,0,0,68,16,0,0,11,0,6,3,9,72,0,0,11,17,37,112,510
17031760801,2,1,3,27,6,0,3,7,0,0,17,1,0,1,2,0,1,0,0,13,0,0,0,1,9,16,110
17031760802,1,1,3,12,3,0,0,0,0,0,4,1,0,0,1,0,0,0,0,3,0,0,1,0,0,9,39
17031760803,1,0,9,29,6,0,0,20,0,0,29,0,0,3,0,0,1,0,0,19,0,0,2,1,10,38,168
17031770602,0,0,0,0,0,0,0,1,0,0,0,0,0,0,0,0,0,0,0,0,0,0,0,0,0,0,1
17031770902,1,0,1,4,2,0,0,2,0,0,3,0,0,0,0,0,0,0,0,8,0,0,0,0,3,6,30
17031810400,0,0,0,23,0,0,0,5,0,0,7,0,0,0,1,0,0,0,0,3,0,0,0,1,2,6,48
17031821402,0,3,0,0,0,0,0,0,0,0,0,1,0,0,0,0,0,0,0,0,0,0,0,0,0,1,5
17031823304,0,0,0,4,0,0,0,0,0,0,2,0,0,0,0,0,0,0,0,0,0,0,0,0,0,1,7
17031830500,3,17,24,42,19,0,1,7,0,0,29,12,0,0,8,0,5,2,0,23,2,0,2,5,21,54,276
17031830600,0,7,14,86,14,0,2,22,0,1,29,3,0,9,7,0,2,0,6,27,0,0,3,7,18,64,321
17031830700,4,31,17,217,19,1,9,45,0,0,41,9,0,4,33,0,0,0,6,69,1,0,14,16,48,130,714
17031830800,3,2,11,52,1,0,3,13,0,0,19,1,0,2,0,0,0,0,0,17,0,0,0,1,3,16,144
17031830900,4,15,18,279,11,0,4,55,0,0,50,3,0,2,1,0,2,0,2,18,1,0,5,6,15,26,517
17031831000,0,9,16,94,7,0,0,8,0,0,22,0,0,2,1,0,0,1,0,8,0,0,1,0,5,9,183
17031831100,7,22,42,191,48,0,2,39,0,0,51,5,0,5,5,0,1,0,0,34,1,0,11,10,20,73,567
17031831200,2,13,10,36,13,1,0,8,0,0,38,12,0,1,14,0,2,0,2,29,0,0,11,6,16,41,255
17031831300,2,14,12,291,18,2,4,15,0,0,28,6,0,1,11,0,5,0,5,32,2,0,9,15,14,44,530
17031831400,9,57,16,126,37,1,1,23,0,0,36,12,185,4,40,0,3,0,7,40,4,0,29,24,37,111,802
17031831500,0,9,15,133,9,0,3,30,1,0,26,3,0,1,8,0,1,0,1,31,0,0,8,0,18,39,336
17031831600,1,7,17,82,13,0,5,24,0,0,44,3,0,4,7,0,6,0,1,37,1,0,13,5,22,71,363
17031831700,1,10,13,141,9,1,2,21,0,1,25,1,0,2,4,0,0,0,1,14,0,0,3,4,9,26,288
17031831800,4,13,27,81,19,0,1,22,0,0,48,2,0,4,3,0,2,1,0,29,1,0,4,3,14,50,328
17031831900,1,2,11,64,5,0,0,18,0,0,13,1,0,0,1,0,2,0,2,11,0,0,0,1,1,14,147
17031832000,2,15,17,114,11,0,1,26,0,0,18,2,0,1,3,0,0,3,4,16,0,0,4,5,6,71,319
17031832100,8,10,19,51,6,0,0,16,0,0,23,0,0,1,0,0,0,0,2,13,0,0,2,3,14,32,200
17031832200,0,5,25,55,12,0,2,10,0,0,15,0,0,0,0,0,0,0,0,9,0,0,0,0,4,12,149
17031832300,0,6,14,105,12,0,3,20,0,0,26,0,0,0,2,0,0,0,0,6,0,0,3,4,6,15,222
17031832400,2,3,15,68,8,2,0,15,0,0,15,4,0,2,1,0,1,0,1,13,0,0,1,0,5,22,178
17031832500,3,13,18,187,11,0,4,37,0,0,38,1,0,3,2,0,1,0,1,15,0,0,5,3,17,17,376
17031832600,1,14,25,238,8,0,6,37,0,0,32,0,0,2,1,0,0,2,0,17,0,0,3,1,15,22,424
17031832900,5,10,4,32,6,0,0,11,0,0,12,0,0,0,0,0,1,0,0,9,0,0,2,0,1,9,102
17031833000,5,30,38,706,75,0,7,96,1,1,116,0,1,3,6,0,3,1,3,43,0,0,8,6,30,96,1275
17031833100,2,21,28,241,41,0,4,63,0,0,46,0,0,0,6,0,2,4,2,43,0,0,6,8,32,58,607
17031833300,2,9,8,45,6,0,0,22,0,0,14,0,0,0,2,0,0,0,1,17,0,0,5,3,9,21,164
17031833900,3,9,13,48,9,2,0,10,0,2,59,18,0,1,10,0,11,2,5,58,0,0,17,20,50,102,449
17031834000,6,39,22,92,19,0,0,20,0,0,88,21,0,0,33,0,7,0,10,54,1,0,22,23,40,112,609
17031834200,12,39,43,237,43,0,2,42,0,0,120,18,0,4,32,0,6,0,9,126,2,0,28,37,65,179,1044
17031834300,7,24,42,130,30,0,1,30,0,0,107,18,0,4,13,0,8,0,3,72,1,0,26,24,42,118,700
17031834400,1,14,28,58,15,2,1,22,0,0,39,5,0,1,3,0,1,0,3,35,2,0,12,7,26,52,327
17031834500,3,11,14,39,11,0,3,16,0,0,34,10,0,1,3,0,2,0,0,37,2,0,10,17,18,54,285
17031834600,2,24,20,104,25,3,4,22,0,1,67,28,0,3,31,0,2,0,10,62,4,0,23,37,37,118,627
17031834700,3,12,16,72,16,1,0,7,0,0,44,32,0,2,36,0,2,1,6,64,5,0,17,27,34,81,478
17031834800,3,16,26,67,11,0,3,14,0,0,49,21,1,3,26,0,7,0,4,64,3,0,15,23,43,91,490
17031834900,3,16,28,79,21,0,1,11,0,0,77,32,0,1,25,0,6,0,4,52,0,0,16,19,16,103,510
17031835000,1,65,43,109,44,2,4,30,0,1,81,26,1,0,39,1,10,0,10,62,4,0,29,25,55,137,779
17031835100,6,15,11,63,14,0,3,19,0,0,43,7,0,1,13,0,4,1,1,45,1,0,9,7,23,65,351
17031835200,4,3,26,44,8,1,3,12,0,0,18,2,0,0,7,0,2,1,0,19,0,0,4,2,7,20,183
17031835500,2,9,8,37,23,0,2,20,0,0,26,8,0,2,2,0,2,0,3,26,0,0,10,12,22,45,259
17031835600,3,15,5,104,27,0,1,13,0,0,58,14,0,1,24,0,2,0,10,57,2,0,13,23,25,85,482
17031835700,0,3,2,14,4,0,0,3,0,0,9,0,0,0,0,0,1,0,0,11,0,0,1,3,3,11,65
17031835800,0,17,9,34,16,0,2,11,0,0,28,5,0,0,3,0,1,0,4,23,1,0,5,5,16,22,202
17031835900,3,26,16,98,27,0,2,25,0,0,60,9,0,1,26,0,7,0,5,32,2,0,11,23,22,86,481
17031836000,1,7,14,46,22,0,0,8,0,0,29,4,0,0,5,0,3,0,0,31,1,0,6,13,16,47,253
17031836100,5,18,7,62,15,0,2,16,0,0,65,6,3,0,12,1,6,0,9,56,2,0,18,38,52,107,500
17031836200,10,5,9,67,7,0,0,7,0,0,37,1,0,3,4,0,2,0,0,13,0,0,0,3,8,22,198
17031836300,1,7,4,26,4,0,0,7,0,0,30,0,0,0,0,0,2,0,1,12,0,0,2,1,4,12,113
17031836400,1,6,14,67,14,0,0,22,0,0,37,3,0,1,4,0,3,0,0,36,0,0,6,9,25,43,291
17031836500,2,11,3,33,8,0,0,15,0,0,36,2,0,1,1,0,0,0,0,30,0,0,2,7,15,42,208
17031836600,1,32,18,90,11,2,2,21,0,0,37,12,0,1,103,3,2,0,13,49,0,0,9,20,34,85,545
17031836700,3,17,20,89,22,2,4,15,0,0,47,24,0,1,106,8,4,1,4,52,3,0,20,20,38,84,584
17031836800,5,43,25,96,24,0,1,15,0,0,49,25,0,3,62,0,5,2,7,52,5,0,12,34,27,134,626
17031836900,1,16,7,32,7,1,1,7,0,0,22,8,0,1,83,0,3,1,7,29,1,0,8,20,21,46,322
17031837000,1,23,11,58,21,2,2,11,0,0,46,5,0,3,24,3,1,0,5,41,2,0,11,12,18,82,382
17031837100,3,26,24,98,15,1,0,14,0,0,42,5,0,1,13,1,2,0,0,32,3,0,13,21,27,74,415
17031837300,4,35,8,77,19,0,1,8,0,0,62,22,0,1,78,1,4,0,8,55,2,0,16,27,33,110,571
17031837400,5,19,15,84,16,3,1,16,0,0,36,10,0,3,14,0,2,0,1,31,2,0,17,29,24,81,409
17031837800,2,41,24,239,41,3,20,49,0,0,95,15,0,8,20,2,3,1,3,79,1,0,16,21,45,101,829
17031838000,1,21,16,84,14,0,3,22,0,0,55,3,0,2,15,0,2,0,1,42,0,0,19,10,28,76,414
17031838100,7,15,8,148,13,0,11,23,0,0,32,2,0,4,9,0,3,0,2,40,1,0,11,9,29,73,440
17031838200,13,15,13,120,13,0,1,18,1,0,36,2,0,5,11,0,3,0,0,41,0,0,2,12,25,40,371
17031838300,2,9,10,141,12,0,1,24,0,0,14,1,0,0,4,0,1,0,3,16,0,0,5,4,16,39,302
17031838600,3,21,15,34,15,1,2,12,0,0,39,31,0,2,167,0,4,0,14,34,1,0,11,30,20,73,529
17031838700,10,45,39,116,50,2,2,35,0,0,128,70,0,3,366,8,8,0,27,138,6,0,32,84,66,223,1458
17031838800,3,9,5,203,13,0,0,25,0,0,46,14,0,1,10,0,2,0,9,50,1,0,11,17,38,92,549
17031839000,3,28,12,314,24,0,10,113,0,0,49,4,0,4,12,0,1,4,8,41,1,0,8,7,31,105,779
17031839100,16,139,40,2659,47,1,68,708,0,0,187,6,0,14,26,0,2,2,22,291,1,0,37,42,187,387,4882
17031839200,3,20,5,116,23,0,2,29,0,0,52,3,0,0,0,0,4,0,1,27,0,0,2,9,25,61,382
17031839500,0,13,12,110,8,0,1,14,0,0,21,1,0,1,7,1,0,0,1,18,0,0,7,6,29,37,287
17031839600,2,21,5,146,11,0,1,30,0,0,38,6,0,3,14,0,0,0,2,45,0,0,4,13,31,71,443
17031839700,1,4,22,40,9,0,2,13,0,0,25,0,1,0,6,0,0,0,2,30,0,0,9,7,15,30,216
17031839800,0,2,5,31,4,0,3,16,0,0,13,0,0,1,1,0,0,0,1,11,0,0,6,3,8,22,127
17031839900,1,1,7,40,9,0,1,21,0,0,25,1,0,2,4,0,1,1,0,18,0,0,3,1,9,19,164
17031840000,3,4,8,18,12,0,0,5,0,0,18,0,0,0,1,0,0,1,0,5,0,0,2,1,1,6,85
17031840100,2,3,17,23,9,0,0,9,0,0,19,1,0,0,2,0,0,0,0,4,0,0,4,2,3,15,113
17031840200,0,4,11,58,5,0,0,18,0,0,27,6,0,1,3,0,2,0,0,16,0,0,4,4,5,18,182
17031840300,3,9,21,43,12,2,0,12,0,0,23,7,0,0,11,0,1,0,0,17,0,0,5,3,14,32,215
17031840400,1,4,20,85,8,2,2,14,0,0,45,4,0,2,5,0,1,0,0,20,0,0,5,6,17,20,261
17031840700,8,12,15,87,20,0,3,17,0,0,39,7,0,5,18,0,2,0,4,41,0,0,4,15,23,56,376
17031840800,2,8,11,40,9,1,3,10,0,0,12,8,0,1,6,0,1,1,2,25,1,0,6,10,20,40,217
17031841000,4,19,2,133,23,0,4,33,0,0,51,3,0,4,5,0,0,1,2,42,3,0,3,9,26,59,426
17031841100,0,28,22,177,24,0,9,41,0,0,35,4,0,2,5,0,1,0,1,11,0,0,12,15,21,54,462
17031841200,1,12,12,69,22,0,2,15,0,0,38,8,0,0,9,0,1,0,1,27,0,0,4,8,20,45,294
17031841300,2,11,13,71,13,0,1,19,0,0,45,12,0,0,7,0,3,0,2,32,0,0,13,9,28,68,349
17031841400,4,34,15,47,16,0,0,10,0,0,59,13,0,0,75,1,4,0,4,25,0,0,6,16,13,71,413
17031841500,2,18,12,78,24,0,5,29,0,0,64,30,0,2,244,6,5,0,13,71,3,0,20,31,50,153,860
17031841600,0,11,6,24,5,1,0,2,0,8,24,7,0,0,29,0,1,0,6,10,0,0,6,12,13,23,188
17031841700,2,18,15,50,8,0,1,10,0,0,23,4,0,0,22,0,1,1,2,21,0,0,5,7,10,45,245
17031841800,2,13,12,43,20,0,2,20,0,0,49,4,0,2,20,0,20,0,7,63,0,0,13,28,27,88,433
17031841900,10,54,24,713,36,0,18,119,0,0,73,8,0,7,11,0,1,0,2,143,0,0,24,32,108,145,1528
17031842000,2,16,6,85,10,0,7,14,0,0,17,0,0,0,9,0,0,0,3,28,0,0,3,8,23,69,300
17031842100,5,36,20,101,37,2,8,16,0,0,77,36,1,2,39,1,7,2,7,79,4,0,17,33,52,152,734
17031842200,0,20,22,686,26,1,13,104,1,0,85,3,0,3,12,0,1,0,4,57,1,0,8,11,37,117,1212
17031842300,2,15,30,311,27,0,3,38,0,0,71,0,0,1,0,0,0,1,0,29,0,0,5,6,16,47,602
17031842400,9,58,47,426,40,0,14,74,0,0,130,32,0,8,50,0,5,0,9,107,2,0,32,28,70,164,1305
17031842500,1,12,10,37,13,0,1,10,0,0,49,8,0,3,10,0,3,0,6,29,2,0,14,16,25,92,341
17031842600,3,18,21,177,30,0,6,25,0,0,48,4,1,4,9,0,1,0,0,40,1,0,14,10,37,53,502
17031842800,0,29,23,102,39,1,3,22,0,0,63,20,7,4,25,0,1,1,4,41,1,0,15,11,29,84,525
17031842900,4,19,11,217,9,2,3,30,0,0,53,12,0,4,23,0,3,0,4,56,4,0,18,17,50,114,653
17031843000,5,75,63,165,52,2,5,16,0,0,114,42,79,8,380,5,9,3,17,130,6,0,35,47,72,164,1494
17031843100,5,23,11,63,14,0,0,15,0,0,34,22,0,4,158,1,6,0,6,48,0,0,14,32,27,106,589
17031843200,1,6,8,56,9,1,2,17,0,1,36,3,0,2,6,0,2,0,2,27,1,0,16,9,21,31,257
17031843300,4,6,8,58,13,0,2,6,0,1,35,11,0,3,47,0,3,0,3,33,0,0,7,13,19,70,342
17031843400,2,17,15,66,10,3,1,14,0,0,43,13,0,1,98,0,2,1,4,36,5,1,7,15,20,71,445
17031843500,0,5,4,61,13,0,1,7,0,0,13,4,0,2,24,0,1,0,2,24,0,0,9,6,15,52,243
17031843600,1,16,23,96,18,0,6,31,0,0,43,5,0,3,7,0,3,0,5,42,0,0,6,12,18,66,401
17031843700,1,3,10,54,5,0,2,14,0,0,16,2,0,4,10,0,0,1,2,15,0,0,4,5,12,27,187
17031843800,0,9,17,37,8,2,5,8,0,0,30,4,0,2,5,0,2,0,5,18,0,0,14,14,24,47,251
17031843900,3,27,28,135,20,0,1,26,0,0,83,11,0,2,11,0,6,0,0,55,2,0,10,25,30,106,581
17031980000,0,1,0,460,40,0,1,173,0,0,47,35,0,5,58,0,2,0,5,140,0,0,4,2,47,117,1137
17031980100,0,1,0,118,13,0,0,56,0,0,81,20,0,1,11,0,0,0,2,16,0,0,3,2,20,39,383
0,0,0,0,0,0,0,0,0,0,0,0,0,0,0,0,0,0,0,0,0,0,0,0,0,0,0,0