CTID,D3a,D3aao,D3amm,D3apo,D3b,D3bao,D3bmm3,D3bmm4,D3bpo3,D3bpo4
17031010100,19.71445489,0,1.327252388,18.38722193,85.84259688,0,13.59497492,6.181678607,66.45419216,26.26799773
17031010201,23.76327829,0,6.219865572,17.54340689,104.8410898,0,66.73784458,6.410218755,46.20494508,23.09785661
17031010202,20.90712091,0,8.599361399,12.30776524,114.1851188,0,73.64133719,22.09033521,47.86854208,11.04779698
17031010300,21.42925262,0,2.653941264,18.7753103,106.0076465,0,18.90903196,16.29953125,21.63076735,62.66816027
17031010400,13.72756085,0,0.537137307,13.19039243,69.32318381,0,6.923640815,8.920576612,64.62109024,12.68220544
17031010501,19.15801539,0,0.711872906,18.44613617,60.87413712,0,12.81371231,0,25.62755517,35.23379915
17031010502,23.61720417,0,4.281565787,19.33564926,102.9359659,0,28.71711597,14.35925001,50.25711466,35.90084858
17031010503,23.04283623,0,4.544617155,18.49819996,80.01690905,0,53.32329201,6.66538678,46.658103,6.664008402
17031010600,24.96141949,0,3.12583195,21.83559817,104.2277914,0,41.85890664,7.848748888,6.539079342,64.09759105
17031010701,22.35142656,0,6.273331281,16.0780954,104.984327,0,30.13210834,25.61304315,30.13228852,39.17493544
17031010702,19.62117549,0,4.906362578,14.71478072,82.08131028,0,3.620489131,39.83245838,10.86134458,32.58957342
17031020100,18.05118056,0,2.646311079,15.40486972,49.86417509,0,18.88832253,0,34.63144955,14.16646583
17031020200,22.17268665,0,3.079474109,19.09321682,135.2189397,0,8.339919262,25.02365542,64.64482518,61.51441625
17031020301,17.97426051,0,0.756474918,17.21778971,79.24286226,0,0,6.273393009,77.65170686,21.1755347
17031020302,24.73503406,0,1.389343864,23.345682,206.4875548,0,2.023336694,6.070576186,198.3328311,66.77952183
17031020400,19.61562173,0,0.059321954,19.55629401,66.84174572,0,0,4.661010699,44.29368867,32.63682929
17031020500,20.87222831,0,2.074015062,18.79822666,147.4601568,0,5.033874201,13.42740763,154.4027284,27.68888937
17031020601,25.4596433,0,4.501350578,20.95829304,68.9732326,0,0,32.84437807,6.568222756,31.74786734
17031020602,24.75759728,0,1.848636813,22.90895585,64.47699149,0,0,13.1573839,7.89177751,46.05581682
17031020701,28.26342692,0,5.238709037,23.02466954,218.9679683,0,46.69649371,12.24113534,209.9811084,35.52284365
17031020702,20.65149177,0,1.835575242,18.81591782,69.06356534,0,6.6367182,13.24718759,34.9369309,28.08678541
17031020801,23.13628214,0,3.74488389,19.39139619,72.72121041,0,17.76678896,22.7003552,9.870852039,31.58661488
17031020802,23.51470011,0,0.553145187,22.9615545,90.83191628,0,0,2.009416158,38.20709954,63.33832938
17031020901,24.15130728,0,0,24.1513016,76.26232554,0,0,0,66.48994425,31.913531
17031020902,22.02517453,0,2.785021874,19.24015245,117.1242463,0,28.3020441,7.718065939,79.78103606,37.31495467
17031030101,22.42984678,0,0,22.42982015,46.19689365,0,0,0,0,46.19689244
17031030102,9.755704035,0,0,9.755715315,25.8389018,0,0,0,0,25.83889241
17031030103,19.47959912,0,0,19.47958426,42.04968395,0,0,0,0,42.04968108
17031030104,12.51707076,0,0,12.51705721,3.576851595,0,0,0,0,3.576851677
17031030200,23.69568102,0,4.467352383,19.2283188,114.3681872,0,20.4062277,32.06918093,30.12976025,48.59165257
17031030300,23.80287756,0,5.405333802,18.39753184,76.25723266,0,28.85185048,14.42444539,14.41975163,32.9706156
17031030400,25.59394612,0.53111423,4.424083756,20.63873405,96.56205454,7.471694362,24.2907999,18.68676782,33.63511023,39.23893955
17031030500,25.39701995,0,4.24886901,21.14813069,99.17227306,0,23.04093834,26.18401535,43.99033655,28.27852427
17031030601,14.72591185,0,0,14.72589579,68.83066052,0,0,0,27.03678013,50.79712433
17031030603,15.91998455,0,2.777088321,13.14289663,42.80046926,0,0,11.16339468,22.32818431,16.74419169
17031030604,25.87821845,2.139249794,2.708220563,21.030758,214.6521437,9.566640335,5.00013637,9.133007929,244.4139346,39.1602743
17031030701,18.8728008,0,2.850429779,16.02241581,58.6716995,0,18.52279281,18.52279281,0,27.79419073
17031030702,35.87276827,0,1.315696119,34.55709292,104.2544417,0,156.3036829,0,0,0
17031030703,18.81483212,0,2.048628218,16.76618602,57.71007931,0,13.06035092,19.60247875,0,29.39636484
17031030706,32.11196531,7.247030278,3.592565133,21.27235695,171.7470311,11.69987107,5.843556105,11.69987107,146.3440797,58.5376319
17031030800,22.30173405,0,3.035874515,19.26584907,47.54653725,0,13.69191639,9.128697028,7.983892189,23.96006417
17031030900,25.49207883,0,3.351674576,22.14041034,130.9801185,0,12.67307331,25.34449788,60.19801508,57.030811
17031031000,19.63240665,0,2.00555968,17.62684821,65.00931818,0,0,21.3275579,24.37486474,27.42371444
17031031100,20.23378563,0,1.743060415,18.49074461,110.7001336,0,16.48127719,7.062064614,103.6053666,23.54024073
17031031200,21.84267191,0,4.735556625,17.10711496,93.22720779,0,11.89563753,23.79411673,59.50036635,21.81202047
17031031300,39.34800756,8.413270234,1.093127443,29.84158828,301.9069243,13.09870935,4.713097433,7.588589546,236.0332704,133.7402165
17031031400,38.41744768,5.034293032,1.053761868,32.32937544,231.1557339,12.57847295,8.218354615,7.194940221,190.9548425,91.11235839
17031031501,12.82556982,0,3.354163009,9.471398952,26.90587821,0,16.14028055,16.14028055,0,0
17031031502,26.58388291,0,7.103968757,19.47989886,112.1392465,0,32.03268229,56.06308672,16.02157595,24.02384009
17031031700,23.18873082,0,6.218788827,16.96994317,122.991159,0,43.4026173,18.98672687,27.12872943,56.960062
17031031800,20.2308998,0,0.210009388,20.02089496,57.8213997,0,0,0,16.5207385,46.80209212
17031031900,20.7810975,0,3.807460427,16.97363777,65.33194784,0,0,25.12923882,0,40.20271024
17031032100,19.14487674,0,6.394890605,12.74998357,70.12224335,0,30.03966676,24.0333401,39.05918799,0
17031040100,25.520011,0,0.557696003,24.96230555,187.3002245,0,9.081777696,3.899306976,166.5512492,66.25367243
17031040201,22.05768824,0,5.773950245,16.28374298,73.8993824,0,28.7174526,26.0245475,18.84152066,16.15293247
17031040202,21.49416352,0,3.12842443,18.36575015,57.18855485,0,6.597852284,14.29640873,13.19426377,29.6909064
17031040300,25.95178699,0,2.548174737,23.40358686,173.7045968,0,12.33738477,15.66458036,178.0669089,31.04068224
17031040401,27.29143798,0,1.508301854,25.78313786,90.08304082,0,3.356259918,13.42656372,38.60212189,48.67026241
17031040402,24.40301907,0,2.387531379,22.01549928,207.1129227,0,8.594857712,30.08756227,185.924055,47.28126342
17031040600,26.96808277,0,3.412688229,23.55539498,108.8361343,0,39.09233485,23.45594134,44.9587842,29.31800785
17031040700,19.21504055,0,2.136218934,17.07883455,59.69221009,0,23.05774175,7.232244934,31.19223827,16.27521419
17031040800,26.03765622,0,3.300043922,22.73765946,97.77513966,0,40.32280165,0,50.37601361,37.27882629
17031040900,29.61929177,0,5.134692824,24.48463753,233.4593022,0,48.28995583,24.14101141,169.0082346,64.38036116
17031050100,24.13610855,0,3.895072842,20.24103593,80.63879778,0,15.47703465,9.671712536,50.31081254,27.08658789
17031050200,22.11268956,0,2.831909918,19.28081008,69.81755988,0,5.953642191,17.86439602,28.78392353,28.78312288
17031050300,17.85609107,0,0.076189426,17.77989278,46.73996847,0,0,0,27.16468364,28.62114541
17031050500,23.16782238,0,0.002056122,23.16576541,74.74766499,0,0,0,28.76979216,55.55821205
17031050600,28.18507335,0,9.907138329,18.27791216,141.5286186,0,27.25833408,58.42365657,50.63024577,31.15310074
17031050700,24.1018009,0,4.400324678,19.70145367,81.4046021,0,7.870580732,23.63174367,7.870580732,47.27348808
17031050800,18.3999996,0,0.08,18.32,37.1127014,0,7.95,0,0,31.81
17031050900,23.4699993,0,0,23.47003078,53.0427017,0,0,0,7.950010425,47.7400626
17031051000,31.2520008,0,5.910372695,25.34159798,88.0613022,0,15.54097998,19.42122466,11.65073467,50.50318462
17031051100,25.6700001,0,3.38,22.29,104.8330002,0,15.92,7.96,63.68,43.78
17031051200,31.40840922,0,7.331566998,24.07684177,127.1789864,0,23.59180032,47.19360064,43.26055851,35.39519188
17031051300,25.0812632,0,0.875963832,24.20532542,85.80023129,0,0,8.040456371,44.23534062,48.25476527
17031051400,23.85861083,0,5.508062956,18.35052636,95.14526061,0,18.46294015,18.46294015,65.80139533,20.47780299
17031060100,16.73258974,0,0.021897253,16.71068405,66.30476091,0,0,3.975915539,51.70736559,27.84011518
17031060200,22.90389474,0,0.044836095,22.85906399,79.342198,0,0,8.135260307,36.6103388,46.78783226
17031060300,25.64958875,0,1.573018153,24.07654646,103.2948436,0,0,26.32650837,36.45166532,52.65526451
17031060400,21.39802812,0,3.599636143,17.79838045,62.42935321,0,11.95384411,7.966920139,21.91058361,31.87487812
17031060500,27.6249008,0,6.521155763,21.10374027,134.3170013,0,51.05904934,28.36502721,99.28759702,5.671005088
17031060800,35.69498127,11.73942549,7.128830313,16.82671668,202.1678086,21.45517745,57.59076985,20.94199051,198.4149255,10.46989619
17031060900,47.19096214,6.464811511,2.392621377,38.33349794,549.1240982,3.630667783,22.45274675,7.166389196,583.2647784,137.9438504
17031061000,20.7800007,0,0.09,20.69,64.9458008,0,0,0,7.49,59.95
17031061100,21.7306004,0,6.410179571,15.32042918,102.2939987,0,7.480209546,44.90125784,67.35188676,7.480209546
17031061200,25.9500008,0,2.99,22.96,130.9810028,0,22.24,29.65,29.65,66.72
17031061500,22.3316994,0,3.260247164,19.07144583,66.2337036,0,0,31.79241023,15.89120473,23.84180748
17031061800,14.6899996,0,6.22,8.47,52.1104012,0,15.63,31.26,15.63,0
17031061901,20.24677791,0.471422498,0.908378391,18.86697373,69.91714869,0,8.068219035,16.12920428,48.38634378,16.13282118
17031061902,64.16899594,8.397171867,2.635928935,53.13591606,294.3373922,6.012626954,5.663513263,3.006181476,328.7625973,68.2692171
17031062000,21.55245267,0,6.21095328,15.34149915,63.33531278,0,46.04404718,17.26778561,23.02272138,0
17031062100,21.06413812,0,3.992517075,17.07162497,61.71275493,0,5.286892973,31.73435679,23.80253759,10.57567011
17031062200,26.77880046,0,3.661163166,23.11766094,87.30149556,0,16.03023099,16.03023099,58.78443689,21.37011689
17031062300,23.1299992,0,0,23.13,47.5800018,0,0,0,0,47.58
17031062400,20.7800007,0,1.82,18.96,49.0060005,0,0,0,7.94,43.71
17031062500,31.6700001,0,6.58,25.09,130.0679932,0,24.13,32.17,80.44,28.15
17031062600,23.9500008,0,0.78,23.17,162.8899994,0,0,7.84,170.69,41.2
17031062700,20.60529559,0,3.814459624,16.79083013,54.43249412,0,7.96403,11.94813811,7.964381445,31.860102
17031062800,24.78425045,0,5.179237946,19.60503047,106.0644565,0,11.92996523,23.85852663,39.7709463,47.72133643
17031062900,25.5335433,0,5.486077961,20.04746371,100.7135122,0,19.87370953,39.75516422,11.92278814,39.75007584
17031063000,23.20783856,0,5.11204312,18.0958268,129.7830065,0,35.92806433,31.93597907,83.83751798,17.963231
17031063100,17.63328135,0,6.370017827,11.26326387,62.21942807,0,56.79432793,16.22500493,0,8.112502466
17031063200,40.66344479,9.588002427,3.673236673,27.40217903,291.9330294,25.59099928,10.1704318,17.05514666,286.7697847,76.81898347
17031063301,22.69102989,0,0,22.69102033,69.02111522,0,0,0,41.41455726,41.39760657
17031063302,16.08729923,0,3.358257705,12.72904124,39.18076818,0,0,32.05477034,10.68370801,0
17031063303,35.74442621,6.616446162,0,29.12797414,400.1853941,0,0,0,493.2305717,71.20042434
17031063400,24.5883914,0,6.863264139,17.72512719,76.12779844,0,40.77222584,24.46500651,24.45883583,8.153823019
17031070101,60.14059765,6.200228586,6.035281231,47.90512581,527.5833146,5.204571441,46.84114297,39.03428581,502.9063613,121.8672339
17031070102,22.22394331,0,8.058386897,14.16555604,128.1464523,0,124.6290566,10.38517595,51.92500038,0
17031070103,17.83734799,0,6.025015239,11.81233224,59.38329464,0,74.97767385,0,0,9.373178911
17031070200,18.97382336,0,3.946004056,15.02783221,74.61681168,0,37.92903113,11.37704692,39.82528933,11.3776249
17031070300,25.02440215,0,8.093418508,16.93098333,146.3995773,0,55.88125208,31.93296465,55.88125208,39.92083283
17031070400,24.88933015,0,6.877482707,18.01184225,161.0555618,0,35.93022514,43.91642405,67.87083595,47.9040149
17031070500,26.10479458,0,5.486584879,20.61820238,154.0872452,0,46.64256805,42.39792447,50.8813489,46.64105951
17031070600,23.07941275,0,3.397368943,19.68203496,162.3066702,0,15.09182719,30.18365438,143.3964618,26.41145615
17031070700,21.39630174,0,5.725640679,15.67064825,100.1597095,0,42.44236346,13.57279989,66.7471225,13.75759511
17031071000,27.94681475,0,4.654737737,23.2920676,246.7181182,0,43.88045537,23.93092227,119.6817587,113.6910512
17031071100,30.45731076,0,4.528502078,25.92881034,279.3153527,0,7.957087665,31.83355753,258.6697421,69.64167879
17031071200,28.15448638,0,6.939342956,21.21514742,208.4474987,0,23.89088679,31.8541023,169.2349204,47.77828545
17031071300,25.96924423,0,5.582746297,20.38650519,126.2229057,0,20.91447417,37.65056231,64.84099627,31.37353568
17031071400,43.18533624,4.58576577,1.697152172,36.90242017,549.3838685,3.48010683,11.10744103,11.86870397,630.8800272,109.30957
17031071500,44.19207398,5.400507174,3.272284754,35.51928672,459.1256497,7.267349159,16.30328807,12.80182073,446.380234,137.7136722
17031071600,24.6100006,0,2.27,22.34,263.6809998,0,31.95,15.97,231.65,71.89
17031071700,26.56422341,0,0,26.56422301,183.5668371,0,0,0,129.5460834,97.1594573
17031071800,21.72482241,0,1.253411546,20.47141064,114.8511825,0,8.008457567,0,140.1698453,16.01625853
17031080100,40.80675555,10.57853416,2.068712562,28.15948487,145.7582808,19.79718678,44.25611029,0,115.3841535,39.27809749
17031080201,31.77095979,0,2.757147005,29.01383394,351.1652425,0,114.8992003,19.14986672,239.3376727,95.73927001
17031080202,37.06692169,0,2.912108415,34.15482626,443.3664271,0,0,50.0294568,345.9797104,162.5689627
17031080300,23.95731867,0,0,23.95731535,91.37869578,0,0,0,102.0966218,23.2802241
17031080400,22.54750723,0,1.851984264,20.69552829,110.7862916,0,27.69127215,7.910431822,31.64669751,63.2975797
17031081000,29.86548429,0,1.530959555,28.33452886,264.4316766,0,8.664999692,21.66733481,192.8653071,108.3434258
17031081100,38.67717696,0,12.83125267,25.84591353,265.7871607,0,113.881162,88.59324848,56.93688337,63.25853241
17031081201,27.9003213,0.019308884,2.978003066,24.90301035,136.461932,6.995082092,27.98181432,13.988384,97.95073725,38.47664498
17031081202,53.56625971,23.2659435,4.457933388,25.84239984,173.4544586,7.914397875,17.59025088,9.675853004,219.4114197,5.698768644
17031081300,41.78773472,6.562675002,4.669942827,30.55510532,238.9880977,12.78000347,63.90973879,25.56205499,179.2180055,51.25970541
17031081401,31.45763253,5.150714674,4.328242067,21.97867408,72.53938084,13.89625747,2.314170606,13.88663807,23.15455433,41.66508397
17031081402,33.08828598,6.1032716,2.011506247,24.97354988,324.9242712,25.97349747,2.262732894,4.463854996,337.8659539,93.59455307
17031081403,56.63953531,9.447142663,6.157299649,41.03511978,384.9670182,22.42453337,24.97608391,21.49315245,399.4964463,80.35043444
17031081500,37.25353912,0,10.17476497,27.07877896,260.5053823,0,9.510678286,61.41417978,199.0590775,59.97521298
17031081600,26.3553002,0,9.481665611,16.87365706,102.5546117,0,0,65.80483965,10.12039703,29.99926515
17031081700,32.72253349,0,6.192572461,26.52997683,204.0894594,0,3.617195758,32.58810003,148.3479093,70.140485
17031081800,32.40384088,1.825088763,4.365477325,26.21326935,254.666433,1.898295618,5.758104113,39.31702176,157.4702317,106.4759393
17031081900,35.0541992,0,0.003597178,35.0506351,231.951004,0,0,9.400170326,220.9140028,75.20136261
17031090100,22.36713921,0,1.640927182,20.72620226,106.3996492,0,2.773317897,8.323306701,27.75505085,77.71397161
17031090200,24.68507466,0,3.836953561,20.84812888,164.0397116,0,51.69741697,23.34712459,86.726779,48.36361452
17031090300,26.6900005,0,4.91,21.78,211.4790039,0,52.2,23.49,135.73,62.64
17031100100,25.70832514,0.00138036,3.586979486,22.11996048,131.4291004,1.098766344,19.78895071,18.13932161,82.47305966,45.0809928
17031100200,18.72095274,0,2.884605866,15.83636014,91.01540316,0,12.44150907,14.92375351,55.75751181,30.60291312
17031100300,19.01910995,0.016440141,1.970754555,17.03190335,86.09250624,1.13162971,16.13794122,3.395560418,52.6644364,36.80579702
17031100400,23.49312738,0.001132987,4.477245698,19.01475496,142.2677252,1.33314443,50.66353395,11.99680734,114.6659374,19.99627284
17031100500,26.03943215,3.188274569,3.650177454,19.20097417,128.900978,4.629665798,30.09186281,8.263217635,83.34327936,44.97642249
17031100600,28.19048962,5.8700653,4.284180145,18.03624442,115.8170516,6.560549691,34.8403446,24.23360358,34.33259201,45.44494494
17031100700,24.92062799,0,3.207613555,21.71300067,124.3196632,0,17.04646867,26.63575193,20.77403141,72.45755044
17031110100,17.30095274,0,2.923752683,14.37720498,96.39137769,0,28.16618561,14.06781689,60.90900043,22.9103525
17031110200,22.42910034,0.473973878,6.594052646,15.36107381,115.8518784,4.339494174,41.26172358,32.57485291,47.77784005,23.88794776
17031110300,25.76798689,3.180349901,4.93576863,17.65188293,124.0846626,4.812723669,39.57268048,29.94578502,21.38982203,53.47688055
17031110400,26.2888147,7.234528225,5.569605303,13.48467289,67.93519981,11.778665,20.79144589,26.33720332,24.95077363,11.08795794
17031110501,23.25033394,1.808510611,0.98489927,20.45692782,93.80612113,3.271266209,6.542884966,0,55.61692244,52.34549438
17031110502,30.67360939,5.911796324,3.478359376,21.28345406,182.9143291,7.976511708,39.8904856,7.976511708,162.5775653,39.89134606
17031120100,16.81683204,0,3.931522275,12.88528953,95.84714713,0,34.61793813,7.544385639,54.36005997,28.95448795
17031120200,19.70037061,3.626440349,2.920825705,13.15307921,76.16075141,5.76344984,13.27331236,13.30361485,37.83961691,28.76482488
17031120300,22.15863621,0,2.466858665,19.69177538,117.616919,0,13.86373572,13.86359782,55.19693098,57.68973935
17031120400,20.37092271,3.00840271,1.367201809,15.9952899,68.86849878,4.885885501,6.080009758,2.431445592,46.83991255,31.13946898
17031130100,20.5021702,0,2.338428523,18.16376352,157.5271099,0,14.95326292,7.107964735,120.7773634,59.88667296
17031130200,17.2124004,2.104525877,1.433517627,13.67433481,69.6488037,2.206193794,8.855275551,0.630341084,70.90320516,15.81952785
17031130300,27.66175979,0,5.297559887,22.36419303,108.2145982,0,9.532568404,30.60344359,65.50229897,27.56298187
17031140100,23.84114199,0,4.411632367,19.42949328,78.29636283,0,9.574135537,15.87983146,52.36662263,21.10204618
17031140200,24.36795774,0,4.749381285,19.61858088,71.72977969,0,6.564319287,29.56293366,4.92709246,34.50209334
17031140301,19.45913577,0,4.32435831,15.13475485,40.76055472,0,7.886594822,23.66754217,0,11.83265209
17031140302,22.25455747,0,1.086506433,21.16803779,79.64269326,0,9.299016267,3.068516731,40.32620241,43.47416592
17031140400,21.96784316,3.221966162,1.550388515,17.19549137,51.51281923,4.380563906,14.24442965,6.022569312,21.91917762,21.3691267
17031140500,29.22973271,0,8.122717472,21.10702494,162.5559577,0,22.87135409,41.46214016,94.37111493,42.89308739
17031140601,23.0499992,0,4.51,18.54,66.618103,0,14.27,28.55,0,28.55
17031140602,21.69611442,0,2.379605962,19.31650546,61.75435647,0,3.3671888,16.83815952,13.47293299,33.6838317
17031140701,21.61143217,0,6.599381945,15.01203909,57.65889678,0,17.01048976,28.3534333,14.17492358,8.504760327
17031140702,25.46430389,0,5.999811002,19.46448938,93.4942369,0,15.16007383,39.41458048,9.093127974,37.90283307
17031140800,23.52836866,0,3.114281195,20.41408998,86.82305919,0,13.29865093,21.81948904,34.30675942,33.25077595
17031150200,24.31927742,3.420680399,3.273307565,17.62527855,65.39924362,3.90371596,5.853565825,19.51610401,40.98928661,14.63896994
17031150300,24.55934315,0,2.964656069,21.59469153,173.6572922,0,19.52137419,12.6884347,140.5821756,54.17971744
17031150401,24.26581341,0,4.825838798,19.43997568,99.73562477,0,56.14783422,12.27889948,15.78806556,39.47574889
17031150402,23.36170432,0,3.391779877,19.96992421,89.91806391,0,7.818491086,23.45547326,15.63254358,50.82077118
17031150501,21.32384602,0,1.8867146,19.4371316,133.4634787,0,16.67888397,12.96828561,111.189422,35.20679963
17031150502,19.1244262,0,2.795617935,16.32880858,68.09702345,0,7.564896594,24.58785809,32.15202919,17.01790557
17031150600,23.48616575,0,3.789439248,19.6967388,60.18452639,0,1.9730915,23.67962294,3.94561141,32.55713579
17031150700,22.98879567,0,2.582722954,20.4060761,77.88098726,0,3.90908339,17.59105249,52.78137852,22.47727301
17031150800,22.93155371,0,2.484189357,20.44736464,50.27582807,0,3.915855947,8.814051682,3.91495801,36.23862398
17031151001,19.21202522,0,5.122620498,14.0893818,48.37224965,0,0,35.29935705,7.840334617,7.843369721
17031151002,21.24678702,0,1.611307988,19.63548535,58.26423306,0,4.062762809,12.19355506,25.40051785,26.41863981
17031151100,23.88321124,0,3.265911094,20.61729216,128.7076901,0,0,31.35228612,72.51374914,48.98876429
17031151200,19.67352295,0,1.648228135,18.0252913,45.09705592,0,3.950130937,2.960043367,0,39.50227156
17031160100,32.11607034,14.01642506,4.532942466,13.5667027,49.81676444,25.08883172,21.81354869,5.453355363,11.99750903,21.81145363
17031160200,25.01112451,7.36154537,4.444156709,13.205414,64.91160273,14.87319759,8.109146294,18.25390546,38.53449298,15.54630747
17031160300,22.84047361,5.173858989,1.18095883,16.48567126,52.15656204,7.594515878,3.035482561,0,9.113419054,44.05323798
17031160400,23.40659882,0,4.251195315,19.15541508,61.7240066,0,9.849331226,17.72955829,5.906699813,33.4851784
17031160501,20.02871939,0,2.267152393,17.76156671,40.00292103,0,7.499446224,9.372995771,7.499446224,20.62564192
17031160502,26.06390553,0,3.152952116,22.91094199,88.16645046,0,12.49380876,20.82458793,10.41229396,52.06324541
17031160601,23.87236862,0,3.174016068,20.6983747,116.5471402,0,23.40757809,6.599382196,107.0238204,22.95001988
17031160602,21.40252567,0,1.772507027,19.63004426,88.48229926,0,0,5.105985167,88.6796119,24.22689655
17031160700,26.26587742,0,2.394583268,23.87128366,155.0251081,0,33.50911288,8.783132458,92.69716805,62.06225353
17031160800,25.3689655,0,4.77126516,20.59770993,77.7805594,0,5.906581206,20.67388768,14.76493839,43.31880314
17031160900,36.12303987,9.652769535,3.705066711,22.76518725,149.6621786,11.81060168,7.872277244,26.57695698,101.3962186,50.20339338
17031161000,26.54028934,4.410409457,2.075653453,20.05424705,56.1621635,3.031534265,12.13672177,3.031534265,15.17635763,34.91279799
17031161100,19.72666241,0,4.315060193,15.41159159,81.65941423,0,38.19819578,11.23485531,40.4436619,17.97058376
17031161200,20.75673996,0,1.550731649,19.20599127,94.63177088,0,7.499028859,10.00042078,68.76963092,33.75991122
17031161300,24.99778525,0,3.882444097,21.11533988,81.55601451,0,44.23559647,5.203796807,23.41784383,31.2274025
17031170100,10.6599998,0,1.35,9.31,29.9895992,0,5.1,4.46,23.61,6.38
17031170200,24.64429088,0,4.765174399,19.87912126,80.31112361,0,7.927122653,21.80995363,15.8639026,42.63258451
17031170300,25.40642746,0,1.924250107,23.48217177,123.927117,0,12.95938165,6.477878752,116.6408108,31.00583829
17031170400,24.01918098,0,2.666122234,21.35306538,83.35137762,0,5.049632381,25.25465186,25.25359805,37.88443725
17031170500,21.76430727,0,3.980140474,17.78416916,82.02509531,0,10.93045215,13.87695243,50.88892908,26.91442052
17031170600,24.58438547,0,2.011248489,22.57312352,112.8047918,0,16.00016947,2.286109284,84.58222771,43.43027523
17031170700,23.67789186,0,2.816535009,20.86137434,66.64948888,0,8.937031117,12.2856728,8.937031117,42.44182964
17031170800,25.57747263,0,4.027606904,21.54987614,78.90033665,0,10.63770264,23.93530047,0,47.86965313
17031170900,25.2206993,0,1.940053885,23.28064662,70.6819992,0,0,8.07022415,0,62.61173904
17031171000,23.25641171,0,2.915213329,20.3412021,105.8361128,0,9.292463986,19.51899839,65.070553,36.71687848
17031171100,21.47552025,0,3.049561416,18.42595161,62.52110935,0,11.65881015,15.54785337,1.940826695,37.90230462
17031180100,22.53769031,0,3.305982414,19.23171338,73.10479941,0,4.872431437,20.70900709,24.36557975,32.89402038
17031190100,18.3500004,0,2.73,15.62,49.1488991,0,24.57,4.09,12.28,20.48
17031190200,24.11731667,0,3.732784701,20.38454135,70.29126356,0,0,25.50016103,3.922401896,42.17473628
17031190300,24.63453039,0,5.453342226,19.1811952,82.04141506,0,7.843721794,33.33802554,7.842665075,38.24060531
17031190401,22.29548442,0,4.470025708,17.82543768,68.80832465,0,0,33.58151773,12.83536368,26.66564133
17031190402,24.36574872,0,4.809845048,19.55589034,81.83616168,0,15.83769613,27.71686379,0,43.55554626
17031190601,24.82247847,0,2.091845086,22.73063867,198.3703544,0,0,16.88940557,210.1914196,41.28344245
17031190602,23.09502049,0,0.898992858,22.19603663,63.90542874,0,2.079778139,4.16482154,0,58.35342108
17031190701,19.8616741,0,1.508621978,18.3530417,40.37635756,0,4.655919553,4.655919553,0,32.61490175
17031190702,24.16424429,0,1.292069462,22.87218533,91.75583332,0,0,10.12844172,69.2287437,35.45174432
17031190800,24.7587162,0,2.188344916,22.57036694,72.77498964,0,0,21.53669076,19.58075028,38.17795211
17031190900,20.9099998,0,0.630000376,20.28001209,50.7602005,0,4.11000245,0,16.46000981,37.04002208
17031191000,18.48728873,0,1.625777533,16.86150536,56.1500724,0,0,11.92236858,32.79218485,22.35533064
17031191100,23.14153156,0,3.701551071,19.43997168,78.22294654,0,18.89429345,13.38322373,44.09064218,22.82878934
17031191200,18.72500176,0,3.271688633,15.45329804,130.3502166,0,18.34798347,7.335569073,135.8160977,20.18732121
17031191301,19.90187217,0,4.789506442,15.1123612,63.62996321,0,7.668616534,26.85692219,25.89843258,14.38382366
17031191302,20.66279744,0,2.49019735,18.17258023,56.41960979,0,0,22.56380826,18.46313358,21.54091076
17031200100,25.37308025,0,1.598727442,23.77435634,91.21813278,0,13.2345346,6.616918237,37.51115693,50.75396233
17031200200,21.49731996,0,0.704831928,20.79248732,113.6669052,0,6.325507981,3.161525452,113.1080068,30.8432021
17031200300,18.31465844,0,1.291437273,17.02322154,30.14046438,0,10.33149819,0,15.49579172,12.91364495
17031200401,21.01474541,0,1.932123529,19.08261066,79.29421433,0,12.85169626,12.85169626,28.92870251,38.57499759
17031200402,24.3420815,0,3.697047166,20.64502645,83.82716304,0,6.70441615,26.82191034,3.352208075,50.29751659
17031210100,20.00385214,0.00210315,4.975209143,15.02653343,118.6573616,1.515051107,29.47317609,30.26521718,79.92178428,15.42563344
17031210400,15.06849173,0,0.556727775,14.51175884,29.83051075,0,6.167694946,0,24.68253706,9.253393857
17031210501,22.19529903,0,5.571179799,16.62411987,51.70862847,0,41.36280325,8.269102504,8.270317626,10.33423183
17031210502,24.97386401,0,5.417397655,19.55647772,86.73811705,0,33.69132643,26.20224462,31.81535496,16.84296479
17031210601,24.50772778,0,0.732183423,23.7755285,74.93204495,0,0,4.731699194,44.95308425,40.21665717
17031210602,24.58544654,0,4.755466484,19.82997453,102.0636736,0,44.21633493,20.40800718,32.31389489,30.6098761
17031210700,33.1495611,12.17119812,7.029441949,13.94892081,68.5736027,23.43602342,2.602107968,37.75733733,18.22675975,16.9234282
17031210800,33.7099991,13.53,2.83,17.35,87.4326019,23.84,7.94,31.79,39.74,23.84
17031210900,26.54801205,2.290983912,6.762765803,17.49424464,107.1195752,11.34607191,20.85902876,37.2772782,40.0741016,29.19979657
17031220300,32.44333567,7.777864683,0.20347218,24.46201492,90.01952342,3.969951765,0,0,33.75214014,67.50704629
17031220400,29.15648863,0,6.823861272,22.33264316,149.9831971,0,23.57846052,60.90704763,15.71620369,62.86682915
17031220500,26.67903433,0,8.106653074,18.57236068,94.07805606,0,15.46073754,40.59107247,15.46146989,32.86182617
17031220601,22.40291931,0,0,22.40290355,87.90079713,0,0,0,54.78535545,51.35913822
17031220602,24.77578595,0,3.973818191,20.80198452,84.97872675,0,15.321977,12.53418174,30.6414966,41.78698508
17031220701,21.36782438,0,0,21.36783329,43.75264935,0,0,0,0,43.75263623
17031220702,21.56144002,0,3.029754045,18.53169147,119.7339866,0,11.25415912,14.63095771,99.06575379,31.51952175
17031220901,22.37797698,0,1.969812713,20.40815303,66.97435437,0,26.4887416,4.414223424,17.65868275,33.11380155
17031220902,19.22257623,0,0.826017759,18.39655813,43.78024872,0,7.839659454,0,19.60046147,25.47770298
17031221000,26.70861934,0,1.851797575,24.85682187,88.28539113,0,0,14.71428343,17.65426719,61.79568103
17031221100,24.57289711,0,3.229859715,21.3430599,81.42559979,0,8.827241283,13.23635363,29.43136762,42.67075176
17031221200,27.31827835,0,5.365568734,21.95271712,116.2906754,0,27.43002764,25.47056856,70.54358752,25.47178197
17031221300,26.17313508,0,5.39103187,20.78210676,80.4291278,0,19.61356448,25.49454691,27.45842751,23.53755436
17031221400,26.79551564,0,6.65905654,20.13645084,137.4368031,0,80.24315627,7.292307842,93.00780649,14.58617698
17031221500,19.67506176,0,0.332235061,19.34282958,36.10483448,0,0,0,25.48020146,19.10954028
17031221600,32.16595771,0.176650848,1.780790737,30.20850678,279.147366,0,0,19.73968293,258.6666461,86.87740862
17031222200,27.94051994,0,4.341843046,23.59865456,135.458574,0,22.41335644,33.62493483,75.65349958,36.42316054
17031222500,30.7399998,0,3.04,27.7,130.8099976,0,40.87,24.52,8.17,73.58
17031222600,23.8722,0,0.230021551,23.64221503,88.7157974,0,0,0,72.56679876,40.31377699
17031222700,19.80232093,0,0,19.80233515,48.66350584,0,0,0,0,48.66348439
17031222800,20.1700001,0,0,20.17,62.0177002,0,0,0,23.25,46.51
17031222900,19.1700001,0,2.43,16.74,65.2359009,0,17.79,17.79,0,35.58
17031230100,25.8999996,0,0,25.9,86.6218033,0,0,0,35.43,62.99
17031230200,16.9799995,0,0,16.98,30.7999992,0,0,0,0,30.8
17031230300,15.8225002,0,0,15.82249126,37.1258011,0,0,0,0,37.12584549
17031230400,17.54102162,0,1.42723249,16.11378903,45.15851028,0,7.737887647,0,30.95789855,19.34845666
17031230500,17.02151742,0,1.167483668,15.85403219,44.24063079,0,0,15.02446129,17.52993029,17.52366872
17031230600,19.16817677,0,0.073108098,19.09506899,71.08123938,0,0,5.073017126,49.49363801,32.99593167
17031230700,23.24255938,0,5.796497762,17.44606152,65.39569253,0,7.965461078,21.90587501,28.87446241,18.91759932
17031230800,18.3104992,0,0,18.31052822,54.5894012,0,0,0,53.52154398,18.89054495
17031230900,22.8928975,0,0,22.89289708,65.43935655,0,0,0,17.06703787,54.0556664
17031231100,26.3199997,0,6.35,19.97,118.7099991,0,29.37,36.71,0,62.41
17031231200,25.43464418,0,6.123461313,19.31119539,85.11925126,0,0,45.35387917,4.928441592,36.47809913
17031231500,22.84437488,0,2.147574065,20.69678556,62.32666617,0,3.881143753,9.701293877,18.76093576,37.52311449
17031240200,27.5100002,0,0,27.51,244.3739929,0,0,0,202.72,109.16
17031240300,20.8320007,0,2.180207381,18.65177416,119.1839981,0,23.31221746,15.5414783,15.5414783,77.72739343
17031240500,23.8309002,0,1.700064647,22.13084155,114.7139969,0,22.19084384,0,116.524431,22.19084384
17031240600,19.0400009,0,0,19.04,58.2886009,0,0,0,15.89,47.69
17031240700,22.1499996,0,0,22.15,58.1786003,0,0,0,15.86,47.6
17031240800,28.24112246,0,0,28.24112229,85.86477339,0,0,0,46.82884259,54.62993022
17031240900,41.4230003,0,2.813320336,38.60967238,480.2590027,0,35.15600674,14.87490641,394.9250909,178.5198718
17031241000,20.87949559,0,0,20.87948672,59.57235707,0,0,0,6.159515274,55.4639677
17031241100,21.31672295,0,0,21.31673882,43.3896319,0,0,0,3.882611904,40.7999108
17031241200,24.65989944,0,0,24.65991781,115.7878834,0,0,0,61.17228606,74.98595912
17031241300,17.7914009,0,0,17.7913806,36.8479004,0,0,0,55.24428691,0
17031241400,24.67326935,0,3.748550964,20.92471855,160.1505607,0,22.51103739,22.51334129,127.5864571,37.52208023
17031241500,31.74782788,0,4.12666657,27.62115932,158.2506702,0,59.86407197,0,94.06557185,55.57935208
17031241600,24.17942642,1.384037117,0.585995545,22.20942859,143.25231,0,0,8.812256807,132.1930533,46.26731464
17031242000,20.54917762,0,6.035292747,14.51387051,74.0072689,0,39.6306002,19.81594147,29.73007685,7.927769416
17031242100,32.08445404,0,3.500907698,28.58354686,178.3832678,0,35.53925249,31.58347953,110.5568442,49.35386828
17031242200,24.95640918,0,7.040320073,17.91607648,84.48215992,0,23.75887652,39.59717203,13.8571382,19.79512864
17031242300,23.10235103,0,4.399648053,18.70271294,56.52110296,0,7.88011889,19.7160045,0,31.54906199
17031242400,32.42011352,0,3.734999879,28.68511264,305.3686037,0,55.26633444,43.42028589,201.3348614,90.79519063
17031242500,21.65857487,0,3.98199142,17.67658405,48.06471355,0,8.357582303,8.352648872,10.44831093,27.1685421
17031242600,25.49991018,0,2.593824336,22.90608762,66.68874308,0,2.721394652,10.88569774,21.77285227,39.46536016
17031242700,23.8500004,0,2.35,21.5,68.8423004,0,7.37,29.5,29.5,14.75
17031242800,19.9500008,0,3.53,16.42,90.8496017,0,32.4,8.83,66.28,16.2
17031242900,25.20042637,0,1.898821732,23.30160489,113.3166502,0,7.994779294,15.99449059,23.99420189,75.98532133
17031243000,26.06372925,0,2.953652866,23.11007601,123.0299176,0,7.979703424,35.90830337,11.96353364,73.81962502
17031243100,26.03742179,0,4.792453534,21.24496825,122.5757117,0,3.993866885,35.96895579,47.95949553,51.95373501
17031243200,31.33094831,0,0.949929627,30.38101903,185.9670863,0,7.9967932,11.9951898,63.98055429,125.9631949
17031243300,20.89760614,0,0,20.89760656,66.65045178,0,0,0,31.66522961,45.52975341
17031243400,33.93254918,3.140242054,6.55754105,24.23476959,140.3394777,7.865702453,23.59999074,27.53947579,68.8434289,51.13990006
17031243500,39.58947682,15.36215418,5.363594042,18.86372782,158.6361362,21.67291096,28.56739651,38.41713075,68.96256107,55.16605434
17031250200,20.37016487,0,2.182284741,18.18783919,72.63824259,0,10.37079727,7.779746205,36.31208028,33.72102921
17031250300,19.23669439,0,1.615321977,17.62137199,57.27584547,0,4.189525043,4.189525043,31.42656121,29.33038719
17031250400,15.46315526,0,1.960106794,13.50306566,58.01579942,0,5.931040704,7.908072594,41.03325593,18.7825591
17031250500,18.78654866,0,1.280978184,17.50557609,58.21134092,0,4.39738785,7.534359544,16.95902894,36.43224892
17031250600,26.51230364,0,5.076990001,21.43532515,98.97250156,0,19.99283218,31.98534997,27.98856206,34.98337462
17031250700,22.80569036,0,2.666770642,20.13890955,62.87098155,0,11.72390149,5.861416405,34.19937359,26.37875168
17031250800,23.35726631,0,3.347459726,20.0098067,167.7702817,0,13.53608831,25.94777723,122.9775146,50.76788762
17031251000,16.2301006,0,1.84000658,14.39005146,63.7807999,0,5.540019813,8.310029719,36.05012892,27.73009917
17031251100,20.12973953,0,3.770679416,16.35907339,39.12173039,0,0,15.64761398,7.823958736,18.25552715
17031251200,21.85480003,0,4.648794837,17.20600551,56.04301895,0,3.909412692,29.32447127,6.840754204,19.54819822
17031251300,22.12809805,0,4.549600513,17.57849762,49.53725132,0,17.8298578,15.84861588,2.972157389,19.81370339
17031251400,21.61547814,0,4.272186744,17.3432926,67.22418106,0,19.02634937,21.87467634,4.754728756,29.48751841
17031251500,22.35426434,0,5.03067082,17.32358883,50.59304747,0,5.688735152,22.76661952,10.43378311,17.07268564
17031251600,21.71020792,0,0.621141401,21.08906799,44.44543412,0,8.078177689,2.69161274,20.19896265,22.89294336
17031251700,22.6100006,0,0,22.61,81.6141968,0,0,0,42.57,53.22
17031251800,21.49739126,0,4.166992716,17.33039824,80.90611745,0,1.297561044,22.70966787,42.1767589,29.19896213
17031251900,23.03953865,0,4.808156097,18.23139279,80.35576215,0,12.25632425,32.67941074,37.79033025,14.29536981
17031252000,21.2315087,0,3.711447695,17.52005266,63.44514638,0,6.103650641,18.31912393,14.2484124,31.55121078
17031252101,23,4.05,1.23,17.72,177.2649994,5.33,21.32,6.09,164.52,47.22
17031252102,18.49473709,0,1.240852608,17.25387157,46.17262201,0,7.747999543,3.873170955,7.747724918,31.96378598
17031252201,19.71566607,0,3.430086321,16.28556884,53.56029102,0,0,26.77994691,0,26.78033902
17031252202,19.05033962,0,1.025157479,18.0251973,60.26875814,0,4.062360679,6.091387064,34.53050261,28.43587194
17031260100,17.5104008,0,7.15016706,10.36024206,77.1810989,0,47.89111895,31.93074605,19.95046613,0
17031260200,21.1700001,0,4.33,16.84,60.4757996,0,3.94,11.83,33.52,23.66
17031260300,21.4500008,0,3.79,17.66,70.7950974,0,3.93,15.73,31.46,31.46
17031260400,23.7707005,0,3.760108471,20.01057726,110.4789963,0,0,23.67068285,47.3413657,55.23159331
17031260500,21.4400005,0.78,2.92,17.74,70.3378983,0,23.01,15.34,30.69,19.18
17031260600,26.63431168,4.230584331,5.384380057,17.01934645,73.77810311,8.119303261,2.026773446,32.48942252,8.119303261,34.52127449
17031260700,25.80582459,3.733489073,3.733489073,18.3388244,48.52655443,0,3.933944863,7.867889725,3.933944863,35.41076303
17031260800,27.30667678,5.7328785,7.194335262,14.37946392,68.88833334,11.80983091,7.873220605,33.45934071,3.932700962,27.55442525
17031260900,22.71562835,0,2.535107728,20.18053,66.22060824,0,14.1841049,0,51.06899623,22.69682286
17031261000,25.09419153,4.043371639,0.69559172,20.35522828,70.07664326,0,7.784435119,2.590723321,54.49260324,25.9471082
17031270500,40.1899986,3.35,10.74,26.1,307.6749878,5.76,61.05,56.45,194.7,80.64
17031271200,23.7103004,6.220077114,3.790046988,13.70016985,59.550499,11.77014592,3.920048599,33.37041371,35.33043801,0
17031271300,26.0709991,6.090238123,3.420133724,16.56064751,105.4810028,9.880386314,19.77077302,19.77077302,49.43193274,39.55154643
17031271400,25.1800003,3.72,7.2,14.26,100.5839996,0,23.66,21.69,47.32,31.55
17031271500,23.1800003,0,0.76,22.42,90.1453018,0,0,0,15.9,79.54
17031271800,21.2299995,0,2.55,18.68,75.4400024,0,0,18.86,0,56.58
17031280100,38.24542971,11.39710478,10.23727472,16.6110672,133.4926599,50.28207022,30.91468065,34.39651429,91.57090505,17.39809723
17031280400,24.3404007,0,5.370096663,18.97034147,161.6109924,0,41.25074252,33.52060338,61.88111388,59.30106744
17031280800,20.6429005,0.002938074,3.56,17.08,79.1267014,5.45,16.36,10.91,73.65,8.18
17031280900,23.2619991,0,5.350463659,17.91155217,153.7879944,0,0,56.25487491,45.00389993,67.51585076
17031281900,38.80996245,12.79916517,14.55370569,11.45709498,145.5004833,45.58126697,28.78010329,50.28905552,86.20446607,18.51683096
17031282700,27.87963065,6.019503867,5.166050036,16.69408838,86.96968071,8.840161439,25.05168181,14.73802932,36.83965104,30.95013219
17031282800,26.0716991,0,8.020514359,18.05115763,118.1480026,0,39.37252498,31.50202024,31.50202024,39.37252498
17031283100,20.29111382,0,6.857687749,13.43346344,84.31820195,0,0,15.23420073,12.19020592,60.95334624
17031283200,29.7800007,0,2.6,27.18,236.0910034,0,5.48,10.97,266.2,43.91
17031283800,16.69371067,0,4.574087605,12.11961246,87.25179947,0,20.66131641,27.54628917,48.20796324,13.76958787
17031290900,20.35690176,0,3.339850723,17.01705297,76.02997744,0,11.69429991,9.09339429,40.93345353,31.83377272
17031291200,23.7715073,0,3.710288343,20.06118952,78.03062451,0,7.865610039,13.76558324,11.80300911,51.14606416
17031291600,15.9928999,0,2.560470276,13.43246711,70.5497971,0,0,11.75215849,70.53295463,11.75215849
17031292200,24.22718001,0,0,24.227181,62.35906994,0,0,0,8.13032496,56.93614129
17031292400,24.12361015,0,1.539508594,22.58410129,83.55110248,0,11.7495829,3.912084609,25.44978529,54.82707482
17031292500,16.12695229,0,2.430489024,13.69645935,48.76018653,0,5.271135101,7.244256394,24.37896196,21.7393421
17031300500,24.20131223,0,4.187326548,20.01398539,73.25879612,0,14.32815964,23.8857406,9.555887405,33.4423926
17031300600,22.09644862,0,3.167783243,18.92866547,71.0223557,0,0,37.48414285,0,33.53821125
17031300700,24.62928323,0,3.397036802,21.23224505,74.75211685,0,11.80124582,25.57343189,0,41.30724145
17031300800,23.06892403,0,3.004135118,20.06477595,56.96069033,0,0,23.84359235,7.945373034,27.81753775
17031300900,23.09367119,0,5.593562314,17.50010879,82.42728174,0,7.911653091,39.56304461,0,37.58714969
17031301100,26.9683706,0,7.38493104,19.58344736,87.49189495,0,0,36.62152924,30.51400989,30.5175251
17031301200,18.90413228,0,1.735926918,17.16821325,65.7955227,0,5.369698163,10.73856967,30.87858213,30.87922364
17031301600,21.58980147,0,0,21.5898068,39.94772678,0,0,0,3.927569199,37.32805516
17031301701,21.53918622,0,0.605012306,20.93417845,39.14763124,0,0,0,0,39.14762891
17031301702,19.255837,0,1.318725125,17.93708755,35.86148272,0,0,11.73696685,3.910307618,21.51634799
17031301801,16.38493119,0,2.088040335,14.29693114,57.17131143,0,11.1853115,3.725549145,13.04141237,37.286454
17031301802,24.25515195,0,4.029421698,20.22572181,95.09907299,0,30.02690179,18.76525192,22.51979751,41.28533723
17031301803,25.75091083,0,1.565205634,24.18572307,67.01781605,0,0,3.686319199,14.75843046,53.48772511
17031310200,49.52640942,18.90804687,13.7824261,16.83592315,179.8678028,34.34454716,103.0362969,50.50395481,78.79747828,8.080583101
17031310300,29.0699997,0,4.87,24.2,191.3049927,0,61.04,12.2,85.46,81.39
17031310400,27.6790009,0,1.650536585,26.02846178,194.298996,0,62.43029592,0,104.0638309,83.24706339
17031310500,32.9700012,0,4.61,28.36,319.9729919,0,55.51,31.72,293.43,55.51
17031310600,27.60070196,0,3.439352311,24.16134186,186.0274581,0,35.76676446,28.61274473,50.0768087,100.1568024
17031310700,15.7013998,0,1.860163414,13.84121594,10.7930002,0,0,0,16.18142153,0
17031310800,28.87690687,0,0.554705632,28.32220751,230.911103,0,0,15.56160614,54.47900976,179.0120667
17031310900,23.60782322,0,1.476494637,22.13135835,155.8174333,0,0,5.341058862,85.46546471,93.4709221
17031320100,62.09605772,7.792352695,11.90879252,42.3949407,725.2251815,20.69540702,59.92600006,42.06360643,695.219128,179.4786044
17031320400,50.7563019,3.795874429,6.724120417,40.23626894,693.9400024,1.590652142,16.82837663,23.24521198,596.7114602,261.4634458
17031320600,36.70625856,3.407074858,1.276887424,32.02225299,345.6031477,0,1.117226788,7.824705057,317.0831933,125.5391414
17031330100,34.10479119,4.211177332,0.799371945,29.09420513,252.4687145,5.494270426,0.997961295,2.205301914,237.9115455,90.91097433
17031330200,22.15991074,0,6.54476652,15.61511922,121.5715359,0,10.19598316,20.56141161,88.08807185,35.45431268
17031340300,42.1223984,5.95034188,0,36.17207829,204.0709991,12.11069583,0,0,187.8507931,78.77452604
17031340400,59.0499992,36.77,4.29,17.99,92.2104034,51.31,0,8.92,31.23,62.46
17031340500,51.6199989,16.47,6.93,28.22,274.651001,26.76,11.89,26.76,190.33,113.01
17031340600,40.8499985,15.23,6.08,19.54,159.0399933,21.93,26.04,13.7,142.55,32.89
17031350100,24.12978614,6.611862096,1.580382693,15.93756413,80.79193398,12.22758463,5.631248677,8.446873016,79.94175411,15.26784976
17031350400,9.96,0,0.36,9.6,60.0233002,0,0,0,89.99,0
17031351000,25.38990596,6.011563206,0.014620291,19.36373196,93.08101087,4.544490397,0,0,109.6299129,19.95792078
17031351100,16.66030716,0,0.118760636,16.5415458,47.37878777,0,0,0,59.82482127,7.475601311
17031351400,18.7800007,0,7.04,11.74,72.0139999,0,10,20,32,24
17031351500,22.14798919,0,1.742767464,20.40524566,204.6088953,0,0,30.67270736,260.7743991,0
17031360200,32.5299988,0,5.95,26.58,365.3420105,0,67.08,44.72,279.52,89.44
17031380100,22.5900002,0,3.87,18.72,150.9900055,0,2.96,47.36,68.09,56.24
17031380200,24.29669309,0,3.638847652,20.65782777,94.32608601,0,12.03796815,12.03246736,84.2725497,18.05431353
17031380500,22.6648006,0,1.370289561,21.29449981,203.0379944,0,13.52285756,0,270.6071829,13.52285756
17031380700,18.0499992,0,5.1,12.95,68.8572998,0,0,26.48,31.78,21.18
17031381200,22.29884669,0,2.49047,19.80834035,77.6242158,0,10.01407548,25.03891695,20.02788669,32.54734516
17031381400,17.8414993,0,5.600479317,12.24104765,64.0608978,0,0,20.44174951,16.35139943,32.71279972
17031381500,24.7299995,0,8.86,15.87,99.3145981,0,0,59.59,23.83,23.83
17031381700,10.4099998,0,0,10.41,43.8885994,0,0,0,65.8,0
17031381800,24.34713174,0,7.074440705,17.27268839,106.7807614,0,20.27007567,36.49200703,24.32639727,40.54303442
17031381900,33.38327659,0,2.626964012,30.75630293,181.3056674,0,60.01134744,15.00155686,48.74989848,93.76014741
17031390100,25.7679005,7.294785322,0.24490886,18.22821656,51.0680008,10.74100285,0,0,48.3694998,18.80550173
17031390200,17.41355622,0,0,17.41353514,61.1018626,0,0,0,34.09491235,38.36054919
17031390300,16.85166451,0,7.954096625,8.897552118,39.58041985,0,11.87131314,7.911515021,0,23.75070751
17031390400,24.33439864,0,11.71282994,12.62155973,119.7638304,0,21.82964165,39.68984076,83.34912406,9.919713868
17031390500,19.2800007,0,3.83,15.45,104.4449997,0,39.66,19.83,3.96,55.52
17031390600,23.28449609,0,3.914627249,19.36986816,148.9750447,0,7.973938963,23.92965771,155.5876079,15.94972563
17031390700,35.41932087,8.149403008,4.254719735,23.01518874,220.5512746,12.56789067,84.90380058,3.594523128,195.059808,30.220883
17031400300,27.2588997,0,6.563696347,20.69519718,224.378006,0,50.93470644,24.29941691,160.7524279,58.88301506
17031400400,25.46887269,0,11.01093304,14.45793231,101.0125305,0,25.74494812,45.55227783,3.956662143,35.64915762
17031400500,21.11698342,0,8.380552984,12.73643128,89.33775635,0,0,41.68790506,23.82007239,31.76189378
17031400800,19.30357902,0,7.109167137,12.1944343,49.86853982,0,7.871578612,15.74630505,7.872679451,23.62079671
17031410100,32.29495084,6.568951244,4.243858536,21.48216143,171.0303039,13.86026139,48.51091486,13.86026139,166.3457104,13.86026139
17031410200,9.7404499,0,0,9.740449345,19.8808994,0,0,0,0,19.88091714
17031410500,19.05381144,0,0.734443989,18.31935069,71.45740787,0,19.70448144,0,54.19333272,22.16760056
17031410600,22.75883234,0,0.301297672,22.45753442,91.44156032,0,0,5.127082048,41.01360177,58.95844314
17031410700,29.9099998,0,3.93,25.98,252.2720032,0,4.97,14.93,291.18,39.81
17031410800,28.36777761,0,3.204053231,25.16372383,156.4462345,0,28.51607376,10.36666255,62.21763156,85.55997472
17031410900,33.08689325,1.405991367,7.764751596,23.9161144,179.8501961,0,0,10.92984414,236.8673973,10.92984414
17031411000,34.11199767,0.505219749,4.006476214,29.60030218,234.7540347,3.271970675,9.985502379,10.08886633,255.8051456,47.38282076
17031411100,30.02720808,0,5.51619653,24.5110014,109.8567926,0,18.30450602,13.73111633,57.20252527,45.76264211
17031411200,19.05729108,0,5.947919923,13.10937116,49.33852249,0,3.214414346,25.74135405,12.86730272,12.87067702
17031420100,22.8213997,0.008418571,2.761949713,20.05103753,115.6689987,0,4.878248844,6.510310038,107.500822,34.20154612
17031420200,18.7600002,0,2.52,16.24,76.8199005,0,0,4.65,69.82,25.6
17031420300,19.9400005,0,2.11,17.83,132.977005,0,15.84,21.13,84.53,44.9
17031420400,20.2600002,0,0.72,19.54,73.9552994,0,5.28,0,10.56,63.39
17031420500,22.37360418,0,0.275712096,22.09789198,65.81242147,0,0,5.263594566,15.79126302,50.01603975
17031420600,19.76829911,0,0.424751323,19.34352899,38.98699183,0,0,0,26.57638095,21.26053595
17031420700,22.1779363,0,2.490843572,19.68708676,64.69149737,0,0,21.89443523,0,42.79706176
17031420800,22.37525701,0,1.649540067,20.72571734,68.92841199,0,22.35143847,7.44695347,22.35014137,31.66554015
17031421200,23.75348032,0,2.026587774,21.72687339,72.3493837,0,3.94580666,19.7290333,39.45433931,23.67245286
17031430101,24.02507372,0,6.111891745,17.9131816,56.32584043,0,11.7884616,17.68177581,1.963273972,29.471613
17031430102,12.17124535,0,1.543221075,10.62804986,30.46992649,0,9.893292076,2.281456833,18.1528295,9.481663336
17031430200,25.71201688,3.408388966,5.040778051,17.26284502,50.50447769,4.853815059,32.04395554,1.941822011,8.737666216,21.36132012
17031430300,20.88067429,0,2.650846766,18.22980981,57.5260521,0,7.913897464,9.496248803,23.7480596,26.91125362
17031430400,20.28374591,0,1.401449253,18.88230284,59.38423108,0,3.561794554,0,7.124826875,52.25633504
17031430500,28.68754946,3.86680152,4.721004625,20.09976187,68.4553846,5.755600256,15.35117747,13.42922934,21.10965865,30.70678168
17031430600,19.3542804,0,4.838830104,14.51543828,57.18110793,0,21.68803515,21.68415894,7.885757967,15.77122721
17031430700,23.82968295,0,9.654236657,14.17546541,67.16135223,0,24.81506137,31.72888573,12.35961332,10.63706066
17031430800,24.57575625,0,3.230896213,21.34486019,81.5760038,0,7.894335936,23.67932518,7.894335936,47.36563539
17031430900,23.1906615,3.86499847,0.429868423,18.89579405,47.46092539,5.768234416,0,0,30.77970771,26.93088579
17031431200,22.6114057,0,3.360365978,19.25103748,62.24021571,0,0,27.65942747,2.964161906,32.60371167
17031431301,26.21106991,0,9.354058522,16.85700606,70.50770166,0,43.25973038,22.42864635,0,19.22482723
17031431302,31.06898451,0,10.63663954,20.43234467,116.9470842,0,31.08023411,45.88556531,17.76016689,38.48500005
17031431400,15.90558767,0,2.273137575,13.63243291,111.8352025,0,0.585948442,12.67553637,98.20748054,33.26414661
17031440101,22.55778259,0,2.331321417,20.22645449,54.13900232,0,0,20.30104596,10.15130631,27.06704041
17031440102,17.13812007,0,1.272735224,15.86541463,53.30945758,0,0,12.37868564,16.50723994,29.92044022
17031440201,23.29574494,0,2.968565065,20.3271751,66.98933835,0,0,23.13940905,0,43.84992682
17031440202,18.83540971,0,3.116182419,15.71923367,60.19749491,0,19.87710043,8.278329653,25.67574862,21.53541125
17031440300,21.40502036,0.000405267,4.462574186,16.9420366,71.33904026,1.000880216,2.503753977,24.05476787,24.05681459,29.56828839
17031440600,21.10312982,0,3.045319345,18.05778037,72.49137387,0,7.725935186,13.52525085,38.6609081,28.02612371
17031440700,19.64280976,0,0.0446033,19.59817805,49.42401414,0,0,7.90528874,0,41.51874459
17031440800,14.67897856,0,0,14.67900388,21.65854848,0,0,0,25.5186562,4.637595357
17031440900,23.05238643,0,0.455247159,22.59713923,84.302376,0,5.231127074,0,55.80079919,43.59407494
17031450300,28.01541856,6.508413609,7.848949754,13.65805575,74.69363211,3.787329814,26.52454158,25.10619497,13.733399,22.73537289
17031460100,6.390615656,0,1.127150378,5.263465974,24.24341159,0,6.251747757,3.488737671,15.66854615,6.133838678
17031460200,20.43682313,0,5.035245901,15.40160917,105.0231087,0,21.57479672,29.12228415,64.72800165,18.33669154
17031460301,23.46892312,0,1.103983481,22.36494157,45.74487363,0,10.65935358,2.662768627,3.995794597,33.30708767
17031460302,22.59145829,0,1.653340006,20.93812037,47.919079,0,7.986639465,9.9839135,6.986505694,27.94805952
17031460400,20.50440926,0,3.307223056,17.19718756,84.04056691,0,3.966213928,15.87271572,65.50476744,21.83080201
17031460500,23.19249055,0,3.05533467,20.13715712,62.01545077,0,7.094712019,17.23264468,21.28907083,25.85080329
17031460600,21.9701996,0,4.870038897,17.10013658,81.1671982,0,44.72035718,19.8701587,24.8401984,14.90011901
17031460700,21.0116779,0,3.559634006,17.45205206,64.36341258,0,30.64408923,12.25555672,19.91781486,18.38306627
17031461000,21.7241001,0,3.319265848,18.40483289,88.3497009,0,9.252040023,18.51510751,27.77817499,45.13539906
17031470100,13.20149768,0,0.231220745,12.97027742,46.72303013,0,3.259354597,0,25.25854283,27.70160543
17031480100,25.64189708,2.055940163,5.647443891,17.93850326,108.2167638,1.937475209,13.5632467,22.28543484,31.00762297,56.20232205
17031480200,20.90708915,0,1.64285089,19.2642305,62.64316396,0,13.57814107,2.262367888,49.79967983,18.10780506
17031480300,19.29993661,0,0.741152409,18.55878457,53.9908565,0,6.225680234,0,9.344589512,43.60549149
17031480400,22.65986534,0,2.786579816,19.87328657,92.77460677,0,4.646651572,12.15904656,26.11066787,60.10042543
17031480500,24.15842856,5.35849286,3.864200945,14.93571907,70.06615722,1.909148501,14.3279093,18.15124857,19.10577726,29.61463466
17031490300,21.70018353,0.020357705,2.286564677,19.39323733,76.08059564,2.045949341,10.23221249,10.23036835,31.72376911,37.86561624
17031490400,26.0699997,0,5.43,20.64,85.3435974,0,21.78,16.34,49.02,21.78
17031490500,17.48178058,1.594988112,3.275011888,12.61178032,59.63505189,1.355337138,11.80357489,5.441629101,43.58441656,17.24975845
17031490600,31.0118008,12.48074387,5.450324845,13.08077963,56.8927994,13.34079513,9.530568032,17.16102282,8.580511408,27.65164807
17031490700,23.37117162,0,4.31203554,19.05912631,108.9096094,0,20.22443579,16.17994733,53.60341634,43.4862491
17031490800,27.35799992,4.027692541,5.232620679,18.09768176,91.5951378,1.197980346,23.39494484,27.59056836,31.19506397,27.59294243
17031490901,23.20128097,0,5.384720357,17.816554,101.6094591,0,21.4422077,32.16014619,34.4598582,32.16265183
17031490902,23.48202296,0,4.956291125,18.5257537,72.53163567,0,6.494491349,30.30940904,12.98780346,29.22751385
17031491000,19.26525473,0,1.499641558,17.76561734,58.97776748,0,6.081396563,5.066958485,23.82458932,33.96350456
17031491100,23.31874626,0,3.442023526,19.87672825,94.8049628,0,2.935431977,16.14991024,48.94507446,44.05079057
17031491200,23.68559648,0,3.772376156,19.91321742,71.10293315,0,11.95897017,15.94472603,7.972985187,41.86359827
17031491300,23.52889237,0,4.079702776,19.44918937,106.9194472,0,14.03234276,33.07496271,20.04419216,51.11545913
17031491400,26.96330569,0,4.838985654,22.12429559,192.0012476,0,31.2092088,17.16434609,146.6893385,56.1784753
17031500100,16.64150157,4.774490322,0.914107143,10.95288532,42.70777141,4.391474501,0.969013607,0.970746995,40.7544565,13.9074457
17031500200,9.577173013,2.557917951,1.088511021,5.930741617,21.32065483,2.530038737,12.03482344,1.261534467,11.39697237,4.430095944
17031500300,20.95346831,1.786629725,1.427017807,17.73982091,63.91148406,3.645779476,10.94733805,3.649186367,49.29813193,20.07860071
17031510100,11.60186042,1.07969325,0.990350396,9.53184937,31.26524202,0,0.571860617,2.988741253,7.840674559,22.66538277
17031510200,16.76967422,0,3.382242582,13.38745001,79.42504066,0,17.19546268,22.76032895,25.28889095,28.32762073
17031510300,14.2022516,1.986240454,3.814401811,8.401595818,49.9304365,3.940000929,12.91651506,9.631966995,24.52366155,15.32583959
17031520100,18.1737003,2.43341012,3.073781204,12.66654005,75.3638,1.588120289,7.428304577,6.365288577,71.36295362,16.44472944
17031520200,13.57327584,2.242817959,3.26998146,8.060477776,41.96170168,0,4.805277432,19.24052214,4.541880675,16.48663382
17031520300,22.86652827,0,4.139592987,18.72692639,83.01338291,0,0,30.45299551,8.794340443,46.69444709
17031520400,24.48315184,0,4.278572693,20.20456808,83.34927762,0,3.596142986,32.3805672,10.79101029,41.37246711
17031520500,22.29712477,0,2.463287955,19.83383944,73.14222475,0,0,18.48710817,13.56088151,45.61001923
17031520600,16.2199993,0,1.62,14.6,70.0299988,0,0,13.05,49.85,23.73
17031530100,17.84102517,0,1.615157497,16.22591126,78.37636837,0,11.95194396,1.991498903,42.83385733,39.84271932
17031530200,24.00910631,0,3.299590717,20.70950412,84.00796602,0,6.984420326,24.45389326,16.46506217,43.91326059
17031530300,19.21370203,0,2.792486967,16.42122231,58.90100487,0,10.8850433,8.90710784,21.77610243,28.20893166
17031530400,14.36365848,0.004491669,1.862199948,12.49696693,54.28445399,0.98367547,5.915667783,2.957973847,35.52891823,23.68295104
17031530501,22.13100142,0,1.60161359,20.52939557,64.0932156,0,3.995625217,4.49257683,10.48186692,49.94413252
17031530502,17.8495007,0,0.714919304,17.13462331,81.3942032,0,7.512512683,7.512512683,24.41273622,52.58758878
17031530503,22.93266997,0,2.942956568,19.98971696,102.2992877,0,1.184387642,19.08285,76.83443931,31.17773068
17031530600,20.66160023,0,1.647880804,19.013734,100.9092131,0,10.34794691,12.68310049,60.46180894,40.99592328
17031540101,8.132723158,0.130803771,0.342585485,7.659333839,36.79063618,0,2.462231025,0.867359709,43.23299807,5.444598662
17031540102,6.670483895,0.625592191,0.993393066,5.051497237,17.14036794,1.46169777,4.882075269,0.850817141,13.31790657,4.150181865
17031550100,9.744698836,0,0.271611658,9.473084905,42.51369167,0,0.823520615,0.621333015,33.82260511,18.7833629
17031550200,8.44480605,1.518735917,1.862985638,5.06308832,20.91881889,1.803498901,6.942616658,1.290925529,8.259466824,9.488146117
17031560100,19.8950996,5.105438232,4.5465271,10.24312134,49.1091003,2.826800537,7.556048584,15.11209717,3.772650146,26.4407959
17031560200,24.11943647,0.026997033,3.555872279,20.53657591,109.3888914,0,1.931764919,12.57731,102.5940828,27.09291715
17031560300,26.2900009,0,2.729520077,23.56047992,113.9807915,0,0,17.67878942,64.84348094,53.05121875
17031560400,21.5,0,4.63,16.87,52.2400017,0,0,17.41,0,34.83
17031560700,24.09375701,0,0,24.09376657,92.04988349,0,0,0,46.99427297,60.70469465
17031560800,22.81193661,0,0.189494877,22.62244128,83.97247512,0,0,1.958739127,36.26453462,57.8252825
17031560900,23.65490017,0,0.667297147,22.98760694,72.14778674,0,0.489633259,0,6.869291191,67.23939302
17031561000,22.55175673,0,0.365935768,22.18581948,69.05913784,0,5.84937123,1.94916807,7.798333884,58.0069403
17031561100,21.70771935,0,0.796189048,20.91153049,71.18524935,0,0.489674954,6.857318349,22.52990774,48.97387351
17031570100,20.4400005,1.45,0.25,18.74,65.1583023,1.27,2.54,1.69,72.24,13.59
17031570200,14.54,1.81,0.75,11.98,33.2929993,2.93,0,5.87,19.09,14.69
17031570300,22.59508707,0,1.828926708,20.76615566,99.98968117,0,21.13780895,5.28331662,47.56501186,48.88174259
17031570400,18.87572334,0,1.717392098,17.15831797,78.25142537,0,5.589101047,16.76730314,36.32255537,33.5289659
17031570500,22.09325139,0,0,22.09325179,94.77693256,0,0,0,36.68212204,70.30976609
17031580100,18.02904089,1.605447121,3.75754015,12.66604578,86.49899437,1.693589316,18.65347834,20.34622586,32.22156765,32.21905106
17031580200,18.78432074,4.994119887,1.148165189,12.64203626,42.58677293,6.206485542,3.547177005,8.871054073,23.06250122,15.96703653
17031580300,17.2000008,2.82,0.62,13.76,50.3978996,0,5.49,0,8.24,41.24
17031580400,31.59936319,0,0.889490984,30.70986433,135.1784037,0,9.837365372,0.983140435,157.4294786,22.6284848
17031580501,23.59385988,0,4.12856857,19.46529571,80.71000997,0,39.46892915,9.206150318,26.31245497,27.62766846
17031580502,24.07821636,0,2.094881697,21.98332814,87.30830363,0,15.71005222,10.47555498,17.02187774,55.00055607
17031580600,23.35534943,0,3.963803085,19.39153367,93.29780561,0,10.50780906,21.01674135,56.49637433,27.589104
17031580700,22.10344883,0,0.128197592,21.97527451,63.21938513,0,0,9.419736097,32.98083017,31.80143382
17031580800,24.1205006,0,0.770016155,23.3504899,110.7060013,0,14.13029646,14.13029646,56.52118584,49.4510375
17031590500,25.0436993,0,2.382641094,22.66110176,156.6809998,0,9.031146154,11.28893269,154.7572211,36.14539371
17031590600,27.84683526,0,5.464978385,22.38185316,132.0784644,0,18.59745671,20.45179711,53.94755401,63.23898028
17031590700,19.33986547,0,3.075022936,16.26484304,79.88647263,0,9.001001732,17.98468886,34.48012108,32.89989152
17031600400,23.77739113,0,4.371302335,19.40609552,108.1858638,0,39.57244237,15.83055384,27.6975308,47.48627946
17031600600,28.74903283,4.028926267,2.923405857,21.79668657,130.6366633,3.300873015,49.32512945,6.570584028,82.32915052,36.25267699
17031600700,25.22383035,4.324681571,4.23978296,16.65938905,119.6222805,0,66.340326,5.893058011,78.1419705,17.3593808
17031600900,21.78041803,0,1.764446152,20.0159838,114.9211182,0,16.89598398,0,64.20551088,60.8264676
17031610300,8.626226791,0,0.624085588,8.002140087,34.77804373,0,1.085677749,1.085677749,28.25290757,14.12353585
17031610400,22.3799992,0,1.22,21.16,103.1600037,0,0,23.8,0,79.36
17031610800,18.5499992,0,0.82,17.73,106.6350021,0,7.8,3.9,46.81,66.31
17031611000,17.0499992,0,1.65,15.4,80.4737015,0,4.53,13.6,56.66,26.06
17031611100,20.75444905,0,1.472745436,19.28170807,54.81504425,0,3.961249854,15.84804111,15.84752391,25.75457952
17031611200,25.41264241,0,1.728772877,23.68389399,85.78493077,0,15.83206607,7.912595544,11.87207818,59.39354216
17031611300,21.39495176,0,1.249731276,20.14521988,64.68286754,0,0,11.87817684,7.920228672,47.52189663
17031611400,23.98641547,0,1.04399469,22.9424208,118.4408968,0,0,7.936160596,103.1986527,41.67120531
17031611500,18.52762998,0,3.285733751,15.24188757,87.54742124,0,7.953932986,21.22169156,39.78939996,34.48098832
17031611600,20.18644236,0,2.75738006,17.42904358,95.89375434,0,20.54111641,20.54111641,36.98370761,36.98370761
17031611700,24.50907326,0,5.017995318,19.49107805,70.35225074,0,39.44509506,11.83147225,3.943938683,29.58031206
17031611800,22.6208635,0,1.862782396,20.75806251,63.19624703,0,0,27.6461653,0,35.55010917
17031611900,30.09584265,0,4.616775111,25.47906028,188.5323787,0,10.97302879,21.6866734,163.1192569,50.72630934
17031612000,19.65496589,0,1.821292305,17.83367407,45.68793626,0,3.968662496,11.9152045,7.943574853,25.82728089
17031612100,25.8999996,0,1.41,24.49,80.0239029,0,7.93,7.93,43.65,37.69
17031620100,19.69076957,0,0,19.69076836,63.39306268,0,0,0,27.82781355,44.83189278
17031620200,16.18885675,0,0,16.18885654,57.23251138,0,0,0,47.12148438,25.80249007
17031620300,23.17208118,0,0,23.17207641,106.6090271,0,0,0,56.12493583,69.17367188
17031620400,23.80262237,0,0,23.8026188,96.3597514,0,0,0,21.70155599,81.8846963
17031630100,13.3711004,0,1.220097151,12.15096753,49.2825012,0,0,10.19081145,35.68284126,15.29121757
17031630200,11.0100002,0,2.42,8.59,36.7440987,0,8.16,6.12,4.08,22.46
17031630300,13.03924768,0,0.164638696,12.87460896,28.68321049,0,0,1.30962599,20.36479116,13.79026371
17031630400,23.5765677,0,4.181200666,19.39536861,68.53051979,0,23.60499342,13.76823697,9.833534403,32.45878584
17031630500,24.68136634,0,3.887215234,20.79415243,68.57027587,0,0,23.62091092,9.840424545,38.38581482
17031630800,24.04500646,0,3.149986816,20.89502951,58.90122184,0,0,17.76773747,3.948039512,38.50015035
17031630900,23.42764111,0,0.134011814,23.29362671,123.6732543,0,0,1.960312346,70.65637858,74.58511386
17031640100,27.6105003,1.560026221,4.620077655,21.43036021,87.4120026,0,11.91020019,11.91020019,59.59100162,27.81046744
17031640300,22.64162753,0,1.907871127,20.73375657,83.11265948,0,6.841241431,6.841319639,45.94990546,41.05970581
17031640400,16.66013891,0,1.922770668,14.73736097,54.62822424,0,8.723008914,7.752587395,19.39211096,28.12289539
17031640500,19.90062678,0,0.539718615,19.36086373,62.59043762,0,1.952541312,7.820185759,9.777776828,46.94613173
17031640600,20.26668236,0,1.04740788,19.21928394,69.34953321,0,7.847492419,7.849773371,7.849390827,51.02992717
17031640700,21.95943205,0,0.004991976,21.95443999,75.55175873,0,0,3.941164672,54.18901563,35.46652178
17031640800,19.44243953,0,0,19.442455,36.9948878,0,0,0,7.924092037,31.70954207
17031650100,23.37617176,0,0.749470596,22.62670904,64.08256073,0,0,3.845464416,12.49073323,51.90577125
17031650200,23.1032944,0,1.856292611,21.24701404,76.23019353,0,1.305614466,16.98713129,9.144955664,52.27251797
17031650301,21.09643344,0,0.29082679,20.80561261,84.55135582,0,0,2.626601013,61.7618251,40.72967387
17031650302,21.49490517,0,0.633440061,20.86146503,65.22037395,0,0,7.823457471,15.64916939,46.95893838
17031650400,21.65665195,0,2.661790484,18.9948787,92.1293579,0,9.426642539,19.44187079,23.56959746,50.67907831
17031650500,9.688298966,0.149367612,1.053017133,8.485914201,38.61042397,0,3.588430431,5.190697935,36.34624612,6.783310684
17031660301,25.2800007,0,1.47,23.81,72.4793015,0,7.9,0,0,67.21
17031660302,25.3141487,0,3.436630173,21.87752121,68.89585066,0,2.632480479,18.43125622,0,48.70873238
17031660400,24.36372808,0,0.245130485,24.11858009,70.20015748,0,0,0,21.0566374,56.15539471
17031660500,22.48751839,0,1.001226556,21.48628597,54.33168482,0,1.963334107,6.870534919,11.77911202,38.29494521
17031660600,22.519564,0,1.218088119,21.30148924,47.51162773,0,3.92942331,0.982831245,3.931706423,41.28541681
17031660700,20.59239336,0,1.44533908,19.14707203,58.36732007,0,0,13.46497334,18.85518544,32.32591447
17031660800,25.03646553,0,3.938609754,21.09786036,74.4209227,0,15.80344777,18.76513171,3.951285759,42.47937598
17031660900,20.22693887,0,3.586491776,16.64044647,136.0547326,0,30.69195489,12.26983944,89.00913217,43.94414746
17031661000,20.75513288,0,1.197061705,19.55805309,72.5416231,0,6.943844647,6.365017786,21.98857597,46.87863931
17031661100,17.75517485,0,0.447155687,17.30801828,68.74467903,0,2.986134041,2.986824657,29.88426478,43.83325232
17031670100,23.84338572,0,4.530813628,19.31257179,85.17905607,0,11.88185876,25.75071006,0,51.5033157
17031670200,24.2099991,0,3.15,21.06,78.6512985,0,7.93,13.88,5.94,55.52
17031670300,26.92404986,0,3.741719799,23.18232986,109.1378708,0,17.85434788,15.87108652,23.81083738,65.47602264
17031670400,24.0699997,0,4.65,19.42,62.8065987,0,19.83,7.93,0,41.65
17031670500,27.0200005,0,5.22,21.8,119.9800034,0,16.64,20.8,63.45,45.76
17031670600,24.88953367,0,3.63844503,21.25110733,111.5435767,0,31.67946143,27.71805324,7.916580643,57.41511576
17031670700,24.50842174,0,0,24.50842824,66.71378159,0,0,0,7.925822374,61.42727802
17031670800,24.96353171,0,0,24.9635457,68.12588948,0,0,0,15.86679173,57.54272522
17031670900,20.97148357,0,2.239633773,18.73184943,59.54364834,0,0,3.968005323,35.71606642,31.75298847
17031671100,19.9799995,0,0,19.98,57.1202011,0,0,0,10.54,50.09
17031671200,24.78726492,0,0,24.78726537,74.02561549,0,0,0,15.85718432,63.44885241
17031671300,19.83418318,0,2.639035546,17.19513782,36.51058901,0,2.670716111,9.349218395,4.004643054,22.70888845
17031671400,28.08358087,0,4.197843932,23.88573651,82.73932173,0,13.06034017,23.50985896,40.49375543,23.50880162
17031671500,26.7593627,0,3.367540591,23.39182174,96.38297794,0,3.493572024,26.20121978,11.35241615,60.27942196
17031671600,22.67609636,0,2.940948156,19.73514868,59.35199381,0,12.71895628,19.07587703,0,31.79258168
17031671800,20.9899998,0,3.09,17.9,79.2026978,0,7.98,27.95,0,45.93
17031671900,18.2299995,0,1.93,16.3,49.5867004,0,12.06,0,8.04,36.18
17031672000,17.61689938,0,3.15986696,14.45703967,78.0736058,0,14.30910985,19.51487802,13.00867934,40.3377512
17031680500,24.64132407,0,6.030699078,18.61062434,83.86784658,0,15.84319893,17.82884751,0,55.47161719
17031680600,21.20075501,0,3.207007282,17.99377884,61.47500399,0,0,23.79503262,0,37.67996916
17031680900,22.50250086,2.027471945,4.358354195,16.11666491,83.36695233,2.506692586,15.66733293,13.15912689,36.97753022,35.09367648
17031681000,22.05328514,0,2.52828517,19.52499227,71.53725738,0,19.8707233,9.934113146,3.973064012,45.69927439
17031681100,23.87252607,0,4.312597975,19.55991278,74.4244715,0,0,35.72495569,0,38.69945288
17031681200,18.91789428,0,3.923596563,14.99429085,71.43485239,0,22.81187567,19.55117952,24.44103081,20.3659811
17031681300,21.76888551,0,4.610023523,17.15887994,144.256947,0,14.35643411,21.53839007,113.106444,37.70087113
17031681400,22.03123544,0,4.081127455,17.9500954,71.10541543,0,8.046372145,26.15898003,8.04967392,34.21039494
17031690300,37.93664348,15.13913138,5.687539158,17.1099731,72.91206236,30.34579716,15.16636359,18.96096725,20.22780549,30.343186
17031690400,23.59684925,1.380102848,5.772889883,16.44385452,58.28523868,0,9.933239211,17.87982001,5.961648806,29.80352718
17031690500,30.5200005,10.79,8.46,11.27,85.4794006,8.07,12.11,48.46,16.15,18.17
17031690900,23.9823575,1.761677598,3.106418039,19.11426821,47.40418403,3.949688687,1.973905388,11.84904877,0.986013581,33.58085916
17031691000,16.54679989,0.00250848,0.905171051,15.63913407,28.93954345,1.994241479,0,3.99085743,0,24.9486789
17031691100,31.093955,8.178504478,5.885230356,17.03021008,72.1840939,21.07935238,16.28518296,18.20265968,17.24166444,31.6190769
17031691200,26.48246313,5.401693541,3.537872831,17.54289659,69.41272468,14.04994341,10.85585724,11.48966489,37.68260275,25.54789556
17031691300,17.86027897,0.015021531,2.187710125,15.657559,38.99827851,1.997863613,0,14.00006682,0,24.99821387
17031691400,23.54602065,0,4.093621402,19.45239894,56.19931884,0,0,21.69045352,0,34.50886429
17031691500,20.76822672,1.329282562,2.313455925,17.12549047,94.22692085,0,1.924294757,19.288467,62.70415743,31.83106811
17031700100,17.18570948,0,2.846576431,14.3391343,60.31279065,0,11.75552171,5.036842079,56.00677725,10.07852565
17031700200,22.824465,0.728252165,4.486264831,17.60993787,108.2027839,3.586244989,19.13362427,8.767659215,70.17194012,39.86833038
17031700301,21.01157217,0,2.05097875,18.96058778,98.15424011,0,1.518619976,5.073148444,110.6405607,18.2707878
17031700302,24.01947178,0,1.098855561,22.92064127,134.7785573,0,9.810800495,5.883980862,65.74217662,78.50063883
17031700401,23.93946462,0,3.983498203,19.95595882,122.0104497,0,9.60741355,23.5793001,59.39504047,52.40652268
17031700402,19.99086937,0,1.806580921,18.18429547,87.53651836,0,6.760040632,14.64662776,38.31617706,42.82406546
17031700501,22.56811293,0,3.426179765,19.14194453,119.1390989,0,24.03101534,15.50042572,27.90755917,68.99564102
17031700502,14.56355287,0,3.515970958,11.04757871,87.58006042,0,35.69422964,1.873662463,53.36277664,26.30551558
17031710100,22.8512993,0,4.140243802,18.71110182,37.1008987,0,6.010353925,6.010353925,0,27.08159472
17031710200,20.21043216,0,1.842355641,18.36807273,57.33433163,0,6.98415508,8.730917529,6.981913102,39.28806256
17031710300,16.2903004,0,1.690030018,14.60025933,46.1199989,0,19.76035098,0,7.900140321,27.67049148
17031710400,22.28022339,0,1.814651732,20.46557391,70.18136927,0,2.581237469,7.745415412,38.7467937,34.87014914
17031710500,19.52332421,0,3.088041759,16.43529973,59.97816761,0,8.649710232,19.89239369,19.03140013,21.62244714
17031710600,20.80581046,0,0.225063625,20.58074653,39.64873358,0,0,0,0,39.64873408
17031710700,26.77203765,0,5.343856818,21.42818033,83.23641776,0,29.06504038,25.09817499,2.640226026,36.99072817
17031710800,23.85544153,0,4.704509606,19.15093874,68.47422517,0,3.171815348,33.31197951,3.170898742,30.93164238
17031710900,17.64627706,0,4.154407175,13.49186936,66.43776162,0,22.86766211,18.29085553,26.78550135,15.02826375
17031711000,23.85023554,0,2.740697949,21.10952786,77.83685851,0,3.957004209,16.81546236,17.80902021,46.50354977
17031711100,24.0451488,0,1.945864278,22.09930384,102.0032955,0,3.959403588,13.8584113,64.36170675,42.57483483
17031711200,24.53119008,0,3.208407811,21.32277764,87.53301714,0,9.396492725,18.21007062,25.8427094,45.81843304
17031711300,20.88767294,0,0.108471937,20.7791982,32.68280457,0,0,0,12.94778192,24.04663879
17031711400,22.08935806,0,2.437897742,19.65144853,68.41677499,0,5.19220349,11.25582575,10.38805291,46.7688871
17031711500,24.54522137,0,3.842920845,20.70230054,62.47736426,0,0,19.93637309,6.977963861,37.88672462
17031720100,18.1945249,0,2.976309479,15.2182269,84.05116775,0,7.876957212,9.186001932,31.51843016,48.58841763
17031720200,20.68208278,0,1.647823714,19.03426407,97.26330851,0,6.200287017,10.85875137,69.83573719,35.68843417
17031720300,22.23913701,0,2.736745955,19.50238204,102.4688345,0,13.34020456,14.36710297,22.57906997,64.14380725
17031720400,23.55325595,0,0.739498711,22.81375689,140.6022955,0,0,3.903748298,105.4249841,66.38021191
17031720500,12.49068456,0,0.000201599,12.49048582,53.23277553,0,0,2.48275627,32.30794043,29.20064651
17031720600,23.01384215,0,1.964447096,21.04939752,112.6675642,0,37.79808129,4.445843917,4.444200303,80.04616699
17031720700,18.38631087,0,2.465597758,15.92070017,72.37373062,0,12.33118583,14.79804528,55.50488864,12.3290129
17031730100,23.82049558,0,3.83739837,19.9831117,62.43412129,0,3.922184339,18.63050044,5.881950844,37.26426816
17031730201,24.397816,0,1.222611808,23.1751978,86.35147674,0,0.647454946,7.767089399,47.27404463,46.62075394
17031730202,23.81835946,0,5.23714108,18.58121222,83.75382441,0,19.21258725,15.51393784,17.73158989,43.59811929
17031730300,27.3299999,0,0.33,27,127.6320038,0,0,4.35,106.57,52.2
17031730400,24.27750963,2.298676508,6.173014317,15.80582662,90.51580701,2.53177523,27.35201237,19.75107086,27.85930185,33.93891839
17031730500,28.15972881,2.654969626,4.173350393,21.33141557,84.76073307,2.95447813,6.894001697,17.73780047,33.01475674,40.40380565
17031730600,26.69132287,2.758835142,7.557680995,16.3748083,79.70588712,0.64125559,20.56514029,21.21072279,10.28045299,37.92102949
17031730700,24.03921928,2.691265522,5.110204601,16.23774898,106.1739143,0,39.31196057,13.10448538,43.24818588,38.00160952
17031740100,23.48893375,0,3.052048553,20.4368916,112.8457134,0,29.05332277,14.52551188,33.41074233,56.65663417
17031740200,17.51486683,0,1.079323852,16.43553335,89.48068603,0,10.59224623,3.962800112,46.42523794,47.48706347
17031740300,21.36007772,0,1.403059546,19.95701809,108.1984077,0,6.860857264,7.842150332,56.86908352,57.84851387
17031740400,15.94886853,0,3.782754858,12.16610444,82.80860559,0,22.56532859,9.171510498,39.61005455,32.16611376
17031750100,24.90493237,3.689932215,2.348108265,18.86688195,103.4371278,4.024854499,8.055892739,10.07138596,71.51922904,40.28912463
17031750200,18.42223577,0,0.641936544,17.78031379,107.541396,0,7.901298034,3.949264624,103.7244486,29.13770042
17031750300,25.14904637,0,0.726172147,24.42288796,132.4332837,0,1.954070557,9.782898986,70.44453927,74.36042013
17031750400,24.73700922,0,2.158247557,22.57874414,137.9035041,0,11.70282545,14.30463674,89.75178253,55.92852795
17031750500,18.85275001,2.477310839,3.19599945,13.17943924,69.43640784,3.926027033,18.90676854,10.06588437,53.53842641,11.04957497
17031750600,22.63601299,0.799766001,4.234099066,17.60215322,72.63362668,0,7.868583852,18.68785488,22.13183088,33.93549692
17031760801,16.49416587,7.148224848,1.252669388,8.093279686,25.68431336,4.999568538,0,2.006299095,23.50604327,7.999481356
17031760802,6.16643,0.193336831,2.055475786,3.91761474,21.5105,0,10.27737893,2.218285749,7.845405103,7.204340873
17031760803,14.37480487,0,2.806980934,11.56783449,50.82587567,0,25.54614603,3.404791488,41.72221969,2.553103959
17031770602,11.77502823,2.242316367,2.612721941,6.919991573,32.58420027,1.954043694,14.68391969,2.416885741,25.82790819,3.145931447
17031770902,20.01266929,0,4.034697144,15.97797737,91.54517081,0,27.23318389,8.885745901,66.70058799,20.00568121
17031810400,23.89956658,2.468148201,2.419096554,19.01232167,116.7320512,3.625914948,27.91904858,6.140175428,65.88805393,48.02237516
17031821402,20.70915878,1.461650119,3.45319969,15.79430459,80.65260789,2.899086156,18.12768573,7.945455628,42.77114402,32.08757247
17031823304,22.22980458,0,2.509253019,19.72055217,147.8299706,0,18.19433248,6.549361632,131.4096433,41.49498014
17031830500,9.560380758,1.813801736,0.199793298,7.54678587,24.47224915,2.272889059,0.356237568,0.356237568,21.42476648,9.588069049
17031830600,20.33617409,0,6.001458212,14.33471649,92.38086516,0,35.24372655,14.6804183,66.57187849,9.789482679
17031830700,25.70701084,0,2.732440531,22.97457594,183.381634,0,26.82554672,4.469493635,181.0803473,40.23866812
17031830800,21.07576335,0,3.631554593,17.4442082,79.52406789,0,7.695184349,26.93563557,7.692046047,42.32505043
17031830900,24.10882456,8.05685929,3.207843225,12.8440925,70.4047403,11.79939994,6.715176609,17.36785158,48.99421496,15.87872135
17031831000,22.13684327,0,4.319355076,17.81747307,134.7419084,0,59.69719143,9.183173543,59.69867376,45.92149348
17031831100,24.50105226,6.696598929,2.627586205,15.1768667,60.55967692,6.892798435,20.18187223,10.8263192,28.54918905,17.22970935
17031831200,19.25767592,0,2.04439766,17.21327851,53.68035621,0,4.504410001,9.008820002,10.13443954,34.90735403
17031831300,14.0100002,0,0.53,13.48,50.2015991,0,0,6.74,44.95,13.48
17031831400,18.27287266,4.917103767,2.561769993,10.79399868,48.92344244,5.533736943,4.303492398,11.38220489,28.9182789,15.38231197
17031831500,24.57416661,0,3.022125578,21.5520433,132.4279606,0,24.06642179,16.04632935,84.25689437,44.12996176
17031831600,18.46342745,0,2.078401977,16.38502821,80.61125588,0,5.216022132,14.78441781,50.4468617,28.69986398
17031831700,22.8700008,0,2.27,20.6,115.5780029,0,31.62,9.73,63.25,42.57
17031831800,21.61495982,0,2.870601825,18.74433084,134.9530657,0,13.29481725,7.483630017,89.80151167,58.70396163
17031831900,23.40279627,0,2.569429451,20.8333866,82.52793808,0,19.96395883,15.96864551,19.96395883,39.92732122
17031832000,23.7600002,0,12.35,11.41,74.7003021,0,23.18,54.09,7.72,0
17031832100,24.2992653,0,4.757335489,19.54192977,121.5314306,0,40.81481757,17.49294393,75.8209401,26.24239579
17031832200,30.27237505,8.564435249,2.368726124,19.33921688,79.98476276,9.723812947,12.96834826,6.483370805,29.17683758,45.39055026
17031832300,30.7210999,10.52394749,5.514044344,14.68311237,110.0979996,12.950127,33.98751904,38.85038101,48.565602,16.18503302
17031832400,21.51079239,0,1.298872166,20.21191625,63.46716503,0,0,8.01304213,26.05281607,38.07691404
17031832500,20.98015984,0,4.042078312,16.93808254,73.57838244,0,24.22328301,13.7648691,38.65859821,17.871294
17031832600,24.76056842,0,5.096824319,19.66374003,187.9290977,0,50.25683165,24.15660196,129.9723382,43.55947139
17031832900,33.95887639,10.14691146,11.35951234,12.45244737,124.2693546,14.51376183,35.49165964,20.96888822,90.35941723,19.35807876
17031833000,29.9984539,0.406464691,9.174669363,20.41732046,166.2390009,0.488360266,14.79575407,70.03682968,51.78928803,51.7899371
17031833100,30.06606658,0.015928215,10.72578634,19.32437057,293.3419058,2.103317287,56.86847576,61.08350797,209.2402007,54.76404331
17031833300,33.1899986,2.71,7.92,22.56,293.6990051,0,65.04,35.23,241.21,54.2
17031833900,22.60786859,0,1.89364791,20.71424844,125.7318057,0,0,7.633274533,119.8218917,38.17755995
17031834000,21.4765081,4.086108018,3.243446595,14.14695483,75.75500912,3.927391425,11.78169842,9.165117165,55.66060174,21.60587464
17031834200,30.26515748,2.616970676,6.111855649,21.53632886,88.2868331,7.298490362,26.54633845,18.58262758,27.21192915,33.84745137
17031834300,22.04693443,1.956624963,2.404549806,17.68576594,70.99363652,0,21.01940457,7.795415549,37.64098513,24.07172302
17031834400,21.61097601,0,4.035267883,17.57570774,60.81681904,0,13.26501542,22.11180937,13.26574159,21.00899165
17031834500,20.2700005,0,6.39,13.88,67.4320984,0,19.53,26.5,16.74,16.74
17031834600,30.1310925,9.339221278,5.788281875,15.00359543,86.21198828,11.60191792,16.16095336,11.60189568,29.83816104,43.92881232
17031834700,23.4062127,0,3.27511051,20.1310912,80.35141039,0,7.867544133,10.81904804,1.96634678,62.97317407
17031834800,24.88008271,0,1.157268457,23.72280455,118.9788452,0,4.312202703,21.56560585,43.12621398,65.77166812
17031834900,26.09064758,0,3.775215149,22.31542788,165.050939,0,9.918347507,21.82124729,158.7250383,30.74481898
17031835000,21.64742171,0,0.885947866,20.76147259,55.88320988,0,1.286870788,5.155707622,16.76675649,38.68571442
17031835100,24.62756333,0,3.006751265,21.62081219,87.73239512,0,19.34992412,11.60520283,46.43618245,32.24788104
17031835200,21.7700005,0,3.49,18.28,91.0623016,0,2.62,7.86,64.19,38.64
17031835500,38.55628778,17.58078918,6.77071547,14.2048081,111.9033349,27.61218496,19.11590003,12.73832474,93.46370182,24.07432523
17031835600,33.74058506,16.75546871,1.609626819,15.37548698,47.05470059,16.93231696,5.645011183,9.878664516,31.04861206,12.70138022
17031835700,10.6120996,0,0.500100315,10.11202836,31.7787991,0,0,0,27.23546313,13.61273056
17031835800,26.3199997,0,4.05,22.27,115.3399963,0,9.1,18.21,0,91.06
17031835900,24.52016074,0,7.029828669,17.4903408,130.6839721,0,23.99953956,46.00150594,27.99917566,49.99928177
17031836000,20.35371972,0,0,20.35373349,93.05110612,0,0,0,66.57319474,48.6467315
17031836100,22.10105105,0,4.245835736,17.85523047,162.0804149,0,18.81006429,18.05521159,129.4298792,45.14929324
17031836200,31.5716,0,4.21020928,27.36136007,348.0929871,0,23.87118658,20.68102801,292.8245557,116.1757748
17031836300,19.69427426,0,4.793651878,14.90062941,61.24070873,0,14.12797224,14.12797224,28.26143534,18.83912661
17031836400,31.52198327,6.533247633,1.750342262,23.23840685,136.9773018,4.127353267,5.051288312,6.217283924,101.5242482,59.67398051
17031836500,22.35992388,6.664949555,0.122801434,15.57216298,61.89943554,5.561150647,5.561150647,0,51.67262622,23.7245033
17031836600,24.00424258,0,3.086535008,20.91770746,116.0680044,0,28.58619655,28.58060686,61.25828969,27.56083815
17031836700,15.50434219,0,1.466949615,14.03739232,56.24122507,0,3.158850704,4.737610344,24.25084153,33.22135802
17031836800,27.45058151,0,6.027012735,21.42355277,206.3419857,0,37.7746531,28.664522,181.9685647,31.1084918
17031836900,21.03071677,0,8.496195256,12.53451987,111.4024736,0,0,43.23991332,66.82519447,23.59055961
17031837000,25.21270681,2.996387914,6.337796627,15.87852233,94.69550433,0,17.25919438,18.83162763,28.24715522,45.51100157
17031837100,19.81393087,0,4.572750145,15.24118123,99.05168564,0,22.58619868,27.79806154,39.95854245,29.53631417
17031837300,23.95925996,0,2.580343254,21.37890711,87.26335513,0,0,28.10918484,7.028278386,54.46631376
17031837400,25.97577438,4.421055784,4.186292311,17.36844933,120.4436528,8.752027359,10.94174262,16.41444727,87.5825437,38.31336313
17031837800,21.50277843,0,5.97321599,15.52956234,99.17877385,0,15.4470027,23.17999049,52.15365351,30.90929622
17031838000,28.86776234,7.273563466,6.047222857,15.54697723,103.5440207,10.82984744,19.25868046,16.8513414,45.74131569,43.33774805
17031838100,38.32977809,4.625282618,6.95905934,26.74543774,227.1252659,9.450732025,21.26063927,29.13414658,148.0598588,85.05445709
17031838200,20.8705088,0,2.995729531,17.87477974,92.31029051,0,3.354419985,8.389371171,73.82863963,32.43984353
17031838300,24.71711168,0,3.40908226,21.30802967,218.2992009,0,29.75240076,37.19847507,185.9994296,37.19418426
17031838600,25.2993249,0,3.919549309,21.37979567,108.6967009,0,15.77550762,21.03149471,28.92577466,57.84960294
17031838700,23.25866938,0,4.955682637,18.30299622,55.74374983,0,6.883331685,16.72094349,8.852858919,28.52676949
17031838800,6.249193905,1.407107089,0.437690255,4.404395098,10.3901462,1.726904155,1.211063209,0.230253887,10.60030506,2.281703816
17031839000,27.45170986,0,5.141860798,22.30988038,151.8231376,0,18.25359511,20.84526166,114.8963827,42.1669777
17031839100,45.47696416,5.019699398,21.48719127,18.97005308,255.5333624,14.50717847,69.56420224,93.710758,106.5664448,44.34371776
17031839200,27.79359095,3.99668175,9.966002416,13.83090608,122.7207656,3.976101515,31.83254566,19.89080736,83.56257821,25.86161507
17031839500,31.25,8.06,6.54,16.65,73.9748993,4.93,14.79,14.79,0,49.32
17031839600,30.66298329,0,6.146494594,24.51649778,145.2759597,0,25.74374718,19.80474025,67.34000985,63.38417079
17031839700,20.56364347,0,3.084554037,17.47906269,100.1684004,0,25.95235167,10.48302678,68.82170995,26.47115214
17031839800,18.88420237,0,0.668517011,18.21568703,56.76105216,0,0,4.864462491,4.864462491,48.65199328
17031839900,18.36739515,0,1.692491026,16.6748847,75.5932727,0,14.40182939,4.477279501,43.89173993,32.23413935
17031840000,18.53465757,0,1.310826348,17.22383114,81.72372851,0,8.751608379,8.751608379,35.02216633,43.77509104
17031840100,30.69154575,0.677534003,1.490225146,28.52379317,186.4206956,0,0,30.84968345,94.47961687,92.55345138
17031840200,28.1746006,12.45369538,3.347876005,12.37302367,84.325798,7.855407856,26.70233633,18.84692847,54.98785499,10.99152062
17031840300,27.58500227,4.381692388,2.363563289,20.83974632,99.71953483,5.449614772,10.90175889,17.13285819,49.85510603,42.06197472
17031840400,19.51663918,3.383560744,1.088985597,15.04412699,66.87559625,3.368004143,4.036937991,6.616739709,28.03224461,38.86871432
17031840700,18.5049772,0,4.118692572,14.3862931,70.95405429,0,11.95657257,28.69670039,19.12841754,21.52369811
17031840800,20.26699386,0,0,20.26697849,36.11196215,0,0,0,3.940227216,33.48382307
17031841000,32.3069992,9.948451352,5.956316386,16.40219031,88.6977997,12.80544251,15.86650446,13.4176549,58.58107315,25.62363944
17031841100,35.00760541,11.97017828,1.576472249,21.46098944,164.3751287,9.170067824,5.79927962,4.695336562,153.9363911,53.13610138
17031841200,17.82222486,0,0.416211036,17.40602147,85.58671476,0,0,4.13965914,28.98587023,62.1135054
17031841300,15.53449884,1.924807154,1.135643587,12.47403732,52.40128972,1.974949017,2.833150318,5.753979994,28.38257129,25.82643585
17031841400,26.30861255,0,0.978526265,25.33008691,104.9245932,0,5.425191739,0,5.425191739,97.68739565
17031841500,26.22740194,0,4.328217577,21.89917485,81.87045287,0,20.96115277,19.46798945,11.97828375,40.43185816
17031841600,30.4400005,0,1.19,29.25,173.3540039,0,0,8.12,40.62,138.14
17031841700,18.1026993,0,4.630702618,13.47204412,66.3510971,0,29.12441906,14.56220953,33.97515506,9.701472008
17031841800,23.63518539,2.244548113,2.923750471,18.46685431,105.2329581,1.575857172,20.82239109,9.518867204,97.62413803,16.71055577
17031841900,33.41518853,8.855614027,3.970483206,20.58907406,251.9704748,14.95689021,16.5201927,16.26630666,230.620905,70.86152349
17031842000,17.90565907,0,8.236966633,9.668692533,54.87153173,0,19.74869579,15.36112053,13.16579719,17.55644387
17031842100,13.75474195,0,1.252454762,12.50228682,40.61991329,0,3.177162833,6.994903883,29.59004518,11.76927519
17031842200,20.8304996,0,2.762545185,18.06793665,153.5820007,0,11.05018074,12.88816443,136.3561113,42.37387856
17031842300,27.20325924,9.181006414,4.024030965,13.998195,92.63065583,10.09262228,28.10773251,17.7647766,55.07428832,19.3836226
17031842400,23.54284767,6.550373531,4.951179467,12.04129763,57.88798669,12.49496999,17.75675018,10.52122647,29.59798292,15.78111564
17031842500,28.4099998,9.45,3.23,15.73,71.6622009,5.41,25.28,6.62,61.41,7.22
17031842600,13.15527863,0,1.539530968,11.61574586,47.74703004,0,9.148048923,4.397190504,25.51210896,20.23154012
17031842800,16.76758318,0,4.031799915,12.73578127,62.90228113,0,27.31942641,15.36696561,11.94823765,21.34376307
17031842900,20.20017971,0,1.608150551,18.59202968,102.542011,0,2.338510638,4.394443526,85.03176334,39.87160802
17031843000,18.32766841,0,1.854547317,16.47310604,74.56412351,0,7.895474394,14.58537333,29.17233476,35.25452923
17031843100,35.41246037,0,2.999420974,32.41306208,312.1971528,0,7.45757385,13.84903064,253.5099347,124.2828961
17031843200,13.57531281,2.818808722,1.159086992,9.597428604,40.35993224,3.501827759,8.29975696,9.710228496,25.03532412,8.415194229
17031843300,24.2199993,0,0.86,23.36,102.3330002,0,4.43,12.19,44.33,57.62
17031843400,17.7000008,0,6.94,10.76,53.9338989,0,11.84,31.57,9.86,7.89
17031843500,12.4499998,2.468722019,1.798336298,8.18296221,32.0778008,2.702824969,4.735264218,8.810783758,23.04849954,4.735264218
17031843600,22.04110657,0,2.789085922,19.25201094,85.0969259,0,12.6053087,25.2075772,34.66029509,28.36316916
17031843700,14.62896054,0,2.123842687,12.50513318,68.72564585,0,3.333703871,8.889055069,70.28018699,10.73611775
17031843800,24.49847505,0,1.447211681,23.05126362,82.41741557,0,6.914944125,4.938292198,79.60082325,19.77311171
17031843900,21.80889149,0,4.101067038,17.70779301,106.9284848,0,17.33197877,18.83150862,67.40272126,31.57871489
17031980000,4.5019798,1.155642927,0.462257171,2.884082782,6.3063402,1.065201306,0.874268997,0.291422999,5.80836184,1.557605684
17031980100,6.1599998,0.21,1.05,4.9,18.2844009,0.65,1.31,0.43,21.86,2.4
