CTID,A_TRIP,P_TRIP,A_SHARE,P_SHARE,P_SHARE_PCT,A_TRIP_W,P_TRIP_W,A_SHARE_W,P_SHARE_W,P_SHARE_PCT_W,A_EMPTY,P_EMPTY,A_EMPTY_W,P_EMPTY_W
17031010100,170,165,63,60,0.363636364,196,188,67,67,0.356382979,350,356,352,363
17031010201,213,211,90,87,0.412322275,246,239,95,93,0.389121339,303,319,309,330
17031010202,167,190,66,76,0.4,168,209,59,76,0.363636364,180,153,133,132
17031010300,230,232,85,81,0.349137931,289,285,93,91,0.319298246,242,239,304,285
17031010400,395,326,110,87,0.266871166,518,391,123,92,0.235294118,318,287,324,405
17031010501,176,175,59,59,0.337142857,226,221,66,68,0.307692308,140,151,154,188
17031010502,186,192,60,61,0.317708333,272,273,74,80,0.293040293,648,625,754,730
17031010503,195,222,56,67,0.301801802,301,313,68,80,0.255591054,216,173,314,248
17031010600,319,324,106,104,0.320987654,439,436,125,127,0.291284404,363,372,446,436
17031010701,129,115,47,46,0.4,125,120,42,44,0.366666667,435,440,485,483
17031010702,208,212,75,78,0.367924528,259,249,85,87,0.34939759,145,163,178,205
17031020100,108,121,45,50,0.41322314,123,125,51,50,0.4,93,91,98,95
17031020200,137,141,58,57,0.404255319,134,140,54,53,0.378571429,161,131,173,165
17031020301,88,91,36,36,0.395604396,78,86,31,34,0.395348837,126,118,106,95
17031020302,102,111,44,45,0.405405405,104,111,42,44,0.396396396,88,86,98,111
17031020400,119,125,52,53,0.424,134,136,54,53,0.389705882,80,112,124,115
17031020500,179,197,84,85,0.431472081,215,216,93,89,0.412037037,181,193,198,226
17031020601,98,111,44,45,0.405405405,101,107,42,43,0.401869159,219,219,184,183
17031020602,108,123,47,49,0.398373984,142,148,57,55,0.371621622,111,96,121,101
17031020701,115,102,47,41,0.401960784,101,98,38,38,0.387755102,271,274,212,214
17031020702,145,166,62,66,0.397590361,158,167,60,62,0.371257485,92,105,122,128
17031020801,164,185,68,76,0.410810811,192,202,72,75,0.371287129,157,183,208,191
17031020802,189,220,80,91,0.413636364,226,247,95,101,0.408906883,121,174,180,172
17031020901,168,184,81,81,0.440217391,192,198,86,84,0.424242424,127,161,150,134
17031020902,158,175,68,73,0.417142857,184,189,75,76,0.402116402,424,418,417,424
17031030101,211,226,65,70,0.309734513,293,294,78,82,0.278911565,808,822,1029,1056
17031030102,161,167,49,55,0.329341317,205,205,55,60,0.292682927,143,119,160,171
17031030103,170,175,51,57,0.325714286,244,236,63,69,0.292372881,178,143,172,233
17031030104,134,143,40,46,0.321678322,205,173,49,48,0.277456647,123,120,133,158
17031030200,345,353,100,103,0.291784703,456,445,117,117,0.262921348,299,292,346,388
17031030300,140,149,45,56,0.375838926,188,188,50,62,0.329787234,114,126,142,166
17031030400,172,184,48,59,0.320652174,250,252,55,63,0.25,179,166,252,226
17031030500,404,397,112,110,0.277078086,546,517,126,122,0.235976789,324,373,377,473
17031030601,156,156,47,51,0.326923077,219,200,58,60,0.3,208,194,214,273
17031030603,163,166,50,53,0.319277108,221,217,58,63,0.290322581,120,134,195,185
17031030604,174,159,53,54,0.339622642,239,209,66,64,0.306220096,111,143,168,182
17031030701,135,132,40,45,0.340909091,165,169,43,51,0.301775148,140,126,123,159
17031030702,85,89,25,32,0.359550562,92,95,23,33,0.347368421,77,75,88,75
17031030703,217,247,61,73,0.295546559,291,329,68,84,0.255319149,1188,1176,1179,1173
17031030706,192,206,59,66,0.32038835,231,238,63,71,0.298319328,158,176,165,198
17031030800,353,341,85,90,0.263929619,523,480,104,106,0.220833333,328,307,459,449
17031030900,395,420,96,113,0.269047619,606,667,121,136,0.203898051,503,359,686,572
17031031000,397,406,101,107,0.263546798,570,636,118,132,0.20754717,404,359,571,518
17031031100,493,495,120,123,0.248484848,776,802,153,157,0.195760599,525,504,845,716
17031031200,464,435,126,123,0.282758621,697,700,156,162,0.231428571,550,512,801,757
17031031300,388,375,112,102,0.272,523,499,129,120,0.240480962,253,329,387,439
17031031400,689,681,218,201,0.295154185,896,886,236,222,0.250564334,444,579,633,789
17031031501,232,221,75,71,0.321266968,294,283,80,81,0.286219081,172,193,224,249
17031031502,279,293,91,92,0.313993174,399,386,108,107,0.277202073,237,252,280,328
17031031700,534,530,155,149,0.281132075,796,760,182,174,0.228947368,589,605,786,835
17031031800,204,204,58,61,0.299019608,262,275,59,67,0.243636364,171,160,270,237
17031031900,231,233,66,67,0.287553648,327,320,74,75,0.234375,219,204,279,308
17031032100,800,847,244,245,0.289256198,1175,1248,289,298,0.238782051,696,709,1061,1075
17031040100,261,235,73,71,0.30212766,355,337,80,79,0.234421365,352,390,419,406
17031040201,396,365,109,104,0.284931507,500,468,115,115,0.245726496,337,362,437,461
17031040202,216,234,76,84,0.358974359,307,337,88,101,0.299703264,159,175,318,269
17031040300,154,145,48,55,0.379310345,117,117,34,42,0.358974359,395,412,434,422
17031040401,169,157,43,48,0.305732484,218,206,45,50,0.242718447,134,158,208,197
17031040402,422,425,108,111,0.261176471,570,554,127,124,0.223826715,614,632,646,744
17031040600,357,329,91,93,0.282674772,510,523,105,116,0.221797323,378,338,541,476
17031040700,195,178,47,55,0.308988764,276,274,57,68,0.248175182,137,180,269,283
17031040800,100,96,28,34,0.354166667,115,113,27,37,0.327433628,88,82,100,97
17031040900,214,213,51,57,0.267605634,329,316,64,69,0.21835443,823,767,828,753
17031050100,295,278,69,79,0.284172662,427,413,78,82,0.198547215,281,270,407,415
17031050200,418,438,97,110,0.251141553,636,686,116,135,0.196793003,518,412,653,613
17031050300,131,144,32,46,0.319444444,158,166,30,45,0.271084337,113,112,126,138
17031050500,299,322,73,84,0.260869565,422,413,86,88,0.213075061,223,256,361,381
17031050600,371,371,90,102,0.274932615,540,562,112,122,0.217081851,377,380,526,510
17031050700,133,130,31,42,0.323076923,199,200,38,49,0.245,155,153,226,229
17031050800,136,141,30,41,0.290780142,209,219,37,49,0.223744292,842,778,830,829
17031050900,108,123,29,40,0.325203252,138,148,28,42,0.283783784,83,95,110,125
17031051000,136,137,35,45,0.328467153,212,213,40,54,0.253521127,143,116,240,172
17031051100,150,162,34,48,0.296296296,212,230,36,52,0.226086957,131,156,234,222
17031051200,154,153,36,46,0.300653595,230,230,40,52,0.226086957,146,132,216,211
17031051300,222,233,54,65,0.278969957,316,304,55,64,0.210526316,188,207,252,288
17031051400,181,209,52,69,0.330143541,229,243,48,61,0.251028807,427,414,397,403
17031060100,261,249,76,77,0.309236948,375,354,89,85,0.240112994,208,227,298,297
17031060200,255,251,68,75,0.298804781,319,323,68,75,0.232198142,229,190,316,290
17031060300,273,285,65,77,0.270175439,429,451,81,98,0.2172949,279,260,394,403
17031060400,429,443,101,109,0.246049661,753,728,137,141,0.193681319,419,386,697,664
17031060500,178,174,45,54,0.310344828,279,282,56,67,0.237588652,203,145,282,218
17031060800,529,552,141,142,0.257246377,847,816,180,177,0.216911765,534,594,672,829
17031060900,806,832,212,214,0.257211538,1232,1289,257,272,0.211016292,1431,1437,1939,2040
17031061000,383,417,86,104,0.24940048,710,771,126,153,0.19844358,391,369,785,626
17031061100,478,464,90,102,0.219827586,1045,1072,152,185,0.172574627,676,473,1378,1006
17031061200,333,354,77,93,0.262711864,592,623,111,127,0.203852327,481,428,658,583
17031061500,290,281,60,72,0.256227758,557,524,90,101,0.192748092,1577,1547,1914,1964
17031061800,203,213,53,61,0.286384977,328,380,67,84,0.221052632,344,339,441,432
17031061901,498,499,129,127,0.254509018,748,727,157,157,0.215955983,383,449,575,650
17031061902,527,545,125,124,0.227522936,798,781,158,155,0.198463508,421,450,538,686
17031062000,745,667,161,152,0.227886057,1440,1336,241,243,0.181886228,775,727,1521,1382
17031062100,844,878,173,193,0.219817768,1792,2002,290,358,0.178821179,1148,857,2429,1853
17031062200,432,463,90,103,0.222462203,845,938,133,155,0.165245203,495,431,1010,789
17031062300,310,280,60,70,0.25,452,433,72,83,0.191685912,349,317,403,416
17031062400,235,258,52,70,0.271317829,368,418,68,87,0.208133971,268,213,354,390
17031062500,334,344,78,97,0.281976744,500,511,89,104,0.203522505,312,322,435,475
17031062600,247,273,61,81,0.296703297,348,377,65,81,0.214854111,192,195,316,317
17031062700,501,506,125,138,0.272727273,797,776,143,149,0.192010309,458,436,692,731
17031062800,571,595,124,140,0.235294118,992,1017,159,174,0.171091445,661,572,1005,963
17031062900,637,650,136,146,0.224615385,1217,1248,189,207,0.165865385,696,625,1257,1161
17031063000,1036,1016,210,229,0.225393701,1618,1759,253,297,0.168845935,1182,933,1807,1657
17031063100,509,528,132,141,0.267045455,833,869,167,181,0.208285386,535,477,786,743
17031063200,875,927,243,239,0.257820928,1344,1371,287,288,0.210065646,715,801,993,1209
17031063301,407,412,112,117,0.283980583,663,675,146,150,0.222222222,367,375,548,563
17031063302,730,708,187,173,0.244350282,1049,1021,211,204,0.199804114,1853,1946,2177,2245
17031063303,165,168,39,49,0.291666667,163,178,34,46,0.258426966,132,157,112,147
17031063400,636,666,165,185,0.277777778,1061,1059,207,228,0.21529745,656,612,880,935
17031070101,657,685,167,159,0.232116788,1067,1035,199,192,0.185507246,535,590,828,937
17031070102,624,666,163,172,0.258258258,914,941,182,191,0.202975558,637,712,923,894
17031070103,291,348,73,95,0.272988506,510,562,95,114,0.202846975,326,322,473,467
17031070200,927,917,217,225,0.245365322,1590,1580,268,281,0.177848101,846,827,1542,1591
17031070300,877,973,175,208,0.21377184,1523,1775,224,274,0.154366197,1172,916,1893,1579
17031070400,554,570,112,128,0.224561404,952,963,145,159,0.165109034,614,551,965,841
17031070500,411,434,92,104,0.239631336,636,629,103,110,0.174880763,1248,1286,1552,1618
17031070600,415,460,93,109,0.236956522,744,740,109,115,0.155405405,421,397,670,668
17031070700,445,501,124,147,0.293413174,705,723,146,151,0.208852006,366,392,579,633
17031071000,660,686,157,173,0.252186589,883,851,160,163,0.191539365,1272,1238,1610,1616
17031071100,881,944,180,203,0.215042373,1611,1682,231,253,0.150416171,1157,930,1745,1522
17031071200,671,643,143,150,0.233281493,1271,1384,176,214,0.154624277,790,619,1745,1345
17031071300,500,579,124,147,0.25388601,787,818,140,150,0.183374083,463,512,745,734
17031071400,1053,1081,221,226,0.20906568,1618,1543,262,243,0.157485418,1069,948,1355,1408
17031071500,1535,1680,315,342,0.203571429,2505,2605,380,411,0.157773512,1642,1400,2487,2359
17031071600,173,210,39,54,0.257142857,237,274,40,52,0.189781022,781,773,1247,1249
17031071700,156,190,34,52,0.273684211,230,257,39,53,0.206225681,180,144,211,213
17031071800,417,420,82,95,0.226190476,566,545,83,92,0.168807339,447,389,536,510
17031080100,834,958,187,191,0.199373695,1125,1107,197,169,0.15266486,680,756,873,1077
17031080201,529,594,140,139,0.234006734,714,679,146,125,0.184094256,358,407,447,577
17031080202,969,1081,204,218,0.201665125,1677,1814,245,258,0.142227122,980,931,2067,1852
17031080300,1643,1643,295,308,0.18746196,3536,3772,401,455,0.120625663,2059,1752,4687,3824
17031080400,591,610,179,174,0.285245902,825,790,192,168,0.212658228,455,520,609,741
17031081000,1397,1684,331,342,0.203087886,1889,1893,356,335,0.176967776,1472,1529,1964,2085
17031081100,1169,1271,231,241,0.189614477,1920,1932,275,284,0.14699793,1262,1053,2221,1903
17031081201,2759,2761,478,510,0.184715683,3454,3310,514,512,0.154682779,2731,2739,2843,3453
17031081202,841,862,138,131,0.151972158,1269,1222,169,162,0.132569558,939,842,1176,1249
17031081300,2233,2099,427,402,0.191519771,2848,2553,462,404,0.158245202,2468,2579,3068,3565
17031081401,3440,2937,669,655,0.223016684,2452,2310,453,429,0.185714286,2190,3032,2023,2442
17031081402,1220,1444,257,259,0.179362881,1934,2006,327,322,0.160518445,1358,1294,1859,1959
17031081403,3669,3596,711,685,0.190489433,4446,4350,713,687,0.157931034,5137,5067,5610,5965
17031081500,4581,4568,696,715,0.156523643,5742,5748,757,793,0.13796103,4839,4477,5140,5310
17031081600,2115,2367,329,363,0.153358682,3117,3356,383,443,0.132002384,3085,2427,4116,3556
17031081700,5517,5478,780,789,0.144030668,7472,7684,825,959,0.124804789,7579,6072,10409,8128
17031081800,5281,5686,919,953,0.167604643,6031,6271,713,756,0.120554935,5413,5388,7581,6685
17031081900,600,526,171,148,0.281368821,336,307,77,64,0.208469055,400,615,333,387
17031090100,37,75,8,31,0.413333333,54,76,8,29,0.381578947,101,46,107,57
17031090200,82,116,15,36,0.310344828,189,231,21,46,0.199134199,148,92,294,229
17031090300,36,74,8,30,0.405405405,47,76,7,29,0.381578947,117,63,138,106
17031100100,78,99,21,36,0.363636364,126,139,26,39,0.28057554,106,94,156,140
17031100200,83,102,22,37,0.362745098,141,150,27,40,0.266666667,151,101,189,206
17031100300,91,96,25,37,0.385416667,98,104,20,34,0.326923077,146,99,149,125
17031100400,64,83,17,32,0.385542169,71,81,14,30,0.37037037,111,86,93,92
17031100500,94,107,26,37,0.345794393,109,118,25,39,0.330508475,111,92,108,110
17031100600,76,93,20,34,0.365591398,126,130,23,39,0.3,119,83,187,150
17031100700,61,79,17,32,0.405063291,77,85,17,32,0.376470588,98,75,107,102
17031110100,124,120,39,44,0.366666667,126,125,31,40,0.32,97,108,166,153
17031110200,79,88,23,34,0.386363636,95,98,24,34,0.346938776,81,77,103,75
17031110300,79,86,24,33,0.38372093,101,95,25,32,0.336842105,127,119,161,134
17031110400,83,93,24,34,0.365591398,99,102,23,34,0.333333333,124,95,119,121
17031110501,84,94,25,37,0.393617021,100,101,24,36,0.356435644,146,148,159,160
17031110502,171,181,46,58,0.320441989,178,195,47,58,0.297435897,213,167,195,167
17031120100,65,84,16,32,0.380952381,88,96,16,32,0.333333333,107,94,122,119
17031120200,86,100,21,36,0.36,91,100,18,32,0.32,124,98,121,109
17031120300,86,104,23,38,0.365384615,105,108,20,34,0.314814815,124,80,114,117
17031120400,71,90,18,35,0.388888889,82,95,19,33,0.347368421,118,91,127,105
17031130100,156,138,60,55,0.398550725,130,129,48,49,0.379844961,157,154,131,104
17031130200,89,87,33,34,0.390804598,78,83,27,30,0.361445783,116,124,153,166
17031130300,120,133,51,56,0.421052632,118,121,45,47,0.388429752,143,131,86,100
17031140100,123,121,45,45,0.371900826,166,143,54,48,0.335664336,82,94,104,158
17031140200,175,176,66,66,0.375,222,211,71,71,0.336492891,131,160,182,187
17031140301,97,93,36,36,0.387096774,130,121,39,40,0.330578512,101,91,162,123
17031140302,112,111,41,41,0.369369369,132,116,41,41,0.353448276,155,179,127,152
17031140400,157,165,57,59,0.357575758,193,190,60,62,0.326315789,147,146,164,184
17031140500,108,109,41,42,0.385321101,120,116,40,40,0.344827586,75,75,106,96
17031140601,97,89,37,36,0.404494382,111,97,37,36,0.371134021,70,90,72,88
17031140602,144,151,54,54,0.357615894,185,176,58,58,0.329545455,369,375,438,426
17031140701,131,128,47,48,0.375,152,152,47,51,0.335526316,100,114,130,140
17031140702,177,182,65,65,0.357142857,239,226,76,72,0.318584071,212,207,233,266
17031140800,274,247,85,76,0.307692308,391,335,102,89,0.265671642,248,326,325,381
17031150200,210,222,71,73,0.328828829,307,287,80,77,0.268292683,201,202,314,292
17031150300,136,154,45,51,0.331168831,187,183,53,52,0.284153005,161,144,228,238
17031150401,85,96,28,35,0.364583333,116,115,32,37,0.32173913,92,64,104,100
17031150402,80,89,28,34,0.382022472,105,109,31,37,0.339449541,98,75,111,103
17031150501,68,78,25,32,0.41025641,81,82,26,31,0.37804878,92,80,83,82
17031150502,78,89,28,35,0.393258427,103,99,32,35,0.353535354,127,110,178,179
17031150600,82,94,30,35,0.372340426,106,104,33,37,0.355769231,87,74,105,84
17031150700,96,110,34,41,0.372727273,118,115,38,39,0.339130435,83,78,104,101
17031150800,119,135,45,49,0.362962963,147,145,45,49,0.337931034,101,107,127,140
17031151001,76,92,29,37,0.402173913,90,91,28,35,0.384615385,171,147,184,189
17031151002,111,128,43,50,0.390625,138,140,46,51,0.364285714,101,119,102,109
17031151100,95,112,36,43,0.383928571,114,120,36,44,0.366666667,112,95,127,133
17031151200,93,107,35,43,0.401869159,104,105,34,40,0.380952381,114,91,90,84
17031160100,144,118,41,41,0.347457627,165,177,38,47,0.265536723,169,158,251,211
17031160200,182,171,49,54,0.315789474,217,211,48,53,0.251184834,273,244,387,371
17031160300,172,155,52,52,0.335483871,230,211,60,63,0.298578199,135,123,179,228
17031160400,200,194,63,62,0.319587629,261,244,70,69,0.282786885,135,153,203,189
17031160501,144,145,48,50,0.344827586,192,172,57,56,0.325581395,118,115,147,167
17031160502,132,131,43,46,0.351145038,166,160,46,49,0.30625,114,94,155,140
17031160601,168,158,52,53,0.335443038,222,210,53,56,0.266666667,426,453,478,509
17031160602,173,169,54,53,0.313609467,250,234,63,59,0.252136752,128,149,208,211
17031160700,270,283,85,94,0.332155477,352,331,89,92,0.277945619,199,244,275,317
17031160800,233,244,79,87,0.356557377,295,292,86,91,0.311643836,197,209,246,259
17031160900,200,163,56,55,0.337423313,209,197,54,59,0.299492386,194,236,273,253
17031161000,165,175,45,53,0.302857143,199,204,47,55,0.269607843,167,143,165,203
17031161100,131,112,39,40,0.357142857,132,124,31,36,0.290322581,218,213,246,269
17031161200,105,96,32,38,0.395833333,107,100,30,36,0.36,102,114,102,123
17031161300,177,179,59,63,0.351955307,229,234,63,69,0.294871795,124,145,204,206
17031170100,111,107,46,47,0.439252336,55,80,17,31,0.3875,127,115,83,57
17031170200,46,81,18,33,0.407407407,60,86,18,32,0.372093023,91,59,103,67
17031170300,52,89,19,35,0.393258427,71,93,23,34,0.365591398,106,73,124,98
17031170400,44,80,16,32,0.4,54,81,17,30,0.37037037,115,77,123,91
17031170500,46,84,18,33,0.392857143,61,90,20,32,0.355555556,111,94,112,102
17031170600,40,75,15,31,0.413333333,46,73,14,28,0.383561644,81,53,55,50
17031170700,41,73,16,31,0.424657534,49,78,15,30,0.384615385,72,46,70,51
17031170800,42,76,16,31,0.407894737,50,79,16,29,0.367088608,92,57,93,69
17031170900,40,73,15,30,0.410958904,43,75,14,29,0.386666667,0,0,0,0
17031171000,58,96,22,36,0.375,79,103,24,38,0.368932039,108,68,99,96
17031171100,49,88,19,35,0.397727273,63,91,21,35,0.384615385,133,114,157,131
17031180100,86,94,39,37,0.393617021,102,103,41,40,0.388349515,134,137,163,168
17031190100,114,122,50,48,0.393442623,128,131,49,47,0.358778626,87,97,105,108
17031190200,110,123,51,49,0.398373984,126,125,51,48,0.384,93,91,107,95
17031190300,111,125,51,50,0.4,142,142,57,52,0.366197183,129,120,141,126
17031190401,95,91,42,37,0.406593407,94,91,37,35,0.384615385,101,111,92,108
17031190402,106,114,47,45,0.394736842,140,142,54,51,0.35915493,79,84,142,117
17031190601,80,90,38,37,0.411111111,89,89,35,36,0.404494382,163,142,188,169
17031190602,89,103,41,42,0.40776699,108,109,43,43,0.394495413,80,85,92,94
17031190701,75,83,34,34,0.409638554,83,83,34,33,0.397590361,208,210,230,217
17031190702,91,101,42,42,0.415841584,109,100,45,39,0.39,85,63,77,102
17031190800,125,137,58,56,0.408759124,144,141,57,54,0.382978723,109,118,106,126
17031190900,74,80,34,33,0.4125,84,81,35,32,0.395061728,66,69,58,71
17031191000,78,83,35,33,0.397590361,89,82,36,34,0.414634146,77,85,69,72
17031191100,124,145,57,61,0.420689655,139,142,58,56,0.394366197,177,191,212,229
17031191200,131,120,55,49,0.408333333,101,96,42,39,0.40625,121,146,112,142
17031191301,84,93,39,39,0.419354839,104,97,42,37,0.381443299,145,105,115,136
17031191302,88,99,41,41,0.414141414,110,108,45,43,0.398148148,85,91,84,90
17031200100,109,115,44,43,0.373913043,128,119,45,44,0.369747899,257,253,287,334
17031200200,146,152,62,60,0.394736842,163,149,64,55,0.369127517,142,138,148,188
17031200300,81,89,34,36,0.404494382,94,101,35,38,0.376237624,70,81,82,74
17031200401,87,91,37,38,0.417582418,94,91,37,35,0.384615385,120,110,89,110
17031200402,116,126,51,51,0.404761905,138,132,53,50,0.378787879,95,114,112,133
17031210100,414,422,127,124,0.293838863,602,594,140,141,0.237373737,543,514,726,697
17031210400,127,128,44,45,0.3515625,127,134,39,45,0.335820896,93,106,97,89
17031210501,204,219,70,73,0.333333333,258,287,73,85,0.296167247,159,166,239,225
17031210502,203,198,67,63,0.318181818,281,252,77,70,0.277777778,598,603,764,829
17031210601,203,213,59,65,0.305164319,231,272,63,76,0.279411765,184,190,237,228
17031210602,267,251,83,79,0.314741036,412,398,109,107,0.268844221,269,287,421,421
17031210700,347,342,109,100,0.292397661,540,507,136,121,0.238658777,296,288,512,478
17031210800,111,102,36,39,0.382352941,126,119,37,40,0.336134454,424,419,441,419
17031210900,400,387,138,135,0.348837209,504,496,111,112,0.225806452,285,348,498,437
17031220300,263,268,78,83,0.309701493,380,366,85,87,0.237704918,246,223,371,318
17031220400,397,390,98,94,0.241025641,691,813,134,159,0.195571956,526,421,1100,799
17031220500,489,469,107,104,0.221748401,891,938,156,170,0.181236674,680,490,1252,900
17031220601,163,141,51,44,0.312056738,258,208,64,54,0.259615385,114,140,198,221
17031220602,605,589,155,156,0.264855688,867,888,198,206,0.231981982,618,527,805,783
17031220701,172,183,56,61,0.333333333,227,214,64,63,0.294392523,139,149,170,201
17031220702,214,213,70,73,0.342723005,279,269,78,81,0.301115242,177,196,211,255
17031220901,122,133,42,51,0.383458647,149,143,47,49,0.342657343,91,106,114,147
17031220902,149,161,54,61,0.378881988,187,185,58,64,0.345945946,92,120,151,189
17031221000,183,192,60,64,0.333333333,303,300,76,78,0.26,166,169,265,292
17031221100,436,445,129,127,0.285393258,648,650,155,153,0.235384615,447,425,617,622
17031221200,255,251,71,74,0.294820717,372,363,83,87,0.239669421,219,227,295,319
17031221300,588,563,128,128,0.227353464,1145,1304,187,233,0.178680982,837,588,1725,1214
17031221400,524,524,143,147,0.280534351,806,877,180,202,0.230330673,570,509,926,834
17031221500,325,316,89,95,0.300632911,543,577,111,126,0.218370884,275,296,631,510
17031221600,329,360,91,104,0.288888889,510,529,110,117,0.221172023,272,275,532,464
17031222200,366,379,86,96,0.253298153,562,597,105,124,0.207705193,391,345,603,532
17031222500,161,151,44,46,0.304635762,214,207,46,55,0.265700483,612,596,696,685
17031222600,143,153,46,52,0.339869281,187,178,49,52,0.292134831,101,112,127,167
17031222700,187,189,54,62,0.328042328,273,287,60,71,0.24738676,210,177,296,222
17031222800,89,86,29,34,0.395348837,94,91,27,35,0.384615385,469,462,566,571
17031222900,94,88,31,35,0.397727273,90,90,25,34,0.377777778,90,104,105,102
17031230100,120,129,49,46,0.356589147,148,146,52,46,0.315068493,97,109,113,118
17031230200,113,117,49,45,0.384615385,138,128,50,45,0.3515625,97,96,98,134
17031230300,75,75,34,32,0.426666667,85,83,33,31,0.373493976,51,62,74,67
17031230400,87,91,38,36,0.395604396,102,98,40,37,0.37755102,95,79,81,75
17031230500,117,117,54,49,0.418803419,107,106,46,43,0.405660377,82,108,73,95
17031230600,157,172,77,76,0.441860465,162,164,74,68,0.414634146,127,131,129,165
17031230700,158,170,72,72,0.423529412,187,182,77,72,0.395604396,126,132,127,129
17031230800,75,79,33,31,0.392405063,83,79,34,32,0.405063291,343,319,289,287
17031230900,267,312,106,111,0.355769231,339,341,115,109,0.319648094,172,249,232,285
17031231100,75,76,33,32,0.421052632,80,78,33,31,0.397435897,101,97,100,95
17031231200,145,151,70,65,0.430463576,150,147,67,63,0.428571429,116,138,108,121
17031231500,188,190,92,90,0.473684211,177,178,85,84,0.471910112,153,166,201,176
17031240200,247,255,66,71,0.278431373,371,356,73,72,0.202247191,185,177,328,346
17031240300,523,470,113,114,0.242553191,1016,875,158,156,0.178285714,573,489,954,928
17031240500,581,572,131,135,0.236013986,929,927,156,170,0.183387271,611,513,872,892
17031240600,162,160,48,50,0.3125,224,212,51,54,0.254716981,130,140,146,182
17031240700,132,134,44,50,0.373134328,155,145,44,47,0.324137931,90,121,107,123
17031240800,118,124,36,42,0.338709677,149,155,39,47,0.303225806,113,101,129,117
17031240900,218,226,78,86,0.380530973,269,270,77,84,0.311111111,286,285,363,350
17031241000,188,208,65,75,0.360576923,256,250,73,76,0.304,165,154,181,249
17031241100,408,456,133,144,0.315789474,587,570,147,146,0.256140351,318,383,456,494
17031241200,288,290,93,99,0.34137931,347,336,86,88,0.261904762,178,222,285,282
17031241300,239,251,61,67,0.266932271,379,366,71,74,0.202185792,213,202,331,358
17031241400,1472,1572,332,357,0.227099237,2649,2924,443,517,0.176812585,2648,2231,4151,3454
17031241500,890,965,231,247,0.255958549,1611,1786,316,342,0.191489362,1015,913,1957,1619
17031241600,609,688,185,201,0.292151163,919,916,204,201,0.219432314,553,544,739,873
17031242000,719,808,205,217,0.268564356,1116,1176,227,241,0.204931973,618,708,1172,1083
17031242100,759,836,195,209,0.25,1139,1134,208,208,0.183421517,716,711,981,1034
17031242200,609,691,165,180,0.260492041,902,969,180,192,0.198142415,542,535,878,817
17031242300,484,554,138,152,0.274368231,772,839,153,169,0.201430274,643,682,1004,916
17031242400,489,517,151,156,0.301740812,668,700,154,165,0.235714286,389,400,679,606
17031242500,394,419,121,127,0.303102625,525,523,124,126,0.240917782,336,351,408,463
17031242600,513,567,165,183,0.322751323,686,692,172,176,0.25433526,794,793,1003,1064
17031242700,159,162,48,54,0.333333333,202,193,52,56,0.29015544,139,128,170,162
17031242800,235,259,65,84,0.324324324,215,225,49,62,0.275555556,157,227,184,204
17031242900,223,255,68,77,0.301960784,273,280,63,71,0.253571429,185,188,188,251
17031243000,289,335,82,97,0.289552239,400,435,80,89,0.204597701,561,529,766,698
17031243100,389,441,103,121,0.274376417,454,512,90,107,0.208984375,336,353,522,479
17031243200,391,466,101,126,0.270386266,499,525,92,102,0.194285714,342,324,470,430
17031243300,445,531,132,155,0.291902072,590,617,120,128,0.207455429,388,427,546,573
17031243400,513,603,149,171,0.28358209,678,729,139,146,0.200274348,539,556,732,728
17031243500,1281,1504,265,302,0.200797872,1585,1661,249,264,0.158940397,1221,1136,1366,1473
17031250200,78,82,40,34,0.414634146,86,85,44,34,0.4,82,66,69,77
17031250300,100,106,52,46,0.433962264,121,119,61,48,0.403361345,112,97,106,109
17031250400,109,116,56,49,0.422413793,116,110,60,45,0.409090909,163,152,185,177
17031250500,108,116,52,44,0.379310345,118,112,55,42,0.375,127,133,139,126
17031250600,90,96,47,41,0.427083333,96,100,49,42,0.42,130,128,128,123
17031250700,113,123,59,53,0.430894309,127,127,66,55,0.433070866,96,96,114,109
17031250800,94,107,49,46,0.429906542,106,109,55,46,0.422018349,77,84,72,88
17031251000,73,77,37,31,0.402597403,75,76,38,31,0.407894737,70,65,59,61
17031251100,95,101,50,44,0.435643564,99,98,52,41,0.418367347,181,181,218,223
17031251200,88,98,47,41,0.418367347,100,98,52,40,0.408163265,86,107,111,121
17031251300,96,110,51,48,0.436363636,110,111,56,49,0.441441441,122,128,138,121
17031251400,101,110,52,46,0.418181818,106,108,52,45,0.416666667,133,124,129,147
17031251500,97,103,50,45,0.436893204,101,107,53,46,0.429906542,106,99,124,119
17031251600,83,91,43,40,0.43956044,91,91,46,39,0.428571429,168,159,203,216
17031251700,71,78,37,32,0.41025641,76,80,37,31,0.3875,71,68,85,64
17031251800,137,147,73,68,0.462585034,133,141,70,62,0.439716312,131,124,127,127
17031251900,130,138,68,58,0.420289855,136,138,69,59,0.427536232,101,99,98,134
17031252000,123,132,62,55,0.416666667,129,131,65,55,0.419847328,135,131,144,164
17031252101,79,84,41,35,0.416666667,83,85,42,34,0.4,89,80,88,89
17031252102,132,146,71,67,0.45890411,137,140,72,63,0.45,107,110,115,104
17031252201,102,107,52,46,0.429906542,96,95,49,39,0.410526316,113,98,89,105
17031252202,115,129,62,59,0.457364341,121,122,64,55,0.450819672,114,97,81,96
17031260100,63,82,34,35,0.426829268,67,83,36,33,0.397590361,65,61,60,60
17031260200,57,79,31,33,0.417721519,60,78,33,30,0.384615385,74,63,78,52
17031260300,60,83,33,35,0.421686747,61,79,34,32,0.405063291,70,69,63,61
17031260400,56,79,31,34,0.430379747,57,78,31,32,0.41025641,90,61,89,68
17031260500,57,80,31,34,0.425,60,83,32,34,0.409638554,89,79,95,77
17031260600,60,84,33,37,0.44047619,66,81,36,33,0.407407407,93,60,82,61
17031260700,62,91,34,39,0.428571429,67,90,36,38,0.422222222,99,71,69,63
17031260800,74,98,41,44,0.448979592,76,95,42,41,0.431578947,79,80,74,53
17031260900,60,85,34,36,0.423529412,62,82,34,34,0.414634146,79,55,58,53
17031261000,66,89,37,39,0.438202247,69,88,38,37,0.420454545,177,161,188,169
17031270500,85,103,44,46,0.446601942,79,93,41,39,0.419354839,198,185,188,180
17031271200,71,83,36,35,0.421686747,71,80,37,31,0.3875,88,62,66,63
17031271300,74,82,37,33,0.402439024,68,77,34,30,0.38961039,75,77,54,56
17031271400,83,100,41,42,0.42,80,95,41,38,0.4,82,75,77,65
17031271500,66,77,34,31,0.402597403,68,78,34,31,0.397435897,79,67,71,64
17031271800,68,84,35,37,0.44047619,68,83,34,33,0.397590361,98,83,79,78
17031280100,4306,4372,860,844,0.193046661,3463,3544,560,555,0.156602709,3795,4124,3449,3376
17031280400,312,340,112,97,0.285294118,319,344,84,70,0.203488372,423,290,366,314
17031280800,153,93,67,40,0.430107527,132,85,57,35,0.411764706,66,130,73,94
17031280900,170,119,77,50,0.420168067,158,129,68,51,0.395348837,79,131,86,115
17031281900,5118,4047,1115,1059,0.261675315,3926,3242,724,747,0.230413325,2833,4460,2497,3355
17031282700,288,229,138,95,0.414847162,301,232,124,87,0.375,136,205,152,201
17031282800,222,171,102,72,0.421052632,237,175,101,71,0.405714286,87,164,142,209
17031283100,380,359,160,139,0.38718663,451,398,164,134,0.336683417,354,367,330,417
17031283200,267,220,116,84,0.381818182,304,245,117,87,0.355102041,262,324,332,350
17031283800,307,284,136,112,0.394366197,310,269,110,86,0.319702602,195,293,247,267
17031290900,121,134,68,62,0.462686567,123,125,69,57,0.456,121,132,131,161
17031291200,96,104,54,47,0.451923077,92,97,52,43,0.443298969,117,91,106,98
17031291600,98,107,45,38,0.355140187,128,130,48,37,0.284615385,239,234,279,271
17031292200,101,107,57,48,0.448598131,89,96,51,41,0.427083333,268,269,293,275
17031292400,100,100,54,43,0.43,85,91,48,37,0.406593407,79,73,80,78
17031292500,107,110,59,49,0.445454545,96,101,53,44,0.435643564,112,140,120,127
17031300500,66,85,35,36,0.423529412,70,81,34,34,0.419753086,75,64,48,73
17031300600,70,87,37,37,0.425287356,74,83,36,34,0.409638554,96,99,98,76
17031300700,78,100,42,45,0.45,84,100,41,42,0.42,84,70,79,87
17031300800,80,95,43,41,0.431578947,86,97,43,39,0.402061856,70,66,71,63
17031300900,95,118,52,53,0.449152542,107,111,52,46,0.414414414,87,81,106,96
17031301100,67,89,35,38,0.426966292,69,83,35,33,0.397590361,182,159,176,160
17031301200,111,144,62,64,0.444444444,109,130,56,57,0.438461538,91,87,90,91
17031301600,70,92,38,38,0.413043478,81,90,40,36,0.4,71,67,58,71
17031301701,67,84,35,34,0.404761905,70,86,34,34,0.395348837,253,241,257,244
17031301702,67,83,36,34,0.409638554,71,81,35,32,0.395061728,79,69,69,57
17031301801,68,87,37,37,0.425287356,71,83,34,33,0.397590361,156,140,152,153
17031301802,76,92,40,39,0.423913043,82,89,40,36,0.404494382,93,85,104,89
17031301803,67,81,35,34,0.419753086,73,84,35,34,0.404761905,93,69,87,74
17031310200,223,234,97,84,0.358974359,262,261,91,80,0.30651341,195,184,273,220
17031310300,279,275,116,105,0.381818182,339,311,111,94,0.302250804,230,299,315,356
17031310400,180,185,86,77,0.416216216,213,202,82,68,0.336633663,251,266,359,372
17031310500,168,174,78,68,0.390804598,196,182,75,62,0.340659341,127,129,163,175
17031310600,681,703,278,258,0.366998578,944,962,292,273,0.283783784,732,603,1054,947
17031310700,152,147,69,58,0.394557823,194,177,71,63,0.355932203,227,227,339,332
17031310800,298,319,142,133,0.4169279,382,383,153,142,0.37075718,205,222,284,312
17031310900,282,303,135,121,0.399339934,353,337,146,128,0.379821958,245,260,243,323
17031320100,7940,6340,1487,1218,0.192113565,6797,6191,1078,944,0.152479406,5809,7432,5437,6658
17031320400,3153,2663,665,559,0.209913631,3046,2737,526,439,0.160394593,3240,3352,2707,3153
17031320600,2045,1823,496,391,0.214481624,2338,2186,453,393,0.179780421,1536,1832,1842,2140
17031330100,3210,3416,781,769,0.225117096,5137,4442,920,811,0.182575416,2668,2847,3610,4650
17031330200,465,445,168,135,0.303370787,559,471,176,127,0.269639066,607,647,862,999
17031340300,74,83,37,35,0.421686747,81,82,36,33,0.402439024,303,298,476,487
17031340400,105,106,56,47,0.443396226,128,112,57,44,0.392857143,82,91,72,104
17031340500,104,127,49,52,0.409448819,123,143,48,52,0.363636364,122,93,174,132
17031340600,80,81,39,34,0.419753086,86,78,38,31,0.397435897,87,69,67,62
17031350100,250,290,165,171,0.589655172,242,230,133,111,0.482608696,117,160,133,181
17031350400,117,115,65,52,0.452173913,126,117,59,46,0.393162393,85,94,88,103
17031351000,330,391,197,204,0.52173913,326,351,175,163,0.464387464,191,248,216,253
17031351100,138,143,79,66,0.461538462,133,137,72,61,0.445255474,399,389,417,426
17031351400,136,129,71,56,0.434108527,112,107,57,44,0.411214953,77,102,93,78
17031351500,83,84,47,34,0.404761905,86,78,44,31,0.397435897,92,65,58,59
17031360200,90,100,52,45,0.45,91,94,50,39,0.414893617,75,79,85,79
17031380100,102,120,55,53,0.441666667,91,104,47,45,0.432692308,87,91,79,82
17031380200,84,102,45,43,0.421568627,87,92,44,36,0.391304348,124,129,116,105
17031380500,63,75,34,31,0.413333333,66,76,34,30,0.394736842,65,68,60,52
17031380700,84,98,45,41,0.418367347,84,90,44,37,0.411111111,88,83,75,67
17031381200,112,125,59,55,0.44,120,126,59,52,0.412698413,102,85,96,90
17031381400,105,127,57,58,0.456692913,105,118,55,50,0.423728814,96,78,86,80
17031381500,63,75,33,32,0.426666667,68,75,35,29,0.386666667,61,52,49,55
17031381700,64,74,34,30,0.405405405,65,74,33,29,0.391891892,55,55,65,62
17031381800,105,116,58,52,0.448275862,89,100,46,42,0.42,77,74,82,78
17031381900,75,89,40,37,0.415730337,72,83,37,34,0.409638554,90,89,111,86
17031390100,135,138,67,59,0.427536232,139,135,65,55,0.407407407,322,332,332,319
17031390200,135,139,73,65,0.467625899,122,114,60,49,0.429824561,118,136,122,128
17031390300,192,206,104,100,0.485436893,180,175,90,77,0.44,118,136,127,153
17031390400,157,169,84,79,0.467455621,162,161,79,71,0.440993789,87,123,99,138
17031390500,107,107,53,43,0.401869159,117,104,53,40,0.384615385,68,96,82,86
17031390600,128,137,61,53,0.386861314,136,124,62,49,0.39516129,102,96,94,108
17031390700,420,439,177,164,0.37357631,448,429,177,154,0.358974359,259,322,257,323
17031400300,136,137,77,66,0.481751825,129,133,69,60,0.45112782,90,83,88,104
17031400400,111,112,65,52,0.464285714,118,109,66,49,0.449541284,96,108,99,113
17031400500,128,132,77,66,0.5,131,123,73,57,0.463414634,90,101,72,108
17031400800,136,143,79,68,0.475524476,131,126,72,57,0.452380952,91,119,82,110
17031410100,300,327,123,127,0.388379205,307,320,122,127,0.396875,191,210,209,263
17031410200,108,100,44,38,0.38,119,104,48,41,0.394230769,1013,1029,1343,1369
17031410500,225,236,94,91,0.38559322,252,229,96,85,0.371179039,138,195,161,210
17031410600,193,197,73,69,0.350253807,256,211,89,74,0.3507109,130,158,148,195
17031410700,315,358,116,120,0.335195531,370,361,127,121,0.335180055,284,294,311,342
17031410800,549,538,208,205,0.381040892,617,573,226,213,0.371727749,378,459,400,474
17031410900,288,312,115,113,0.362179487,301,291,119,110,0.378006873,164,230,190,216
17031411000,458,448,148,137,0.305803571,585,536,161,146,0.27238806,282,385,255,454
17031411100,177,179,61,58,0.324022346,207,177,68,57,0.322033898,122,143,125,165
17031411200,426,364,119,111,0.304945055,270,228,83,72,0.315789474,700,777,765,778
17031420100,95,89,47,39,0.438202247,88,78,42,32,0.41025641,188,177,220,246
17031420200,146,138,67,57,0.413043478,115,111,54,45,0.405405405,87,100,93,110
17031420300,189,213,78,74,0.34741784,206,184,80,65,0.35326087,144,133,129,164
17031420400,165,154,69,61,0.396103896,173,137,68,53,0.386861314,138,128,96,106
17031420500,112,115,57,51,0.443478261,115,112,56,48,0.428571429,88,93,80,109
17031420600,109,116,58,52,0.448275862,112,108,55,48,0.444444444,76,95,75,81
17031420700,138,144,71,66,0.458333333,137,143,67,65,0.454545455,110,122,99,133
17031420800,126,133,66,60,0.45112782,126,125,65,53,0.424,98,106,91,101
17031421200,81,79,40,33,0.417721519,83,79,40,31,0.392405063,56,72,57,77
17031430101,160,170,77,73,0.429411765,169,160,81,70,0.4375,144,149,161,160
17031430102,124,121,61,50,0.41322314,137,122,66,51,0.418032787,82,99,100,125
17031430200,191,191,92,83,0.434554974,197,173,96,74,0.427745665,122,166,90,158
17031430300,118,110,58,48,0.436363636,125,105,60,44,0.419047619,76,91,78,118
17031430400,124,118,61,51,0.43220339,131,115,62,46,0.4,98,110,83,97
17031430500,148,145,74,63,0.434482759,156,135,74,57,0.422222222,89,126,79,128
17031430600,114,103,55,43,0.417475728,115,102,56,42,0.411764706,89,85,68,99
17031430700,110,106,52,43,0.405660377,113,98,54,40,0.408163265,87,104,77,88
17031430800,95,83,46,34,0.409638554,117,90,53,37,0.411111111,86,110,81,114
17031430900,97,87,47,36,0.413793103,102,82,48,33,0.402439024,250,256,283,298
17031431200,106,101,51,41,0.405940594,114,102,55,41,0.401960784,93,91,71,89
17031431301,112,107,54,44,0.411214953,126,106,58,43,0.405660377,90,97,81,91
17031431302,138,132,69,59,0.446969697,150,136,74,59,0.433823529,146,137,152,177
17031431400,179,180,87,77,0.427777778,179,172,84,75,0.436046512,270,300,295,322
17031440101,150,136,70,59,0.433823529,150,129,69,53,0.410852713,93,113,80,106
17031440102,146,137,66,58,0.423357664,153,130,67,53,0.407692308,116,129,138,153
17031440201,163,154,74,63,0.409090909,166,138,72,57,0.413043478,98,127,88,126
17031440202,153,132,69,56,0.424242424,151,127,67,51,0.401574803,126,148,127,155
17031440300,136,119,62,50,0.420168067,141,119,63,48,0.403361345,170,178,193,201
17031440600,103,85,46,35,0.411764706,103,83,47,33,0.397590361,93,105,111,116
17031440700,100,77,45,32,0.415584416,103,78,45,31,0.397435897,66,82,48,84
17031440800,99,80,46,34,0.425,103,79,44,32,0.405063291,61,88,63,89
17031440900,109,86,49,35,0.406976744,109,83,47,33,0.397590361,140,170,159,181
17031450300,127,113,59,47,0.415929204,122,103,55,44,0.427184466,116,124,104,112
17031460100,64,85,30,36,0.423529412,67,82,32,33,0.402439024,92,83,91,78
17031460200,58,75,27,30,0.4,54,75,27,30,0.4,84,56,79,70
17031460301,60,81,28,33,0.407407407,59,77,28,31,0.402597403,100,105,123,88
17031460302,73,96,36,40,0.416666667,73,93,37,38,0.408602151,135,115,163,159
17031460400,72,94,34,40,0.425531915,70,89,34,36,0.404494382,99,68,60,78
17031460500,116,140,53,58,0.414285714,115,132,53,55,0.416666667,111,113,144,121
17031460600,57,76,26,31,0.407894737,56,74,27,30,0.405405405,67,60,60,42
17031460700,56,76,26,32,0.421052632,59,77,27,31,0.402597403,85,46,77,72
17031461000,59,77,27,31,0.402597403,59,77,28,30,0.38961039,88,58,72,67
17031470100,117,100,53,43,0.43,86,88,37,36,0.409090909,138,154,182,167
17031480100,64,78,28,31,0.397435897,61,78,25,30,0.384615385,77,70,96,68
17031480200,61,78,26,31,0.397435897,61,76,26,30,0.394736842,69,61,57,65
17031480300,62,76,26,31,0.407894737,69,79,29,31,0.392405063,94,80,82,84
17031480400,94,114,38,45,0.394736842,84,99,35,40,0.404040404,114,118,90,106
17031480500,64,83,28,34,0.409638554,66,80,27,32,0.4,141,124,143,134
17031490300,72,81,33,33,0.407407407,64,79,30,31,0.392405063,73,55,65,62
17031490400,61,73,28,30,0.410958904,61,74,28,28,0.378378378,52,59,56,53
17031490500,110,103,50,45,0.436893204,80,87,35,35,0.402298851,116,119,100,100
17031490600,95,99,41,42,0.424242424,78,97,36,39,0.402061856,110,94,99,88
17031490700,72,84,34,35,0.416666667,68,79,32,33,0.417721519,70,64,66,57
17031490800,82,95,37,40,0.421052632,75,88,35,35,0.397727273,123,102,87,82
17031490901,87,101,39,42,0.415841584,76,88,34,35,0.397727273,104,97,86,97
17031490902,87,106,42,45,0.424528302,78,99,36,41,0.414141414,120,106,109,113
17031491000,90,100,42,43,0.43,87,96,41,40,0.416666667,112,92,108,99
17031491100,75,88,34,36,0.409090909,70,85,32,35,0.411764706,101,90,78,77
17031491200,68,79,31,32,0.405063291,65,77,29,30,0.38961039,90,77,82,66
17031491300,67,76,31,31,0.407894737,65,81,29,31,0.382716049,75,49,87,58
17031491400,85,97,38,40,0.412371134,78,89,35,37,0.415730337,104,75,73,60
17031500100,108,106,54,47,0.443396226,74,85,35,34,0.4,89,101,95,77
17031500200,128,122,61,53,0.43442623,106,108,50,45,0.416666667,112,108,114,114
17031500300,81,76,39,32,0.421052632,69,77,33,31,0.402597403,81,55,81,58
17031510100,60,73,28,30,0.410958904,65,70,32,27,0.385714286,87,84,76,70
17031510200,64,79,31,32,0.405063291,66,78,33,31,0.397435897,114,73,102,88
17031510300,119,138,57,60,0.434782609,113,128,55,55,0.4296875,140,143,127,128
17031520100,16,72,7,30,0.416666667,18,71,8,28,0.394366197,116,60,130,86
17031520200,17,74,7,31,0.418918919,18,73,8,30,0.410958904,70,34,81,35
17031520300,17,74,7,30,0.405405405,19,74,8,28,0.378378378,73,48,84,37
17031520400,17,72,7,29,0.402777778,16,74,7,29,0.391891892,96,34,73,27
17031520500,16,74,6,30,0.405405405,17,73,7,28,0.383561644,88,45,96,44
17031520600,17,73,7,30,0.410958904,18,73,7,29,0.397260274,97,38,73,43
17031530100,44,73,19,30,0.410958904,44,75,20,30,0.4,72,52,65,48
17031530200,59,91,27,38,0.417582418,61,87,27,35,0.402298851,108,94,117,89
17031530300,57,89,26,37,0.415730337,56,87,26,34,0.390804598,100,73,97,75
17031530400,45,77,20,31,0.402597403,45,77,20,30,0.38961039,97,62,79,57
17031530501,60,95,27,38,0.4,58,91,26,36,0.395604396,89,51,86,61
17031530502,43,74,20,31,0.418918919,43,74,20,30,0.405405405,114,90,98,94
17031530503,56,88,25,36,0.409090909,53,83,24,32,0.385542169,70,52,77,63
17031530600,46,80,20,33,0.4125,47,80,21,33,0.4125,79,57,94,48
17031540101,66,89,32,38,0.426966292,63,88,30,36,0.409090909,110,72,93,83
17031540102,58,81,28,33,0.407407407,65,81,32,33,0.407407407,139,122,150,133
17031550100,27,76,11,31,0.407894737,26,74,11,29,0.391891892,94,47,84,69
17031550200,27,76,11,32,0.421052632,26,73,11,29,0.397260274,101,62,94,54
17031560100,76,75,20,32,0.426666667,73,75,20,29,0.386666667,84,64,85,67
17031560200,77,75,22,31,0.413333333,72,76,20,31,0.407894737,1,1,0,1
17031560300,77,80,21,34,0.425,74,79,20,30,0.379746835,79,95,86,87
17031560400,75,75,20,31,0.413333333,74,74,21,28,0.378378378,67,70,77,68
17031560700,80,80,22,32,0.4,76,81,22,32,0.395061728,130,101,116,105
17031560800,86,84,24,34,0.404761905,83,89,23,33,0.370786517,79,87,85,68
17031560900,79,79,21,32,0.405063291,81,87,22,31,0.356321839,163,140,150,142
17031561000,78,76,20,31,0.407894737,80,83,22,31,0.373493976,85,84,97,104
17031561100,82,81,22,33,0.407407407,76,81,21,31,0.382716049,89,88,93,81
17031570100,93,91,45,39,0.428571429,78,82,37,34,0.414634146,98,113,117,119
17031570200,115,105,56,47,0.447619048,83,89,40,36,0.404494382,115,107,115,98
17031570300,116,136,59,59,0.433823529,110,120,51,52,0.433333333,114,110,125,119
17031570400,102,81,52,34,0.419753086,73,77,35,30,0.38961039,81,73,64,68
17031570500,101,96,47,41,0.427083333,81,94,37,39,0.414893617,174,162,177,169
17031580100,103,103,57,45,0.436893204,101,100,53,43,0.43,137,124,155,171
17031580200,86,95,48,42,0.442105263,90,89,46,37,0.415730337,110,87,106,116
17031580300,77,79,43,32,0.405063291,84,76,42,30,0.394736842,91,79,72,77
17031580400,114,119,63,54,0.453781513,122,108,62,45,0.416666667,103,108,102,143
17031580501,108,120,60,55,0.458333333,105,109,55,47,0.431192661,97,88,97,96
17031580502,107,111,59,50,0.45045045,108,104,56,44,0.423076923,130,102,117,116
17031580600,103,117,57,53,0.452991453,110,109,55,47,0.431192661,187,195,252,261
17031580700,105,119,59,53,0.445378151,113,114,56,47,0.412280702,105,110,118,116
17031580800,77,77,42,31,0.402597403,82,77,43,31,0.402597403,76,58,53,76
17031590500,104,109,51,46,0.422018349,107,104,50,42,0.403846154,90,84,85,96
17031590600,100,103,50,44,0.427184466,104,94,49,37,0.393617021,168,172,202,183
17031590700,126,122,59,51,0.418032787,146,133,61,49,0.368421053,87,108,95,121
17031600400,134,159,68,67,0.421383648,155,158,68,65,0.411392405,104,120,104,106
17031600600,122,128,58,55,0.4296875,149,146,61,56,0.383561644,165,145,215,218
17031600700,110,119,54,51,0.428571429,135,134,54,51,0.380597015,111,83,127,114
17031600900,171,193,83,80,0.414507772,201,202,81,80,0.396039604,134,136,148,156
17031610300,147,164,81,76,0.463414634,144,155,74,70,0.451612903,175,166,191,186
17031610400,57,79,31,33,0.417721519,57,78,29,31,0.397435897,93,52,73,63
17031610800,59,79,32,32,0.405063291,61,78,31,29,0.371794872,79,71,81,90
17031611000,58,75,31,31,0.413333333,60,77,30,30,0.38961039,68,51,63,47
17031611100,59,79,32,33,0.417721519,63,80,33,32,0.4,128,128,147,135
17031611200,63,82,36,36,0.43902439,66,83,33,34,0.409638554,82,62,83,58
17031611300,68,89,37,39,0.438202247,70,88,36,37,0.420454545,66,67,72,55
17031611400,66,86,36,36,0.418604651,67,84,34,36,0.428571429,111,76,84,72
17031611500,105,112,55,51,0.455357143,75,97,39,42,0.432989691,95,71,84,84
17031611600,57,73,31,30,0.410958904,58,76,29,31,0.407894737,190,160,168,151
17031611700,60,78,32,33,0.423076923,58,77,30,30,0.38961039,85,52,59,57
17031611800,60,79,33,33,0.417721519,61,77,32,32,0.415584416,92,56,75,45
17031611900,67,85,36,36,0.423529412,63,79,33,32,0.405063291,67,72,60,61
17031612000,58,76,32,31,0.407894737,61,75,31,31,0.413333333,98,63,85,75
17031612100,57,77,31,31,0.402597403,57,76,29,30,0.394736842,70,65,67,69
17031620100,85,98,45,43,0.43877551,99,103,48,44,0.427184466,95,112,121,122
17031620200,75,89,39,38,0.426966292,78,84,38,34,0.404761905,89,69,64,73
17031620300,94,104,46,43,0.413461538,97,101,46,41,0.405940594,158,148,200,184
17031620400,76,94,39,40,0.425531915,82,87,39,35,0.402298851,124,120,127,129
17031630100,69,76,37,31,0.407894737,70,77,35,31,0.402597403,83,77,75,55
17031630200,70,77,38,33,0.428571429,75,79,37,31,0.392405063,129,129,139,151
17031630300,112,117,60,53,0.452991453,106,106,52,45,0.424528302,138,133,162,151
17031630400,91,110,50,46,0.418181818,102,105,51,44,0.419047619,110,123,88,119
17031630500,85,103,46,44,0.427184466,90,95,44,39,0.410526316,87,80,91,104
17031630800,102,114,57,51,0.447368421,108,108,54,44,0.407407407,125,98,83,95
17031630900,83,97,44,42,0.432989691,87,93,45,39,0.419354839,74,99,70,76
17031640100,71,77,25,32,0.415584416,56,76,19,31,0.407894737,76,60,70,52
17031640300,48,85,19,34,0.4,55,82,20,31,0.37804878,95,74,103,71
17031640400,40,76,16,31,0.407894737,43,73,15,28,0.383561644,104,77,90,94
17031640500,39,77,15,32,0.415584416,45,76,16,29,0.381578947,0,0,0,0
17031640600,40,77,16,31,0.402597403,44,78,16,30,0.384615385,0,0,0,0
17031640700,42,79,17,32,0.405063291,45,78,16,31,0.397435897,0,0,0,0
17031640800,38,74,15,30,0.405405405,42,75,15,29,0.386666667,75,34,73,46
17031650100,94,96,47,40,0.416666667,89,84,42,33,0.392857143,75,84,102,101
17031650200,98,114,50,48,0.421052632,110,113,51,46,0.407079646,97,114,103,109
17031650301,84,96,43,39,0.40625,92,92,44,36,0.391304348,91,79,117,109
17031650302,79,86,41,36,0.418604651,82,81,39,33,0.407407407,120,121,113,109
17031650400,87,97,46,42,0.432989691,92,90,45,35,0.388888889,70,82,81,86
17031650500,156,141,80,63,0.446808511,147,137,70,57,0.416058394,147,153,189,182
17031660301,77,77,41,32,0.415584416,81,78,41,31,0.397435897,83,68,79,66
17031660302,89,93,49,39,0.419354839,92,94,47,39,0.414893617,130,127,151,163
17031660400,88,92,47,39,0.423913043,91,87,46,36,0.413793103,82,68,70,77
17031660500,85,90,45,38,0.422222222,88,84,46,34,0.404761905,76,98,101,93
17031660600,115,129,61,57,0.441860465,120,121,61,52,0.429752066,90,108,95,87
17031660700,82,87,44,37,0.425287356,86,83,44,35,0.421686747,73,67,68,68
17031660800,106,114,57,50,0.438596491,110,105,57,44,0.419047619,137,149,119,155
17031660900,132,137,69,64,0.467153285,111,110,58,50,0.454545455,108,112,117,123
17031661000,111,117,60,53,0.452991453,114,108,58,49,0.453703704,96,126,90,102
17031661100,89,99,47,42,0.424242424,95,93,49,39,0.419354839,94,91,102,100
17031670100,44,76,24,31,0.407894737,44,76,22,31,0.407894737,172,124,174,141
17031670200,44,76,24,32,0.421052632,46,77,24,31,0.402597403,75,47,73,55
17031670300,47,77,25,32,0.415584416,46,75,24,31,0.413333333,87,54,62,50
17031670400,45,76,24,32,0.421052632,46,75,25,29,0.386666667,79,62,81,60
17031670500,44,74,24,31,0.418918919,47,73,25,29,0.397260274,125,106,122,121
17031670600,57,90,30,39,0.433333333,46,74,24,29,0.391891892,77,40,72,40
17031670700,45,75,24,30,0.4,45,75,23,31,0.413333333,59,39,51,35
17031670800,46,77,25,32,0.415584416,47,76,25,30,0.394736842,73,84,82,41
17031670900,43,74,23,30,0.405405405,44,76,24,29,0.381578947,64,61,73,58
17031671100,48,79,26,33,0.417721519,45,79,24,32,0.405063291,79,56,66,47
17031671200,45,77,24,32,0.415584416,49,75,27,29,0.386666667,84,52,68,55
17031671300,50,80,26,34,0.425,51,80,27,32,0.4,102,54,90,76
17031671400,44,77,24,32,0.415584416,44,76,24,32,0.421052632,107,90,132,129
17031671500,66,99,36,43,0.434343434,66,98,35,42,0.428571429,100,74,72,61
17031671600,49,82,26,33,0.402439024,53,81,28,33,0.407407407,90,63,78,47
17031671800,46,77,25,32,0.415584416,45,74,24,29,0.391891892,118,76,101,81
17031671900,44,74,23,30,0.405405405,44,77,22,31,0.402597403,81,50,67,54
17031672000,65,100,35,43,0.43,63,92,33,37,0.402173913,125,98,118,109
17031680500,76,78,41,33,0.423076923,75,77,39,31,0.402597403,61,67,79,64
17031680600,74,74,40,31,0.418918919,76,75,39,29,0.386666667,71,60,71,69
17031680900,217,198,110,96,0.484848485,138,140,73,63,0.45,179,216,179,181
17031681000,103,105,55,49,0.466666667,93,96,49,40,0.416666667,99,96,92,87
17031681100,104,111,55,48,0.432432432,98,103,51,43,0.417475728,95,103,63,96
17031681200,101,105,53,45,0.428571429,94,95,49,39,0.410526316,124,128,107,122
17031681300,88,90,46,38,0.422222222,90,89,47,37,0.415730337,72,87,103,63
17031681400,92,95,49,41,0.431578947,84,88,44,35,0.397727273,84,65,71,73
17031690300,125,122,59,56,0.459016393,112,116,53,52,0.448275862,119,97,91,101
17031690400,126,121,63,53,0.438016529,128,112,62,48,0.428571429,106,107,94,127
17031690500,85,74,42,30,0.405405405,90,75,44,29,0.386666667,76,81,66,70
17031690900,134,133,66,56,0.421052632,130,123,63,53,0.430894309,85,95,89,98
17031691000,116,111,57,46,0.414414414,114,101,56,42,0.415841584,157,162,179,188
17031691100,119,111,60,49,0.441441441,119,106,58,47,0.443396226,110,116,128,146
17031691200,163,141,78,62,0.439716312,149,131,73,57,0.435114504,182,167,202,207
17031691300,126,114,60,49,0.429824561,119,108,55,44,0.407407407,91,86,87,103
17031691400,145,139,70,60,0.431654676,147,129,69,55,0.426356589,103,145,126,115
17031691500,110,95,52,41,0.431578947,105,94,49,37,0.393617021,97,101,98,96
17031700100,85,93,41,39,0.419354839,69,84,33,34,0.404761905,139,124,105,119
17031700200,71,90,35,38,0.422222222,71,85,33,35,0.411764706,148,128,141,121
17031700301,67,87,33,36,0.413793103,65,83,31,32,0.385542169,101,90,106,98
17031700302,66,81,32,33,0.407407407,63,81,30,31,0.382716049,99,86,112,81
17031700401,82,99,40,42,0.424242424,70,89,32,35,0.393258427,96,87,80,84
17031700402,71,85,36,36,0.423529412,69,83,33,34,0.409638554,85,57,87,85
17031700501,100,117,49,50,0.427350427,89,103,40,41,0.398058252,115,112,90,104
17031700502,65,81,31,33,0.407407407,62,78,30,29,0.371794872,100,88,113,78
17031710100,67,77,32,32,0.415584416,70,75,32,30,0.4,83,48,63,66
17031710200,118,133,59,59,0.443609023,132,136,62,59,0.433823529,179,170,229,209
17031710300,72,82,35,34,0.414634146,76,86,36,36,0.418604651,76,61,63,91
17031710400,107,118,53,50,0.423728814,109,113,52,47,0.415929204,108,104,103,120
17031710500,103,112,47,46,0.410714286,94,102,44,41,0.401960784,127,91,99,97
17031710600,72,82,34,33,0.402439024,75,83,36,34,0.409638554,72,65,68,74
17031710700,89,104,42,42,0.403846154,91,99,42,41,0.414141414,159,158,159,175
17031710800,139,158,68,69,0.436708861,120,134,57,56,0.417910448,114,115,103,97
17031710900,75,83,37,35,0.421686747,76,80,36,32,0.4,122,92,117,106
17031711000,90,101,42,43,0.425742574,89,96,39,37,0.385416667,86,81,57,59
17031711100,76,85,36,35,0.411764706,82,83,39,34,0.409638554,112,82,85,82
17031711200,97,106,45,43,0.405660377,93,99,44,40,0.404040404,117,101,129,118
17031711300,67,76,32,31,0.407894737,69,76,31,29,0.381578947,66,53,81,71
17031711400,87,98,40,41,0.418367347,80,87,38,35,0.402298851,94,77,81,72
17031711500,74,84,34,34,0.404761905,78,82,37,34,0.414634146,92,88,93,78
17031720100,44,80,13,32,0.4,52,80,12,29,0.3625,117,78,129,107
17031720200,49,86,14,35,0.406976744,54,80,14,32,0.4,99,69,74,60
17031720300,46,82,13,33,0.402439024,58,83,12,31,0.373493976,89,51,87,56
17031720400,37,75,11,30,0.4,48,77,11,29,0.376623377,78,40,80,48
17031720500,41,77,11,30,0.38961039,75,120,11,32,0.266666667,88,65,178,98
17031720600,38,73,10,30,0.410958904,47,79,11,29,0.367088608,70,45,74,44
17031720700,43,80,13,31,0.3875,50,81,11,31,0.382716049,103,68,81,59
17031730100,67,81,31,34,0.419753086,71,82,31,34,0.414634146,81,75,83,71
17031730201,110,129,51,54,0.418604651,105,123,45,52,0.422764228,130,110,127,110
17031730202,75,89,35,37,0.415730337,74,88,33,36,0.409090909,104,90,107,99
17031730300,64,75,29,31,0.413333333,64,78,29,30,0.384615385,90,73,87,77
17031730400,88,99,37,41,0.414141414,76,82,34,33,0.402439024,96,115,90,87
17031730500,85,106,40,44,0.41509434,82,96,38,39,0.40625,108,103,124,125
17031730600,71,90,32,36,0.4,76,88,33,34,0.386363636,89,77,83,92
17031730700,71,81,32,34,0.419753086,68,81,30,32,0.395061728,78,92,77,67
17031740100,24,75,6,30,0.4,46,81,7,30,0.37037037,92,44,104,68
17031740200,29,79,7,31,0.392405063,62,89,9,31,0.348314607,85,49,133,102
17031740300,27,76,6,30,0.394736842,65,103,8,31,0.300970874,106,50,147,95
17031740400,29,76,7,31,0.407894737,57,88,9,31,0.352272727,74,44,126,84
17031750100,58,90,23,36,0.4,62,81,25,34,0.419753086,106,78,90,78
17031750200,59,82,24,33,0.402439024,56,81,20,32,0.395061728,106,87,101,67
17031750300,47,75,18,30,0.4,62,82,19,29,0.353658537,89,55,85,64
17031750400,48,74,18,31,0.418918919,60,80,19,29,0.3625,107,76,105,98
17031750500,106,131,42,53,0.404580153,103,124,39,46,0.370967742,145,99,89,103
17031750600,59,82,24,34,0.414634146,58,82,22,34,0.414634146,107,60,92,73
17031760801,387,222,53,52,0.234234234,263,146,40,42,0.287671233,153,311,123,184
17031760802,220,75,23,30,0.4,179,76,23,30,0.394736842,253,324,201,259
17031760803,226,88,26,34,0.386363636,197,90,28,32,0.355555556,283,354,199,265
17031770602,227,81,24,31,0.382716049,189,82,25,29,0.353658537,468,478,455,467
17031770902,215,72,22,29,0.402777778,175,74,22,29,0.391891892,107,232,129,169
17031810400,65,82,17,32,0.390243902,75,85,16,29,0.341176471,147,151,123,127
17031821402,41,74,18,31,0.418918919,43,73,20,28,0.383561644,45,37,41,34
17031823304,45,73,18,29,0.397260274,49,77,18,30,0.38961039,136,88,157,137
17031830500,88,108,48,49,0.453703704,77,89,38,36,0.404494382,106,104,130,98
17031830600,285,281,101,105,0.37366548,419,409,114,121,0.295843521,226,249,494,383
17031830700,682,690,203,210,0.304347826,852,942,204,227,0.240976645,1477,1365,1790,1656
17031830800,379,348,89,95,0.272988506,480,436,97,97,0.222477064,412,422,397,435
17031830900,913,881,282,282,0.320090806,1111,1113,276,282,0.253369272,795,803,912,972
17031831000,476,529,106,127,0.240075614,887,1030,134,168,0.163106796,1196,1129,2092,1812
17031831100,499,524,158,162,0.309160305,711,774,181,191,0.246770026,601,512,853,765
17031831200,125,138,52,57,0.413043478,132,132,51,51,0.386363636,279,278,279,276
17031831300,99,113,50,48,0.424778761,109,116,55,47,0.405172414,106,89,84,88
17031831400,144,135,72,61,0.451851852,115,111,56,47,0.423423423,240,237,235,235
17031831500,137,139,62,60,0.431654676,157,155,67,65,0.419354839,121,131,136,115
17031831600,116,131,51,54,0.41221374,128,131,52,51,0.389312977,159,159,194,193
17031831700,98,113,36,43,0.380530973,113,121,36,43,0.355371901,106,82,89,110
17031831800,311,275,126,119,0.432727273,235,213,82,76,0.356807512,358,442,321,360
17031831900,474,487,103,119,0.244353183,823,817,141,152,0.186046512,539,481,748,696
17031832000,563,529,108,109,0.206049149,1422,1652,197,235,0.142251816,751,556,2058,1592
17031832100,430,478,112,122,0.255230126,726,740,153,160,0.216216216,368,408,595,715
17031832200,500,525,124,128,0.243809524,771,799,140,143,0.178973717,532,492,837,799
17031832300,760,791,193,219,0.276864728,1027,1015,203,218,0.214778325,653,652,944,928
17031832400,338,369,90,99,0.268292683,486,530,99,117,0.220754717,338,310,433,440
17031832500,902,900,245,258,0.286666667,1229,1204,246,254,0.210963455,842,877,1017,1180
17031832600,1127,1277,241,284,0.222396241,1806,1937,298,340,0.175529169,1373,1248,1662,1765
17031832900,341,323,144,124,0.383900929,381,325,139,115,0.353846154,300,397,344,428
17031833000,5626,5863,1122,1128,0.192392973,6295,6465,874,931,0.144006187,7510,5754,8017,6594
17031833100,2124,2547,546,586,0.230074598,2509,2522,490,459,0.181998414,1862,1947,2010,2286
17031833300,606,568,235,201,0.353873239,659,581,221,179,0.308089501,609,698,723,780
17031833900,60,79,27,33,0.417721519,57,79,26,32,0.405063291,103,70,71,86
17031834000,114,144,55,64,0.444444444,102,127,46,55,0.433070866,187,156,169,163
17031834200,199,195,93,82,0.420512821,200,184,92,77,0.418478261,111,148,120,149
17031834300,176,163,85,71,0.435582822,171,151,80,64,0.42384106,156,191,182,239
17031834400,164,165,83,76,0.460606061,157,152,76,65,0.427631579,211,226,237,281
17031834500,92,87,54,38,0.436781609,97,86,54,37,0.430232558,267,256,288,309
17031834600,124,131,67,62,0.473282443,107,124,57,55,0.443548387,142,134,159,152
17031834700,89,91,47,40,0.43956044,84,87,44,36,0.413793103,81,95,64,77
17031834800,95,93,50,40,0.430107527,85,85,45,35,0.411764706,93,77,85,93
17031834900,52,80,28,33,0.4125,53,83,29,35,0.421686747,129,105,131,131
17031835000,126,131,70,61,0.465648855,121,120,62,55,0.458333333,88,106,82,90
17031835100,95,109,51,47,0.431192661,94,98,47,41,0.418367347,88,84,74,77
17031835200,98,90,26,36,0.4,93,91,26,36,0.395604396,385,389,462,470
17031835500,113,100,67,47,0.47,116,102,64,43,0.421568627,139,152,178,176
17031835600,132,127,75,60,0.472440945,118,116,67,53,0.456896552,153,113,140,141
17031835700,62,75,33,30,0.4,65,73,33,28,0.383561644,75,58,64,66
17031835800,107,126,57,54,0.428571429,116,125,56,50,0.4,320,314,337,359
17031835900,203,221,107,102,0.461538462,194,206,94,90,0.436893204,142,140,137,161
17031836000,133,141,71,64,0.453900709,115,121,59,51,0.421487603,88,93,76,96
17031836100,149,138,82,63,0.456521739,142,131,73,56,0.427480916,235,250,283,279
17031836200,1106,1031,321,336,0.325897187,660,605,188,174,0.287603306,798,833,541,618
17031836300,127,122,53,48,0.393442623,146,130,60,50,0.384615385,94,101,103,131
17031836400,176,187,99,89,0.475935829,166,167,87,70,0.419161677,105,137,99,125
17031836500,91,97,53,43,0.443298969,85,87,47,36,0.413793103,84,73,73,68
17031836600,170,182,72,73,0.401098901,185,188,71,66,0.35106383,113,153,125,125
17031836700,193,180,83,76,0.422222222,173,144,62,53,0.368055556,151,184,169,177
17031836800,134,148,64,63,0.425675676,167,168,67,62,0.369047619,204,207,211,256
17031836900,72,87,37,35,0.402298851,73,83,37,34,0.409638554,80,58,77,73
17031837000,98,110,50,47,0.427272727,90,98,46,39,0.397959184,72,91,70,78
17031837100,171,181,74,72,0.397790055,121,134,52,50,0.373134328,256,283,224,218
17031837300,95,113,50,50,0.442477876,88,97,45,41,0.422680412,87,79,66,76
17031837400,103,115,50,49,0.426086957,97,109,47,46,0.422018349,284,282,300,285
17031837800,495,424,188,154,0.363207547,425,366,137,112,0.306010929,301,365,312,348
17031838000,379,383,160,138,0.360313316,324,342,112,99,0.289473684,524,485,439,364
17031838100,1507,991,356,289,0.291624622,1327,831,238,180,0.216606498,1112,1340,824,1122
17031838200,1448,1232,512,490,0.397727273,567,493,237,216,0.438133874,1035,1454,831,1022
17031838300,511,527,138,136,0.258064516,587,540,119,104,0.192592593,467,506,548,638
17031838600,79,85,44,37,0.435294118,79,82,44,34,0.414634146,81,71,62,62
17031838700,150,159,86,77,0.48427673,136,137,77,65,0.474452555,99,142,101,115
17031838800,80,91,39,40,0.43956044,79,88,39,37,0.420454545,154,136,136,146
17031839000,1940,1923,592,477,0.248049922,2236,2141,569,462,0.215787015,1750,1937,2114,2219
17031839100,15587,12453,3109,2678,0.215048583,7602,7082,1275,1222,0.172550127,14238,17597,7594,8797
17031839200,263,270,152,131,0.485185185,214,208,108,91,0.4375,263,337,351,393
17031839500,125,127,70,58,0.456692913,129,126,65,51,0.404761905,125,129,132,153
17031839600,140,131,75,58,0.442748092,124,117,63,49,0.418803419,96,106,94,83
17031839700,254,280,115,110,0.392857143,313,307,117,104,0.338762215,288,300,400,457
17031839800,128,147,62,61,0.414965986,163,160,68,60,0.375,121,106,119,122
17031839900,193,206,84,80,0.388349515,198,198,67,63,0.318181818,158,192,267,277
17031840000,94,105,43,41,0.39047619,111,111,42,40,0.36036036,241,224,252,259
17031840100,116,131,59,57,0.435114504,123,119,52,49,0.411764706,82,98,81,96
17031840200,138,153,67,68,0.444444444,154,162,62,63,0.388888889,132,115,107,120
17031840300,120,118,59,52,0.440677966,131,122,63,50,0.409836066,117,151,134,125
17031840400,174,175,91,81,0.462857143,176,176,88,78,0.443181818,116,143,134,134
17031840700,150,170,82,78,0.458823529,153,164,77,73,0.445121951,107,114,119,141
17031840800,64,85,34,35,0.411764706,67,80,33,32,0.4,84,58,60,64
17031841000,916,860,231,203,0.236046512,1191,1182,268,255,0.215736041,807,952,1165,1279
17031841100,747,781,264,255,0.326504481,1227,1237,363,325,0.262732417,875,690,1259,1098
17031841200,267,297,129,125,0.420875421,337,313,146,126,0.402555911,175,222,219,283
17031841300,309,300,161,144,0.48,302,274,133,115,0.419708029,243,283,280,246
17031841400,81,86,46,37,0.430232558,78,84,42,34,0.404761905,74,73,73,68
17031841500,119,127,68,60,0.472440945,101,109,59,50,0.458715596,88,100,82,92
17031841600,71,76,40,30,0.394736842,73,74,41,29,0.391891892,61,70,58,54
17031841700,68,83,37,34,0.409638554,72,81,36,32,0.395061728,71,52,66,60
17031841800,138,128,64,56,0.4375,115,104,55,43,0.413461538,214,247,250,252
17031841900,2311,2196,850,821,0.373861566,1937,1899,630,630,0.331753555,3088,3269,2584,2680
17031842000,309,289,154,129,0.446366782,230,207,110,90,0.434782609,217,240,131,196
17031842100,157,159,72,70,0.440251572,149,150,62,63,0.42,257,268,290,310
17031842200,2455,2390,621,605,0.253138075,2648,2802,484,499,0.178087081,2431,2443,2971,2735
17031842300,1345,1443,322,319,0.221067221,1736,1770,311,307,0.173446328,1776,1685,2305,2172
17031842400,404,369,183,165,0.447154472,354,347,163,145,0.417867435,312,335,264,281
17031842500,116,104,58,44,0.423076923,114,99,56,42,0.424242424,192,185,229,252
17031842600,191,203,98,94,0.463054187,154,172,69,71,0.412790698,166,149,135,148
17031842800,174,183,90,85,0.464480874,142,155,72,70,0.451612903,142,138,124,118
17031842900,464,412,215,183,0.444174757,372,351,158,137,0.39031339,451,541,563,658
17031843000,178,174,98,83,0.477011494,142,143,81,66,0.461538462,117,126,107,116
17031843100,131,125,72,59,0.472,96,103,53,46,0.446601942,124,128,126,118
17031843200,317,301,144,124,0.411960133,265,254,108,99,0.38976378,345,365,369,373
17031843300,216,202,99,95,0.47029703,104,107,58,49,0.457943925,152,173,80,88
17031843400,74,80,41,33,0.4125,74,82,40,33,0.402439024,78,70,71,58
17031843500,139,124,62,52,0.419354839,85,94,45,40,0.425531915,115,110,114,121
17031843600,204,246,112,117,0.475609756,191,227,99,99,0.436123348,126,180,167,152
17031843700,499,472,146,158,0.334745763,516,494,127,137,0.277327935,492,537,501,559
17031843800,72,87,38,36,0.413793103,65,80,33,32,0.4,80,74,99,84
17031843900,183,197,87,84,0.426395939,179,181,82,77,0.425414365,265,286,304,318
17031980000,6308,4702,331,513,0.10910251,5145,3832,400,558,0.145615866,7136,7468,4687,5906
17031980100,2075,1843,146,200,0.108518719,1770,1584,157,222,0.140151515,2036,1823,1374,1508
